Mine,ForecastYear,Horizonte,Pred,Naive_Pred,Lower,Upper,Origin_Prod,Mine_Size,Size_Label,Company_Size,Segment
andacollo,2026,1,34.1,50.5,10.2,55.7,50.5,1,Medium,1,SM
andacollo,2027,2,28.7,50.5,9.9,55.4,50.5,1,Medium,1,SM
andacollo,2028,3,27.3,50.5,10.2,57.0,50.5,1,Medium,1,SM
andacollo,2029,4,22.9,50.5,9.9,55.3,50.5,1,Medium,1,SM
andacollo,2030,5,15.3,50.5,8.8,53.1,50.5,1,Medium,1,SM
andacollo,2031,6,13.2,50.5,9.0,53.7,50.5,1,Medium,1,SM
andacollo,2032,7,13.0,50.5,8.7,53.5,50.5,1,Medium,1,SM
andina,2026,1,171.8,181.6,161.4,184.1,181.6,3,Colossal,2,LC
andina,2027,2,167.3,181.6,159.0,180.3,181.6,3,Colossal,2,LC
andina,2028,3,178.6,181.6,154.4,178.8,181.6,3,Colossal,2,LC
andina,2029,4,174.0,181.6,146.1,173.5,181.6,3,Colossal,2,LC
andina,2030,5,164.9,181.6,138.5,167.2,181.6,3,Colossal,2,LC
andina,2031,6,155.9,181.6,134.2,164.4,181.6,3,Colossal,2,LC
andina,2032,7,148.8,181.6,130.8,164.2,181.6,3,Colossal,2,LC
antucoya,2026,1,75.8,81.2,73.3,83.1,81.2,1,Medium,1,SM
antucoya,2027,2,73.2,81.2,69.6,81.5,81.2,1,Medium,1,SM
antucoya,2028,3,74.5,81.2,68.5,79.0,81.2,1,Medium,1,SM
antucoya,2029,4,72.9,81.2,64.8,77.1,81.2,1,Medium,1,SM
antucoya,2030,5,68.8,81.2,58.9,74.2,81.2,1,Medium,1,SM
antucoya,2031,6,59.1,81.2,56.7,72.7,81.2,1,Medium,1,SM
antucoya,2032,7,59.3,81.2,53.0,71.7,81.2,1,Medium,1,SM
atacama kozan,2026,1,11.9,11.6,12.0,12.7,11.6,0,Small,1,SM
atacama kozan,2027,2,11.5,11.6,11.9,12.4,11.6,0,Small,1,SM
atacama kozan,2028,3,12.2,11.6,11.4,12.2,11.6,0,Small,1,SM
atacama kozan,2029,4,11.9,11.6,10.9,11.2,11.6,0,Small,1,SM
atacama kozan,2030,5,10.7,11.6,10.1,10.2,11.6,0,Small,1,SM
atacama kozan,2031,6,9.5,11.6,9.4,9.9,11.6,0,Small,1,SM
atacama kozan,2032,7,8.1,11.6,8.8,9.9,11.6,0,Small,1,SM
candelaria,2026,1,123.8,125.2,115.1,131.4,125.2,2,Large,1,LC
candelaria,2027,2,113.2,125.2,109.8,130.3,125.2,2,Large,1,LC
candelaria,2028,3,110.7,125.2,106.8,125.6,125.2,2,Large,1,LC
candelaria,2029,4,109.2,125.2,101.4,125.3,125.2,2,Large,1,LC
candelaria,2030,5,109.7,125.2,100.4,123.3,125.2,2,Large,1,LC
candelaria,2031,6,104.4,125.2,100.0,122.4,125.2,2,Large,1,LC
candelaria,2032,7,103.4,125.2,97.2,119.7,125.2,2,Large,1,LC
capstone copper (4),2026,1,173.0,157.0,132.7,230.7,157.0,2,Large,0,LC
capstone copper (4),2027,2,174.3,157.0,131.1,228.9,157.0,2,Large,0,LC
capstone copper (4),2028,3,171.9,157.0,122.2,222.6,157.0,2,Large,0,LC
capstone copper (4),2029,4,182.8,157.0,127.0,216.9,157.0,2,Large,0,LC
capstone copper (4),2030,5,175.5,157.0,126.4,214.0,157.0,2,Large,0,LC
capstone copper (4),2031,6,185.6,157.0,129.7,214.3,157.0,2,Large,0,LC
capstone copper (4),2032,7,178.9,157.0,127.2,214.6,157.0,2,Large,0,LC
caserones,2026,1,128.8,132.9,111.6,132.4,132.9,2,Large,1,LC
caserones,2027,2,120.3,132.9,109.2,131.2,132.9,2,Large,1,LC
caserones,2028,3,115.0,132.9,105.0,129.7,132.9,2,Large,1,LC
caserones,2029,4,112.5,132.9,105.6,129.2,132.9,2,Large,1,LC
caserones,2030,5,116.4,132.9,106.8,127.3,132.9,2,Large,1,LC
caserones,2031,6,116.4,132.9,110.4,125.3,132.9,2,Large,1,LC
caserones,2032,7,112.7,132.9,110.2,125.0,132.9,2,Large,1,LC
centinela_centinela_sulfuros_,2026,1,156.3,174.3,161.1,174.3,174.3,3,Colossal,1,LC
centinela_centinela_sulfuros_,2027,2,161.8,174.3,159.3,174.1,174.3,3,Colossal,1,LC
centinela_centinela_sulfuros_,2028,3,149.5,174.3,153.9,170.8,174.3,3,Colossal,1,LC
centinela_centinela_sulfuros_,2029,4,151.5,174.3,147.9,167.4,174.3,3,Colossal,1,LC
centinela_centinela_sulfuros_,2030,5,142.2,174.3,140.7,166.3,174.3,3,Colossal,1,LC
centinela_centinela_sulfuros_,2031,6,151.8,174.3,138.3,164.9,174.3,3,Colossal,1,LC
centinela_centinela_sulfuros_,2032,7,139.6,174.3,135.0,165.4,174.3,3,Colossal,1,LC
centinela_centinela_óxidos_,2026,1,76.0,66.1,64.7,96.6,66.1,2,Large,1,LC
centinela_centinela_óxidos_,2027,2,72.1,66.1,63.2,95.6,66.1,2,Large,1,LC
centinela_centinela_óxidos_,2028,3,76.7,66.1,62.3,95.6,66.1,2,Large,1,LC
centinela_centinela_óxidos_,2029,4,74.4,66.1,59.8,95.4,66.1,2,Large,1,LC
centinela_centinela_óxidos_,2030,5,80.8,66.1,60.7,93.1,66.1,2,Large,1,LC
centinela_centinela_óxidos_,2031,6,85.3,66.1,60.3,92.7,66.1,2,Large,1,LC
centinela_centinela_óxidos_,2032,7,85.5,66.1,60.8,91.0,66.1,2,Large,1,LC
cerro negro,2026,1,4.0,4.1,3.8,4.0,4.1,0,Small,1,SM
cerro negro,2027,2,3.8,4.1,3.6,3.9,4.1,0,Small,1,SM
cerro negro,2028,3,3.9,4.1,2.4,3.8,4.1,0,Small,1,SM
cerro negro,2029,4,3.7,4.1,2.3,3.6,4.1,0,Small,1,SM
cerro negro,2030,5,3.4,4.1,2.3,3.4,4.1,0,Small,1,SM
cerro negro,2031,6,3.2,4.1,2.2,3.3,4.1,0,Small,1,SM
cerro negro,2032,7,3.0,4.1,2.2,3.4,4.1,0,Small,1,SM
chuquicamata,2026,1,256.2,265.8,250.3,311.5,265.8,3,Colossal,2,LC
chuquicamata,2027,2,247.5,265.8,242.3,306.2,265.8,3,Colossal,2,LC
chuquicamata,2028,3,237.4,265.8,234.2,298.7,265.8,3,Colossal,2,LC
chuquicamata,2029,4,241.7,265.8,225.5,302.4,265.8,3,Colossal,2,LC
chuquicamata,2030,5,231.2,265.8,220.4,294.8,265.8,3,Colossal,2,LC
chuquicamata,2031,6,223.0,265.8,212.6,292.0,265.8,3,Colossal,2,LC
chuquicamata,2032,7,221.6,265.8,211.2,291.3,265.8,3,Colossal,2,LC
collahuasi,2026,1,559.1,406.0,421.2,531.5,406.0,3,Colossal,2,LC
collahuasi,2027,2,519.7,406.0,406.8,510.2,406.0,3,Colossal,2,LC
collahuasi,2028,3,475.9,406.0,393.0,506.8,406.0,3,Colossal,2,LC
collahuasi,2029,4,448.8,406.0,395.4,502.0,406.0,3,Colossal,2,LC
collahuasi,2030,5,435.4,406.0,382.1,494.4,406.0,3,Colossal,2,LC
collahuasi,2031,6,473.2,406.0,388.9,500.6,406.0,3,Colossal,2,LC
collahuasi,2032,7,503.7,406.0,386.9,518.3,406.0,3,Colossal,2,LC
el abra,2026,1,81.8,91.4,77.7,86.3,91.4,1,Medium,2,SM
el abra,2027,2,84.6,91.4,76.5,84.7,91.4,1,Medium,2,SM
el abra,2028,3,74.4,91.4,77.9,81.9,91.4,1,Medium,2,SM
el abra,2029,4,64.2,91.4,81.8,83.9,91.4,1,Medium,2,SM
el abra,2030,5,65.8,91.4,79.8,88.3,91.4,1,Medium,2,SM
el abra,2031,6,62.0,91.4,79.7,85.5,91.4,1,Medium,2,SM
el abra,2032,7,56.3,91.4,79.2,80.8,91.4,1,Medium,2,SM
el soldado,2026,1,47.0,42.6,34.6,51.1,42.6,1,Medium,1,SM
el soldado,2027,2,43.3,42.6,33.7,53.9,42.6,1,Medium,1,SM
el soldado,2028,3,43.6,42.6,36.9,60.5,42.6,1,Medium,1,SM
el soldado,2029,4,41.2,42.6,35.8,58.4,42.6,1,Medium,1,SM
el soldado,2030,5,45.0,42.6,33.7,57.7,42.6,1,Medium,1,SM
el soldado,2031,6,42.2,42.6,30.1,56.1,42.6,1,Medium,1,SM
el soldado,2032,7,27.1,42.6,26.2,56.1,42.6,1,Medium,1,SM
el teniente,2026,1,268.4,310.1,271.1,302.0,310.1,3,Colossal,2,LC
el teniente,2027,2,249.3,310.1,254.7,289.7,310.1,3,Colossal,2,LC
el teniente,2028,3,218.6,310.1,236.7,281.5,310.1,3,Colossal,2,LC
el teniente,2029,4,213.6,310.1,208.9,285.3,310.1,3,Colossal,2,LC
el teniente,2030,5,209.8,310.1,199.8,282.8,310.1,3,Colossal,2,LC
el teniente,2031,6,207.3,310.1,193.5,282.1,310.1,3,Colossal,2,LC
el teniente,2032,7,213.2,310.1,192.0,285.5,310.1,3,Colossal,2,LC
escondida,2026,1,1369.6,1345.1,1198.2,1362.5,1345.1,3,Colossal,2,LC
escondida,2027,2,1267.5,1345.1,1172.7,1375.3,1345.1,3,Colossal,2,LC
escondida,2028,3,1231.1,1345.1,1127.3,1342.6,1345.1,3,Colossal,2,LC
escondida,2029,4,1237.8,1345.1,1034.1,1273.2,1345.1,3,Colossal,2,LC
escondida,2030,5,1178.5,1345.1,999.6,1237.7,1345.1,3,Colossal,2,LC
escondida,2031,6,1058.0,1345.1,939.4,1217.0,1345.1,3,Colossal,2,LC
escondida,2032,7,1031.0,1345.1,905.8,1213.4,1345.1,3,Colossal,2,LC
franke,2026,1,9.9,10.9,10.4,11.5,10.9,0,Small,1,SM
franke,2027,2,9.5,10.9,10.1,11.3,10.9,0,Small,1,SM
franke,2028,3,9.5,10.9,9.7,10.9,10.9,0,Small,1,SM
franke,2029,4,8.2,10.9,9.2,9.8,10.9,0,Small,1,SM
franke,2030,5,7.6,10.9,9.2,9.4,10.9,0,Small,1,SM
franke,2031,6,7.6,10.9,8.4,9.4,10.9,0,Small,1,SM
franke,2032,7,7.7,10.9,7.5,9.3,10.9,0,Small,1,SM
gabriela mistral,2026,1,84.5,81.7,69.6,97.8,81.7,2,Large,2,LC
gabriela mistral,2027,2,81.9,81.7,67.5,97.7,81.7,2,Large,2,LC
gabriela mistral,2028,3,80.3,81.7,67.2,96.5,81.7,2,Large,2,LC
gabriela mistral,2029,4,83.6,81.7,67.2,95.6,81.7,2,Large,2,LC
gabriela mistral,2030,5,86.3,81.7,68.1,95.0,81.7,2,Large,2,LC
gabriela mistral,2031,6,89.2,81.7,69.1,94.2,81.7,2,Large,2,LC
gabriela mistral,2032,7,93.2,81.7,68.2,93.8,81.7,2,Large,2,LC
lomas bayas,2026,1,56.2,60.6,33.5,64.7,60.6,1,Medium,2,SM
lomas bayas,2027,2,55.3,60.6,31.5,64.5,60.6,1,Medium,2,SM
lomas bayas,2028,3,36.3,60.6,23.3,63.9,60.6,1,Medium,2,SM
lomas bayas,2029,4,29.9,60.6,24.1,61.0,60.6,1,Medium,2,SM
lomas bayas,2030,5,29.5,60.6,24.9,58.6,60.6,1,Medium,2,SM
lomas bayas,2031,6,32.6,60.6,22.7,57.0,60.6,1,Medium,2,SM
lomas bayas,2032,7,26.1,60.6,20.8,56.2,60.6,1,Medium,2,SM
los bronces,2026,1,193.9,207.2,187.3,211.1,207.2,3,Colossal,2,LC
los bronces,2027,2,181.3,207.2,183.5,204.0,207.2,3,Colossal,2,LC
los bronces,2028,3,183.8,207.2,182.9,200.4,207.2,3,Colossal,2,LC
los bronces,2029,4,184.1,207.2,176.0,193.8,207.2,3,Colossal,2,LC
los bronces,2030,5,184.7,207.2,170.5,189.3,207.2,3,Colossal,2,LC
los bronces,2031,6,181.4,207.2,163.4,188.1,207.2,3,Colossal,2,LC
los bronces,2032,7,181.5,207.2,161.2,188.0,207.2,3,Colossal,2,LC
los pelambres,2026,1,359.1,305.9,296.6,351.1,305.9,3,Colossal,1,LC
los pelambres,2027,2,336.0,305.9,299.2,347.6,305.9,3,Colossal,1,LC
los pelambres,2028,3,323.3,305.9,302.2,344.6,305.9,3,Colossal,1,LC
los pelambres,2029,4,305.7,305.9,301.6,338.5,305.9,3,Colossal,1,LC
los pelambres,2030,5,295.5,305.9,294.4,338.7,305.9,3,Colossal,1,LC
los pelambres,2031,6,300.3,305.9,294.6,332.2,305.9,3,Colossal,1,LC
los pelambres,2032,7,310.2,305.9,299.4,334.5,305.9,3,Colossal,1,LC
mantos blancos,2026,1,72.2,61.9,55.2,71.7,61.9,1,Medium,1,SM
mantos blancos,2027,2,74.0,61.9,54.8,72.9,61.9,1,Medium,1,SM
mantos blancos,2028,3,76.1,61.9,56.3,78.9,61.9,1,Medium,1,SM
mantos blancos,2029,4,64.6,61.9,55.1,80.0,61.9,1,Medium,1,SM
mantos blancos,2030,5,65.7,61.9,55.7,78.6,61.9,1,Medium,1,SM
mantos blancos,2031,6,59.5,61.9,54.4,80.4,61.9,1,Medium,1,SM
mantos blancos,2032,7,57.4,61.9,51.5,80.8,61.9,1,Medium,1,SM
mantoverde,2026,1,107.8,95.1,94.5,135.5,95.1,1,Medium,1,SM
mantoverde,2027,2,102.5,95.1,92.0,136.1,95.1,1,Medium,1,SM
mantoverde,2028,3,101.1,95.1,92.9,135.0,95.1,1,Medium,1,SM
mantoverde,2029,4,100.4,95.1,92.3,133.9,95.1,1,Medium,1,SM
mantoverde,2030,5,99.2,95.1,90.7,134.0,95.1,1,Medium,1,SM
mantoverde,2031,6,91.8,95.1,89.3,134.9,95.1,1,Medium,1,SM
mantoverde,2032,7,88.3,95.1,85.2,136.3,95.1,1,Medium,1,SM
michilla,2026,1,15.6,16.9,13.6,18.4,16.9,0,Small,1,SM
michilla,2027,2,12.3,16.9,12.8,18.4,16.9,0,Small,1,SM
michilla,2028,3,12.3,16.9,9.6,19.6,16.9,0,Small,1,SM
michilla,2029,4,12.6,16.9,10.1,18.4,16.9,0,Small,1,SM
michilla,2030,5,14.7,16.9,9.6,18.0,16.9,0,Small,1,SM
michilla,2031,6,17.0,16.9,9.3,17.5,16.9,0,Small,1,SM
michilla,2032,7,12.9,16.9,8.6,17.6,16.9,0,Small,1,SM
ministro hales,2026,1,155.9,152.9,147.2,171.7,152.9,2,Large,2,LC
ministro hales,2027,2,147.8,152.9,146.1,171.2,152.9,2,Large,2,LC
ministro hales,2028,3,143.3,152.9,141.8,165.8,152.9,2,Large,2,LC
ministro hales,2029,4,147.4,152.9,137.3,162.4,152.9,2,Large,2,LC
ministro hales,2030,5,143.3,152.9,127.6,161.9,152.9,2,Large,2,LC
ministro hales,2031,6,147.0,152.9,122.0,161.6,152.9,2,Large,2,LC
ministro hales,2032,7,140.4,152.9,122.0,162.3,152.9,2,Large,2,LC
pampa camarones,2026,1,3.9,3.6,2.9,3.5,3.6,0,Small,1,SM
pampa camarones,2027,2,3.6,3.6,2.9,3.5,3.6,0,Small,1,SM
pampa camarones,2028,3,3.3,3.6,2.0,3.7,3.6,0,Small,1,SM
pampa camarones,2029,4,3.2,3.6,2.0,3.7,3.6,0,Small,1,SM
pampa camarones,2030,5,3.0,3.6,1.9,3.5,3.6,0,Small,1,SM
pampa camarones,2031,6,3.2,3.6,1.9,3.5,3.6,0,Small,1,SM
pampa camarones,2032,7,2.6,3.6,1.8,3.5,3.6,0,Small,1,SM
radomiro tomic,2026,1,302.1,295.3,278.6,367.8,295.3,3,Colossal,2,LC
radomiro tomic,2027,2,311.0,295.3,273.3,370.2,295.3,3,Colossal,2,LC
radomiro tomic,2028,3,309.4,295.3,270.1,369.8,295.3,3,Colossal,2,LC
radomiro tomic,2029,4,314.3,295.3,268.6,358.5,295.3,3,Colossal,2,LC
radomiro tomic,2030,5,327.0,295.3,264.4,360.7,295.3,3,Colossal,2,LC
radomiro tomic,2031,6,316.9,295.3,260.3,351.4,295.3,3,Colossal,2,LC
radomiro tomic,2032,7,296.1,295.3,252.3,349.1,295.3,3,Colossal,2,LC
salvador,2026,1,58.9,47.0,50.9,59.0,47.0,0,Small,2,SM
salvador,2027,2,56.3,47.0,49.4,58.8,47.0,0,Small,2,SM
salvador,2028,3,57.0,47.0,46.7,57.7,47.0,0,Small,2,SM
salvador,2029,4,55.1,47.0,38.0,59.1,47.0,0,Small,2,SM
salvador,2030,5,51.8,47.0,34.1,58.4,47.0,0,Small,2,SM
salvador,2031,6,59.0,47.0,34.1,59.1,47.0,0,Small,2,SM
salvador,2032,7,58.2,47.0,31.9,59.1,47.0,0,Small,2,SM
sierra gorda,2026,1,156.6,165.3,138.1,166.7,165.3,2,Large,1,LC
sierra gorda,2027,2,154.3,165.3,132.4,167.0,165.3,2,Large,1,LC
sierra gorda,2028,3,150.0,165.3,123.8,164.7,165.3,2,Large,1,LC
sierra gorda,2029,4,166.1,165.3,125.2,160.7,165.3,2,Large,1,LC
sierra gorda,2030,5,170.1,165.3,119.1,159.4,165.3,2,Large,1,LC
sierra gorda,2031,6,161.2,165.3,112.5,157.2,165.3,2,Large,1,LC
sierra gorda,2032,7,153.0,165.3,112.4,158.0,165.3,2,Large,1,LC
tres valles,2026,1,1.7,1.8,1.5,1.7,1.8,0,Small,1,SM
tres valles,2027,2,1.5,1.8,1.5,1.6,1.8,0,Small,1,SM
tres valles,2028,3,1.5,1.8,1.0,1.6,1.8,0,Small,1,SM
tres valles,2029,4,1.6,1.8,1.0,1.5,1.8,0,Small,1,SM
tres valles,2030,5,1.5,1.8,0.9,1.4,1.8,0,Small,1,SM
tres valles,2031,6,1.4,1.8,0.9,1.4,1.8,0,Small,1,SM
tres valles,2032,7,1.4,1.8,0.9,1.4,1.8,0,Small,1,SM
zaldivar,2026,1,75.0,75.4,71.5,85.1,75.4,2,Large,1,LC
zaldivar,2027,2,75.5,75.4,73.3,84.8,75.4,2,Large,1,LC
zaldivar,2028,3,78.5,75.4,73.0,88.3,75.4,2,Large,1,LC
zaldivar,2029,4,84.9,75.4,73.5,91.3,75.4,2,Large,1,LC
zaldivar,2030,5,89.3,75.4,70.3,97.7,75.4,2,Large,1,LC
zaldivar,2031,6,86.8,75.4,68.5,97.2,75.4,2,Large,1,LC
zaldivar,2032,7,86.4,75.4,66.9,97.1,75.4,2,Large,1,LC
