Region,Region_Name,ForecastYear,Horizonte,Direct_MAE,Direct_MAPE,Direct_Ens,Naive_Pred,Origin_Prod,Region_Size,BU_Pred,BU_Naive,BU_Lower,BU_Upper,Best_Source_MAPE,MAPE_Best_Model,Final_Pred,Final_Lower,Final_Upper,Source
I,Tarapacá,2026,1,811.6,322.1,511.3,596.0,596.0,3,596.043,596.043,594.012,719.507,Naive,Ens,596.0,714.208,908.992,Naive
I,Tarapacá,2027,2,819.9,328.5,518.9,596.0,596.0,3,596.043,596.043,569.066,705.147,Naive,Ens,596.0,721.512,918.288,Naive
I,Tarapacá,2028,3,825.7,334.3,525.4,596.0,596.0,3,596.043,596.043,567.701,688.205,Naive,Ens,596.0,726.616,924.784,Naive
I,Tarapacá,2029,4,841.6,353.2,545.2,596.0,596.0,3,596.043,596.043,555.913,704.483,Naive,Ens,596.0,740.608,942.592,Naive
I,Tarapacá,2030,5,841.6,379.7,565.3,596.0,596.0,3,596.043,596.043,549.165,702.997,Naive,Ens,596.0,740.608,942.592,Naive
I,Tarapacá,2031,6,833.7,380.1,562.9,596.0,596.0,3,596.043,596.043,535.917,714.158,Naive,Ens,596.0,733.656,933.744,Naive
I,Tarapacá,2032,7,833.7,380.2,563.0,596.0,596.0,3,596.043,596.043,538.572,721.692,Naive,Ens,596.0,733.656,933.744,Naive
II,Antofagasta,2026,1,3411.5,1896.7,2543.7,3356.5,3356.5,3,3357.793,3356.494,3053.577,3592.269,Direct,LGB_MAE,3411.5,3002.12,3820.88,Direct
II,Antofagasta,2027,2,3427.1,1901.7,2553.0,3356.5,3356.5,3,3306.892,3356.494,2994.662,3604.136,Direct,LGB_MAE,3427.1,3015.848,3838.352,Direct
II,Antofagasta,2028,3,3429.7,2293.3,2804.5,3356.5,3356.5,3,3217.446,3356.494,2912.885,3593.988,Direct,LGB_MAE,3429.7,3018.136,3841.264,Direct
II,Antofagasta,2029,4,3429.7,2621.1,2998.2,3356.5,3356.5,3,3139.186,3356.494,2819.692,3529.175,Direct,LGB_MAE,3429.7,3018.136,3841.264,Direct
II,Antofagasta,2030,5,3429.7,2974.4,3194.0,3356.5,3356.5,3,3127.52,3356.494,2790.232,3502.586,Direct,LGB_MAE,3429.7,3018.136,3841.264,Direct
II,Antofagasta,2031,6,3424.6,2924.9,3164.9,3356.5,3356.5,3,3057.176,3356.494,2724.627,3484.743,Direct,LGB_MAE,3424.6,3013.648,3835.552,Direct
II,Antofagasta,2032,7,3424.6,2918.3,3161.3,3356.5,3356.5,3,2982.261,3356.494,2588.852,3456.976,Direct,LGB_MAE,3424.6,3013.648,3835.552,Direct
III,Atacama,2026,1,416.5,384.9,400.4,415.9,415.9,3,427.816,415.891,389.771,474.517,Direct,LGB_MAE,416.5,366.52,466.48,Direct
III,Atacama,2027,2,416.5,388.1,402.0,415.9,415.9,3,420.991,415.891,376.913,477.228,Direct,LGB_MAE,416.5,366.52,466.48,Direct
III,Atacama,2028,3,411.6,370.2,390.4,415.9,415.9,3,418.834,415.891,352.624,476.658,Direct,LGB_MAE,411.6,362.208,460.992,Direct
III,Atacama,2029,4,396.7,362.7,379.3,415.9,415.9,3,411.768,415.891,347.142,470.355,Direct,LGB_MAE,396.7,349.096,444.304,Direct
III,Atacama,2030,5,391.3,347.3,368.6,415.9,415.9,3,407.751,415.891,343.332,465.691,Direct,LGB_MAE,391.3,344.344,438.256,Direct
III,Atacama,2031,6,384.6,340.2,361.7,415.9,415.9,3,395.384,415.891,343.731,461.778,Direct,LGB_MAE,384.6,338.448,430.752,Direct
III,Atacama,2032,7,384.6,337.7,360.4,415.9,415.9,3,404.149,415.891,337.782,458.779,Direct,LGB_MAE,384.6,338.448,430.752,Direct
IV,Coquimbo,2026,1,356.9,525.3,433.0,358.2,358.2,3,344.705,358.165,308.715,429.738,BU,LGB_MAPE,344.705,308.715,429.738,BU
IV,Coquimbo,2027,2,356.9,526.6,433.5,358.2,358.2,3,331.067,358.165,295.131,433.716,BU,LGB_MAPE,331.067,295.131,433.716,BU
IV,Coquimbo,2028,3,354.6,525.7,431.7,358.2,358.2,3,323.664,358.165,296.528,435.329,BU,LGB_MAPE,323.664,296.528,435.329,BU
IV,Coquimbo,2029,4,324.8,523.5,412.4,358.2,358.2,3,320.226,358.165,291.622,434.949,BU,LGB_MAPE,320.226,291.622,434.949,BU
IV,Coquimbo,2030,5,317.8,502.1,399.5,358.2,358.2,3,317.79,358.165,290.3,432.53,BU,LGB_MAPE,317.79,290.3,432.53,BU
IV,Coquimbo,2031,6,315.0,496.4,395.4,358.2,358.2,3,316.428,358.165,280.118,420.327,BU,LGB_MAPE,316.428,280.118,420.327,BU
IV,Coquimbo,2032,7,315.0,488.0,392.1,358.2,358.2,3,315.464,358.165,282.785,416.611,BU,LGB_MAPE,315.464,282.785,416.611,BU
RM,Metropolitana,2026,1,208.8,438.5,302.6,207.2,207.2,3,207.207,207.207,198.309,203.699,Direct,Ens,302.6,183.744,233.856,Direct
RM,Metropolitana,2027,2,208.8,446.1,305.2,207.2,207.2,3,207.207,207.207,196.314,203.136,Direct,Ens,305.2,183.744,233.856,Direct
RM,Metropolitana,2028,3,207.5,444.5,303.7,207.2,207.2,3,207.207,207.207,194.734,204.916,Direct,Ens,303.7,182.6,232.4,Direct
RM,Metropolitana,2029,4,190.1,440.1,289.2,207.2,207.2,3,207.207,207.207,186.493,206.752,Direct,Ens,289.2,167.288,212.912,Direct
RM,Metropolitana,2030,5,186.0,403.7,274.0,207.2,207.2,3,207.207,207.207,186.984,206.543,Direct,Ens,274.0,163.68,208.32,Direct
RM,Metropolitana,2031,6,184.7,365.9,260.0,207.2,207.2,3,207.207,207.207,177.298,203.481,Direct,Ens,260.0,162.536,206.864,Direct
RM,Metropolitana,2032,7,184.7,357.6,257.0,207.2,207.2,3,207.207,207.207,172.972,203.126,Direct,Ens,257.0,162.536,206.864,Direct
V,Valparaíso,2026,1,214.7,257.5,235.1,224.2,224.2,3,243.046,224.224,207.039,258.408,Naive,LGB_MAE,224.2,188.936,240.464,Naive
V,Valparaíso,2027,2,214.7,256.8,234.8,224.2,224.2,3,247.84,224.224,205.516,266.688,Naive,LGB_MAE,224.2,188.936,240.464,Naive
V,Valparaíso,2028,3,211.0,244.2,227.0,224.2,224.2,3,253.899,224.224,202.589,267.73,Naive,LGB_MAE,224.2,185.68,236.32,Naive
V,Valparaíso,2029,4,200.6,232.0,215.7,224.2,224.2,3,245.507,224.224,197.205,256.274,Naive,LGB_MAE,224.2,176.528,224.672,Naive
V,Valparaíso,2030,5,195.6,219.0,207.0,224.2,224.2,3,236.069,224.224,198.123,258.087,Naive,LGB_MAE,224.2,172.128,219.072,Naive
V,Valparaíso,2031,6,192.2,212.8,202.3,224.2,224.2,3,231.373,224.224,179.393,253.816,Naive,LGB_MAE,224.2,169.136,215.264,Naive
V,Valparaíso,2032,7,192.2,208.9,200.4,224.2,224.2,3,209.107,224.224,160.758,252.064,Naive,LGB_MAE,224.2,169.136,215.264,Naive
VI,O'Higgins,2026,1,344.0,391.9,367.2,310.1,310.1,3,282.062,310.146,267.987,307.131,Direct,Ens,367.2,302.72,385.28,Direct
VI,O'Higgins,2027,2,344.0,398.0,370.0,310.1,310.1,3,259.113,310.146,237.63,301.606,Direct,Ens,370.0,302.72,385.28,Direct
VI,O'Higgins,2028,3,342.1,391.6,366.0,310.1,310.1,3,252.807,310.146,225.347,303.443,Direct,Ens,366.0,301.048,383.152,Direct
VI,O'Higgins,2029,4,330.8,387.5,358.0,310.1,310.1,3,243.543,310.146,205.105,305.179,Direct,Ens,358.0,291.104,370.496,Direct
VI,O'Higgins,2030,5,327.9,338.8,333.3,310.1,310.1,3,241.71,310.146,198.187,305.799,Direct,Ens,333.3,288.552,367.248,Direct
VI,O'Higgins,2031,6,324.1,294.6,309.0,310.1,310.1,3,227.505,310.146,194.641,301.791,Direct,Ens,309.0,285.208,362.992,Direct
VI,O'Higgins,2032,7,324.1,286.4,304.7,310.1,310.1,3,225.789,310.146,183.104,301.934,Direct,Ens,304.7,285.208,362.992,Direct
XV,Arica y Parinacota,2026,1,4.1,380.2,39.3,3.6,3.6,3,3.83,3.643,2.987,3.762,,,3.6,3.608,4.592,
XV,Arica y Parinacota,2027,2,4.1,385.8,39.6,3.6,3.6,3,3.622,3.643,2.827,3.722,,,3.6,3.608,4.592,
XV,Arica y Parinacota,2028,3,4.0,378.9,39.1,3.6,3.6,3,3.368,3.643,3.021,3.645,,,3.6,3.52,4.48,
XV,Arica y Parinacota,2029,4,3.9,372.2,38.1,3.6,3.6,3,3.333,3.643,2.919,3.733,,,3.6,3.432,4.368,
XV,Arica y Parinacota,2030,5,3.9,331.7,35.8,3.6,3.6,3,3.156,3.643,2.911,3.655,,,3.6,3.432,4.368,
XV,Arica y Parinacota,2031,6,3.8,299.9,33.8,3.6,3.6,3,2.94,3.643,2.656,3.641,,,3.6,3.344,4.256,
XV,Arica y Parinacota,2032,7,3.8,292.2,33.4,3.6,3.6,3,2.403,3.643,2.039,3.622,,,3.6,3.344,4.256,
