Mine,Horizonte,ARIMA_Pred
andacollo,1,4.52342049426592
andacollo,2,4.391209962349848
andacollo,3,4.3730696587781
andacollo,4,4.370580669369268
andacollo,5,4.370239160846394
andacollo,6,4.370192303245963
andacollo,7,4.3701858740221775
andacollo,8,4.370184991883141
andacollo,9,4.370184870846869
andacollo,10,4.37018485423976
andacollo,11,4.370184851961136
andacollo,12,4.370184851648491
andacollo,13,4.370184851605594
andacollo,14,4.370184851599708
andacollo,15,4.370184851598901
andacollo,16,4.37018485159879
andacollo,17,4.370184851598775
andacollo,18,4.370184851598773
andacollo,19,4.370184851598773
andacollo,20,4.370184851598773
andacollo,21,4.370184851598773
andacollo,22,4.370184851598773
andacollo,23,4.370184851598773
andacollo,24,4.370184851598773
andacollo,25,4.370184851598773
andacollo,26,4.370184851598773
andacollo,27,4.370184851598773
andacollo,28,4.370184851598773
andacollo,29,4.370184851598773
andacollo,30,4.370184851598773
andacollo,31,4.370184851598773
andacollo,32,4.370184851598773
andacollo,33,4.370184851598773
andacollo,34,4.370184851598773
andacollo,35,4.370184851598773
andacollo,36,4.370184851598773
andacollo,37,4.370184851598773
andacollo,38,4.370184851598773
andacollo,39,4.370184851598773
andacollo,40,4.370184851598773
andacollo,41,4.370184851598773
andacollo,42,4.370184851598773
andacollo,43,4.370184851598773
andacollo,44,4.370184851598773
andacollo,45,4.370184851598773
andacollo,46,4.370184851598773
andacollo,47,4.370184851598773
andacollo,48,4.370184851598773
andacollo,49,4.370184851598773
andacollo,50,4.370184851598773
andacollo,51,4.370184851598773
andacollo,52,4.370184851598773
andacollo,53,4.370184851598773
andacollo,54,4.370184851598773
andacollo,55,4.370184851598773
andacollo,56,4.370184851598773
andacollo,57,4.370184851598773
andacollo,58,4.370184851598773
andacollo,59,4.370184851598773
andacollo,60,4.370184851598773
andacollo,61,4.370184851598773
andacollo,62,4.370184851598773
andacollo,63,4.370184851598773
andacollo,64,4.370184851598773
andacollo,65,4.370184851598773
andacollo,66,4.370184851598773
andacollo,67,4.370184851598773
andacollo,68,4.370184851598773
andacollo,69,4.370184851598773
andacollo,70,4.370184851598773
andacollo,71,4.370184851598773
andacollo,72,4.370184851598773
andacollo,73,4.370184851598773
andacollo,74,4.370184851598773
andacollo,75,4.370184851598773
andacollo,76,4.370184851598773
andacollo,77,4.370184851598773
andacollo,78,4.370184851598773
andacollo,79,4.370184851598773
andacollo,80,4.370184851598773
andacollo,81,4.370184851598773
andacollo,82,4.370184851598773
andacollo,83,4.370184851598773
andacollo,84,4.370184851598773
andina,1,16.121228579061032
andina,2,16.61023924104809
andina,3,16.580151381839283
andina,4,16.58200262832968
andina,5,16.581888724793224
andina,6,16.581895733052622
andina,7,16.581895301848277
andina,8,16.581895328379428
andina,9,16.58189532674702
andina,10,16.58189532684746
andina,11,16.58189532684128
andina,12,16.58189532684166
andina,13,16.581895326841636
andina,14,16.581895326841636
andina,15,16.581895326841636
andina,16,16.581895326841636
andina,17,16.581895326841636
andina,18,16.581895326841636
andina,19,16.581895326841636
andina,20,16.581895326841636
andina,21,16.581895326841636
andina,22,16.581895326841636
andina,23,16.581895326841636
andina,24,16.581895326841636
andina,25,16.581895326841636
andina,26,16.581895326841636
andina,27,16.581895326841636
andina,28,16.581895326841636
andina,29,16.581895326841636
andina,30,16.581895326841636
andina,31,16.581895326841636
andina,32,16.581895326841636
andina,33,16.581895326841636
andina,34,16.581895326841636
andina,35,16.581895326841636
andina,36,16.581895326841636
andina,37,16.581895326841636
andina,38,16.581895326841636
andina,39,16.581895326841636
andina,40,16.581895326841636
andina,41,16.581895326841636
andina,42,16.581895326841636
andina,43,16.581895326841636
andina,44,16.581895326841636
andina,45,16.581895326841636
andina,46,16.581895326841636
andina,47,16.581895326841636
andina,48,16.581895326841636
andina,49,16.581895326841636
andina,50,16.581895326841636
andina,51,16.581895326841636
andina,52,16.581895326841636
andina,53,16.581895326841636
andina,54,16.581895326841636
andina,55,16.581895326841636
andina,56,16.581895326841636
andina,57,16.581895326841636
andina,58,16.581895326841636
andina,59,16.581895326841636
andina,60,16.581895326841636
andina,61,16.581895326841636
andina,62,16.581895326841636
andina,63,16.581895326841636
andina,64,16.581895326841636
andina,65,16.581895326841636
andina,66,16.581895326841636
andina,67,16.581895326841636
andina,68,16.581895326841636
andina,69,16.581895326841636
andina,70,16.581895326841636
andina,71,16.581895326841636
andina,72,16.581895326841636
andina,73,16.581895326841636
andina,74,16.581895326841636
andina,75,16.581895326841636
andina,76,16.581895326841636
andina,77,16.581895326841636
andina,78,16.581895326841636
andina,79,16.581895326841636
andina,80,16.581895326841636
andina,81,16.581895326841636
andina,82,16.581895326841636
andina,83,16.581895326841636
andina,84,16.581895326841636
antucoya,1,7.604747720713001
antucoya,2,7.412329989566466
antucoya,3,7.351258741631326
antucoya,4,7.331875406726939
antucoya,5,7.325723351795712
antucoya,6,7.3237707579792435
antucoya,7,7.323151026417232
antucoya,8,7.322954330511656
antucoya,9,7.3228919014187355
antucoya,10,7.322872087118934
antucoya,11,7.322865798280537
antucoya,12,7.32286380227317
antucoya,13,7.3228631687626295
antucoya,14,7.322862967693429
antucoya,15,7.322862903876302
antucoya,16,7.322862883621455
antucoya,17,7.322862877192792
antucoya,18,7.322862875152405
antucoya,19,7.32286287450481
antucoya,20,7.32286287429927
antucoya,21,7.322862874234034
antucoya,22,7.322862874213329
antucoya,23,7.322862874206757
antucoya,24,7.322862874204672
antucoya,25,7.32286287420401
antucoya,26,7.3228628742038
antucoya,27,7.322862874203733
antucoya,28,7.322862874203712
antucoya,29,7.322862874203705
antucoya,30,7.322862874203703
antucoya,31,7.322862874203702
antucoya,32,7.322862874203702
antucoya,33,7.322862874203702
antucoya,34,7.322862874203702
antucoya,35,7.322862874203702
antucoya,36,7.322862874203702
antucoya,37,7.322862874203702
antucoya,38,7.322862874203702
antucoya,39,7.322862874203702
antucoya,40,7.322862874203702
antucoya,41,7.322862874203702
antucoya,42,7.322862874203702
antucoya,43,7.322862874203702
antucoya,44,7.322862874203702
antucoya,45,7.322862874203702
antucoya,46,7.322862874203702
antucoya,47,7.322862874203702
antucoya,48,7.322862874203702
antucoya,49,7.322862874203702
antucoya,50,7.322862874203702
antucoya,51,7.322862874203702
antucoya,52,7.322862874203702
antucoya,53,7.322862874203702
antucoya,54,7.322862874203702
antucoya,55,7.322862874203702
antucoya,56,7.322862874203702
antucoya,57,7.322862874203702
antucoya,58,7.322862874203702
antucoya,59,7.322862874203702
antucoya,60,7.322862874203702
antucoya,61,7.322862874203702
antucoya,62,7.322862874203702
antucoya,63,7.322862874203702
antucoya,64,7.322862874203702
antucoya,65,7.322862874203702
antucoya,66,7.322862874203702
antucoya,67,7.322862874203702
antucoya,68,7.322862874203702
antucoya,69,7.322862874203702
antucoya,70,7.322862874203702
antucoya,71,7.322862874203702
antucoya,72,7.322862874203702
antucoya,73,7.322862874203702
antucoya,74,7.322862874203702
antucoya,75,7.322862874203702
antucoya,76,7.322862874203702
antucoya,77,7.322862874203702
antucoya,78,7.322862874203702
antucoya,79,7.322862874203702
antucoya,80,7.322862874203702
antucoya,81,7.322862874203702
antucoya,82,7.322862874203702
antucoya,83,7.322862874203702
antucoya,84,7.322862874203702
atacama kozan,1,0.9983545680989326
atacama kozan,2,0.9989801342981647
atacama kozan,3,0.9989744335099434
atacama kozan,4,0.9989744854612579
atacama kozan,5,0.9989744849878253
atacama kozan,6,0.9989744849921397
atacama kozan,7,0.9989744849921004
atacama kozan,8,0.9989744849921007
atacama kozan,9,0.9989744849921007
atacama kozan,10,0.9989744849921007
atacama kozan,11,0.9989744849921007
atacama kozan,12,0.9989744849921007
atacama kozan,13,0.9989744849921007
atacama kozan,14,0.9989744849921007
atacama kozan,15,0.9989744849921007
atacama kozan,16,0.9989744849921007
atacama kozan,17,0.9989744849921007
atacama kozan,18,0.9989744849921007
atacama kozan,19,0.9989744849921007
atacama kozan,20,0.9989744849921007
atacama kozan,21,0.9989744849921007
atacama kozan,22,0.9989744849921007
atacama kozan,23,0.9989744849921007
atacama kozan,24,0.9989744849921007
atacama kozan,25,0.9989744849921007
atacama kozan,26,0.9989744849921007
atacama kozan,27,0.9989744849921007
atacama kozan,28,0.9989744849921007
atacama kozan,29,0.9989744849921007
atacama kozan,30,0.9989744849921007
atacama kozan,31,0.9989744849921007
atacama kozan,32,0.9989744849921007
atacama kozan,33,0.9989744849921007
atacama kozan,34,0.9989744849921007
atacama kozan,35,0.9989744849921007
atacama kozan,36,0.9989744849921007
atacama kozan,37,0.9989744849921007
atacama kozan,38,0.9989744849921007
atacama kozan,39,0.9989744849921007
atacama kozan,40,0.9989744849921007
atacama kozan,41,0.9989744849921007
atacama kozan,42,0.9989744849921007
atacama kozan,43,0.9989744849921007
atacama kozan,44,0.9989744849921007
atacama kozan,45,0.9989744849921007
atacama kozan,46,0.9989744849921007
atacama kozan,47,0.9989744849921007
atacama kozan,48,0.9989744849921007
atacama kozan,49,0.9989744849921007
atacama kozan,50,0.9989744849921007
atacama kozan,51,0.9989744849921007
atacama kozan,52,0.9989744849921007
atacama kozan,53,0.9989744849921007
atacama kozan,54,0.9989744849921007
atacama kozan,55,0.9989744849921007
atacama kozan,56,0.9989744849921007
atacama kozan,57,0.9989744849921007
atacama kozan,58,0.9989744849921007
atacama kozan,59,0.9989744849921007
atacama kozan,60,0.9989744849921007
atacama kozan,61,0.9989744849921007
atacama kozan,62,0.9989744849921007
atacama kozan,63,0.9989744849921007
atacama kozan,64,0.9989744849921007
atacama kozan,65,0.9989744849921007
atacama kozan,66,0.9989744849921007
atacama kozan,67,0.9989744849921007
atacama kozan,68,0.9989744849921007
atacama kozan,69,0.9989744849921007
atacama kozan,70,0.9989744849921007
atacama kozan,71,0.9989744849921007
atacama kozan,72,0.9989744849921007
atacama kozan,73,0.9989744849921007
atacama kozan,74,0.9989744849921007
atacama kozan,75,0.9989744849921007
atacama kozan,76,0.9989744849921007
atacama kozan,77,0.9989744849921007
atacama kozan,78,0.9989744849921007
atacama kozan,79,0.9989744849921007
atacama kozan,80,0.9989744849921007
atacama kozan,81,0.9989744849921007
atacama kozan,82,0.9989744849921007
atacama kozan,83,0.9989744849921007
atacama kozan,84,0.9989744849921007
candelaria,1,11.063150747125519
candelaria,2,10.98641900821241
candelaria,3,10.95070298491255
candelaria,4,10.934078386820218
candelaria,5,10.926340199973065
candelaria,6,10.922738336316039
candelaria,7,10.921061790884911
candelaria,8,10.9202814158207
candelaria,9,10.919918177682598
candelaria,10,10.919749102642887
candelaria,11,10.919670403943455
candelaria,12,10.919633772366712
candelaria,13,10.919616721609529
candelaria,14,10.919608785060072
candelaria,15,10.919605090865344
candelaria,16,10.91960337134293
candelaria,17,10.919602570963537
candelaria,18,10.919602198414061
candelaria,19,10.91960202500491
candelaria,20,10.919601944288829
candelaria,21,10.91960190671823
candelaria,22,10.919601889230389
candelaria,23,10.919601881090392
candelaria,24,10.9196018773015
candelaria,25,10.919601875537898
candelaria,26,10.919601874717001
candelaria,27,10.919601874334901
candelaria,28,10.919601874157047
candelaria,29,10.919601874074262
candelaria,30,10.919601874035727
candelaria,31,10.919601874017792
candelaria,32,10.919601874009443
candelaria,33,10.919601874005556
candelaria,34,10.919601874003748
candelaria,35,10.919601874002906
candelaria,36,10.919601874002513
candelaria,37,10.91960187400233
candelaria,38,10.919601874002245
candelaria,39,10.919601874002206
candelaria,40,10.919601874002188
candelaria,41,10.91960187400218
candelaria,42,10.919601874002176
candelaria,43,10.919601874002174
candelaria,44,10.919601874002174
candelaria,45,10.919601874002174
candelaria,46,10.919601874002174
candelaria,47,10.919601874002174
candelaria,48,10.919601874002174
candelaria,49,10.919601874002174
candelaria,50,10.919601874002174
candelaria,51,10.919601874002174
candelaria,52,10.919601874002174
candelaria,53,10.919601874002174
candelaria,54,10.919601874002174
candelaria,55,10.919601874002174
candelaria,56,10.919601874002174
candelaria,57,10.919601874002174
candelaria,58,10.919601874002174
candelaria,59,10.919601874002174
candelaria,60,10.919601874002174
candelaria,61,10.919601874002174
candelaria,62,10.919601874002174
candelaria,63,10.919601874002174
candelaria,64,10.919601874002174
candelaria,65,10.919601874002174
candelaria,66,10.919601874002174
candelaria,67,10.919601874002174
candelaria,68,10.919601874002174
candelaria,69,10.919601874002174
candelaria,70,10.919601874002174
candelaria,71,10.919601874002174
candelaria,72,10.919601874002174
candelaria,73,10.919601874002174
candelaria,74,10.919601874002174
candelaria,75,10.919601874002174
candelaria,76,10.919601874002174
candelaria,77,10.919601874002174
candelaria,78,10.919601874002174
candelaria,79,10.919601874002174
candelaria,80,10.919601874002174
candelaria,81,10.919601874002174
candelaria,82,10.919601874002174
candelaria,83,10.919601874002174
candelaria,84,10.919601874002174
caserones,1,13.205573042041056
caserones,2,12.601300957551867
caserones,3,12.420484934147899
caserones,4,12.36637944895531
caserones,5,12.35018949259627
caserones,6,12.34534498032594
caserones,7,12.343895359424135
caserones,8,12.343461590111211
caserones,9,12.343331793543985
caserones,10,12.343292954584285
caserones,11,12.343281332822455
caserones,12,12.343277855248672
caserones,13,12.343276814656067
caserones,14,12.34327650328008
caserones,15,12.343276410107205
caserones,16,12.343276382227133
caserones,17,12.343276373884594
caserones,18,12.34327637138826
caserones,19,12.343276370641284
caserones,20,12.343276370417767
caserones,21,12.343276370350884
caserones,22,12.34327637033087
caserones,23,12.343276370324881
caserones,24,12.343276370323089
caserones,25,12.343276370322553
caserones,26,12.343276370322393
caserones,27,12.343276370322345
caserones,28,12.34327637032233
caserones,29,12.343276370322327
caserones,30,12.343276370322325
caserones,31,12.343276370322325
caserones,32,12.343276370322325
caserones,33,12.343276370322325
caserones,34,12.343276370322325
caserones,35,12.343276370322325
caserones,36,12.343276370322325
caserones,37,12.343276370322325
caserones,38,12.343276370322325
caserones,39,12.343276370322325
caserones,40,12.343276370322325
caserones,41,12.343276370322325
caserones,42,12.343276370322325
caserones,43,12.343276370322325
caserones,44,12.343276370322325
caserones,45,12.343276370322325
caserones,46,12.343276370322325
caserones,47,12.343276370322325
caserones,48,12.343276370322325
caserones,49,12.343276370322325
caserones,50,12.343276370322325
caserones,51,12.343276370322325
caserones,52,12.343276370322325
caserones,53,12.343276370322325
caserones,54,12.343276370322325
caserones,55,12.343276370322325
caserones,56,12.343276370322325
caserones,57,12.343276370322325
caserones,58,12.343276370322325
caserones,59,12.343276370322325
caserones,60,12.343276370322325
caserones,61,12.343276370322325
caserones,62,12.343276370322325
caserones,63,12.343276370322325
caserones,64,12.343276370322325
caserones,65,12.343276370322325
caserones,66,12.343276370322325
caserones,67,12.343276370322325
caserones,68,12.343276370322325
caserones,69,12.343276370322325
caserones,70,12.343276370322325
caserones,71,12.343276370322325
caserones,72,12.343276370322325
caserones,73,12.343276370322325
caserones,74,12.343276370322325
caserones,75,12.343276370322325
caserones,76,12.343276370322325
caserones,77,12.343276370322325
caserones,78,12.343276370322325
caserones,79,12.343276370322325
caserones,80,12.343276370322325
caserones,81,12.343276370322325
caserones,82,12.343276370322325
caserones,83,12.343276370322325
caserones,84,12.343276370322325
centinela,1,6.757067897515103
centinela,2,13.135145712386768
centinela,3,9.049151935630814
centinela,4,11.666765835661964
centinela,5,9.989841468176433
centinela,6,11.064131047030397
centinela,7,10.375907939529881
centinela,8,10.81680493324637
centinela,9,10.534352692178466
centinela,10,10.715300327615468
centinela,11,10.599379679769127
centinela,12,10.673642029562549
centinela,13,10.626067273043322
centinela,14,10.656545132472221
centinela,15,10.637020073736664
centinela,16,10.649528429827626
centinela,17,10.641515190317447
centinela,18,10.646648719214491
centinela,19,10.643360021940023
centinela,20,10.645466863058484
centinela,21,10.64411715552143
centinela,22,10.644981819885352
centinela,23,10.644427889169465
centinela,24,10.644782754306512
centinela,25,10.644555416731832
centinela,26,10.644701056208541
centinela,27,10.644607755058452
centinela,28,10.644667526658877
centinela,29,10.644629235124272
centinela,30,10.644653765864824
centinela,31,10.64463805071425
centinela,32,10.644648118325419
centinela,33,10.644641668702542
centinela,34,10.644645800530297
centinela,35,10.644643153553734
centinela,36,10.64464484928873
centinela,37,10.64464376294848
centinela,38,10.64464445889162
centinela,39,10.644644013048934
centinela,40,10.644644298669538
centinela,41,10.644644115692152
centinela,42,10.644644232913121
centinela,43,10.644644157817746
centinela,44,10.644644205926165
centinela,45,10.644644175106425
centinela,46,10.644644194850503
centinela,47,10.644644182201837
centinela,48,10.644644190304964
centinela,49,10.644644185113851
centinela,50,10.644644188439438
centinela,51,10.644644186308964
centinela,52,10.644644187673812
centinela,53,10.644644186799448
centinela,54,10.644644187359592
centinela,55,10.644644187000747
centinela,56,10.644644187230634
centinela,57,10.644644187083362
centinela,58,10.64464418717771
centinela,59,10.644644187117267
centinela,60,10.644644187155988
centinela,61,10.644644187131183
centinela,62,10.644644187147074
centinela,63,10.644644187136894
centinela,64,10.644644187143417
centinela,65,10.644644187139239
centinela,66,10.644644187141916
centinela,67,10.644644187140202
centinela,68,10.6446441871413
centinela,69,10.644644187140596
centinela,70,10.644644187141047
centinela,71,10.644644187140758
centinela,72,10.644644187140942
centinela,73,10.644644187140823
centinela,74,10.6446441871409
centinela,75,10.644644187140852
centinela,76,10.644644187140884
centinela,77,10.644644187140864
centinela,78,10.644644187140877
centinela,79,10.644644187140868
centinela,80,10.644644187140873
centinela,81,10.64464418714087
centinela,82,10.644644187140871
centinela,83,10.64464418714087
centinela,84,10.64464418714087
cerro colorado,1,1.4810852904020724
cerro colorado,2,2.130917934441113
cerro colorado,3,2.5113233581593395
cerro colorado,4,2.7340088260589015
cerro colorado,5,2.8643666351798833
cerro colorado,6,2.940676771441163
cerro colorado,7,2.9853479494509947
cerro colorado,8,3.0114980029373837
cerro colorado,9,3.0268059784107524
cerro colorado,10,3.0357671116342555
cerro colorado,11,3.0410128679257435
cerro colorado,12,3.044083680331201
cerro colorado,13,3.0458813026959324
cerro colorado,14,3.0469336125538837
cerro colorado,15,3.0475496240471025
cerro colorado,16,3.0479102309129513
cerro colorado,17,3.0481213265063434
cerro colorado,18,3.0482448997207485
cerro colorado,19,3.0483172382242345
cerro colorado,20,3.0483595844487925
cerro colorado,21,3.0483843734981635
cerro colorado,22,3.0483988847556636
cerro colorado,23,3.048407379498285
cerro colorado,24,3.048412352234259
cerro colorado,25,3.048415263223346
cerro colorado,26,3.048416967286765
cerro colorado,27,3.0484179648281673
cerro colorado,28,3.048418548778763
cerro colorado,29,3.048418890617506
cerro colorado,30,3.048419090726431
cerro colorado,31,3.048419207868161
cerro colorado,32,3.048419276441739
cerro colorado,33,3.048419316584014
cerro colorado,34,3.0484193400828943
cerro colorado,35,3.0484193538389
cerro colorado,36,3.0484193618915256
cerro colorado,37,3.048419366605451
cerro colorado,38,3.0484193693649346
cerro colorado,39,3.0484193709803087
cerro colorado,40,3.0484193719259323
cerro colorado,41,3.048419372479491
cerro colorado,42,3.0484193728035383
cerro colorado,43,3.0484193729932323
cerro colorado,44,3.0484193731042772
cerro colorado,45,3.0484193731692817
cerro colorado,46,3.048419373207335
cerro colorado,47,3.0484193732296108
cerro colorado,48,3.048419373242651
cerro colorado,49,3.0484193732502844
cerro colorado,50,3.048419373254753
cerro colorado,51,3.0484193732573686
cerro colorado,52,3.0484193732589
cerro colorado,53,3.0484193732597964
cerro colorado,54,3.0484193732603213
cerro colorado,55,3.0484193732606286
cerro colorado,56,3.0484193732608085
cerro colorado,57,3.0484193732609137
cerro colorado,58,3.0484193732609755
cerro colorado,59,3.0484193732610114
cerro colorado,60,3.0484193732610327
cerro colorado,61,3.048419373261045
cerro colorado,62,3.0484193732610523
cerro colorado,63,3.0484193732610567
cerro colorado,64,3.0484193732610594
cerro colorado,65,3.0484193732610607
cerro colorado,66,3.0484193732610616
cerro colorado,67,3.048419373261062
cerro colorado,68,3.0484193732610625
cerro colorado,69,3.0484193732610625
cerro colorado,70,3.0484193732610625
cerro colorado,71,3.0484193732610625
cerro colorado,72,3.0484193732610625
cerro colorado,73,3.0484193732610625
cerro colorado,74,3.0484193732610625
cerro colorado,75,3.0484193732610625
cerro colorado,76,3.0484193732610625
cerro colorado,77,3.0484193732610625
cerro colorado,78,3.0484193732610625
cerro colorado,79,3.0484193732610625
cerro colorado,80,3.0484193732610625
cerro colorado,81,3.0484193732610625
cerro colorado,82,3.0484193732610625
cerro colorado,83,3.0484193732610625
cerro colorado,84,3.0484193732610625
chuquicamata,1,30.817424577517414
chuquicamata,2,26.4735230188205
chuquicamata,3,25.437624875939996
chuquicamata,4,25.190592352775454
chuquicamata,5,25.131682055541646
chuquicamata,6,25.117633609305827
chuquicamata,7,25.114283450659414
chuquicamata,8,25.113484532204822
chuquicamata,9,25.113294012660987
chuquicamata,10,25.113248579117208
chuquicamata,11,25.113237744496995
chuquicamata,12,25.113235160745315
chuquicamata,13,25.11323454459333
chuquicamata,14,25.113234397658438
chuquicamata,15,25.113234362618606
chuquicamata,16,25.113234354262595
chuquicamata,17,25.11323435226992
chuquicamata,18,25.113234351794723
chuquicamata,19,25.113234351681403
chuquicamata,20,25.113234351654377
chuquicamata,21,25.113234351647932
chuquicamata,22,25.113234351646394
chuquicamata,23,25.113234351646028
chuquicamata,24,25.11323435164594
chuquicamata,25,25.113234351645918
chuquicamata,26,25.113234351645914
chuquicamata,27,25.113234351645914
chuquicamata,28,25.113234351645914
chuquicamata,29,25.113234351645914
chuquicamata,30,25.113234351645914
chuquicamata,31,25.113234351645914
chuquicamata,32,25.113234351645914
chuquicamata,33,25.113234351645914
chuquicamata,34,25.113234351645914
chuquicamata,35,25.113234351645914
chuquicamata,36,25.113234351645914
chuquicamata,37,25.113234351645914
chuquicamata,38,25.113234351645914
chuquicamata,39,25.113234351645914
chuquicamata,40,25.113234351645914
chuquicamata,41,25.113234351645914
chuquicamata,42,25.113234351645914
chuquicamata,43,25.113234351645914
chuquicamata,44,25.113234351645914
chuquicamata,45,25.113234351645914
chuquicamata,46,25.113234351645914
chuquicamata,47,25.113234351645914
chuquicamata,48,25.113234351645914
chuquicamata,49,25.113234351645914
chuquicamata,50,25.113234351645914
chuquicamata,51,25.113234351645914
chuquicamata,52,25.113234351645914
chuquicamata,53,25.113234351645914
chuquicamata,54,25.113234351645914
chuquicamata,55,25.113234351645914
chuquicamata,56,25.113234351645914
chuquicamata,57,25.113234351645914
chuquicamata,58,25.113234351645914
chuquicamata,59,25.113234351645914
chuquicamata,60,25.113234351645914
chuquicamata,61,25.113234351645914
chuquicamata,62,25.113234351645914
chuquicamata,63,25.113234351645914
chuquicamata,64,25.113234351645914
chuquicamata,65,25.113234351645914
chuquicamata,66,25.113234351645914
chuquicamata,67,25.113234351645914
chuquicamata,68,25.113234351645914
chuquicamata,69,25.113234351645914
chuquicamata,70,25.113234351645914
chuquicamata,71,25.113234351645914
chuquicamata,72,25.113234351645914
chuquicamata,73,25.113234351645914
chuquicamata,74,25.113234351645914
chuquicamata,75,25.113234351645914
chuquicamata,76,25.113234351645914
chuquicamata,77,25.113234351645914
chuquicamata,78,25.113234351645914
chuquicamata,79,25.113234351645914
chuquicamata,80,25.113234351645914
chuquicamata,81,25.113234351645914
chuquicamata,82,25.113234351645914
chuquicamata,83,25.113234351645914
chuquicamata,84,25.113234351645914
collahuasi,1,36.45357902476915
collahuasi,2,36.563579380400924
collahuasi,3,36.604655211406204
collahuasi,4,36.61999356084229
collahuasi,5,36.62572113731891
collahuasi,6,36.62785990279901
collahuasi,7,36.62865855084806
collahuasi,8,36.628956778359296
collahuasi,9,36.6290681411161
collahuasi,10,36.629109725688735
collahuasi,11,36.62912525401015
collahuasi,12,36.629131052525096
collahuasi,13,36.629133217780094
collahuasi,14,36.62913402631974
collahuasi,15,36.62913432824092
collahuasi,16,36.62913444098295
collahuasi,17,36.62913448308257
collahuasi,18,36.62913449880321
collahuasi,19,36.629134504673544
collahuasi,20,36.62913450686562
collahuasi,21,36.62913450768417
collahuasi,22,36.62913450798983
collahuasi,23,36.629134508103974
collahuasi,24,36.62913450814659
collahuasi,25,36.62913450816251
collahuasi,26,36.62913450816845
collahuasi,27,36.629134508170665
collahuasi,28,36.6291345081715
collahuasi,29,36.62913450817181
collahuasi,30,36.62913450817192
collahuasi,31,36.629134508171965
collahuasi,32,36.62913450817198
collahuasi,33,36.62913450817199
collahuasi,34,36.62913450817199
collahuasi,35,36.62913450817199
collahuasi,36,36.62913450817199
collahuasi,37,36.62913450817199
collahuasi,38,36.62913450817199
collahuasi,39,36.62913450817199
collahuasi,40,36.62913450817199
collahuasi,41,36.62913450817199
collahuasi,42,36.62913450817199
collahuasi,43,36.62913450817199
collahuasi,44,36.62913450817199
collahuasi,45,36.62913450817199
collahuasi,46,36.62913450817199
collahuasi,47,36.62913450817199
collahuasi,48,36.62913450817199
collahuasi,49,36.62913450817199
collahuasi,50,36.62913450817199
collahuasi,51,36.62913450817199
collahuasi,52,36.62913450817199
collahuasi,53,36.62913450817199
collahuasi,54,36.62913450817199
collahuasi,55,36.62913450817199
collahuasi,56,36.62913450817199
collahuasi,57,36.62913450817199
collahuasi,58,36.62913450817199
collahuasi,59,36.62913450817199
collahuasi,60,36.62913450817199
collahuasi,61,36.62913450817199
collahuasi,62,36.62913450817199
collahuasi,63,36.62913450817199
collahuasi,64,36.62913450817199
collahuasi,65,36.62913450817199
collahuasi,66,36.62913450817199
collahuasi,67,36.62913450817199
collahuasi,68,36.62913450817199
collahuasi,69,36.62913450817199
collahuasi,70,36.62913450817199
collahuasi,71,36.62913450817199
collahuasi,72,36.62913450817199
collahuasi,73,36.62913450817199
collahuasi,74,36.62913450817199
collahuasi,75,36.62913450817199
collahuasi,76,36.62913450817199
collahuasi,77,36.62913450817199
collahuasi,78,36.62913450817199
collahuasi,79,36.62913450817199
collahuasi,80,36.62913450817199
collahuasi,81,36.62913450817199
collahuasi,82,36.62913450817199
collahuasi,83,36.62913450817199
collahuasi,84,36.62913450817199
el abra,1,7.277407607200409
el abra,2,7.273306420741308
el abra,3,7.273257325283482
el abra,4,7.273256737559904
el abra,5,7.273256730524243
el abra,6,7.273256730440019
el abra,7,7.2732567304390106
el abra,8,7.273256730438998
el abra,9,7.273256730438998
el abra,10,7.273256730438998
el abra,11,7.273256730438998
el abra,12,7.273256730438998
el abra,13,7.273256730438998
el abra,14,7.273256730438998
el abra,15,7.273256730438998
el abra,16,7.273256730438998
el abra,17,7.273256730438998
el abra,18,7.273256730438998
el abra,19,7.273256730438998
el abra,20,7.273256730438998
el abra,21,7.273256730438998
el abra,22,7.273256730438998
el abra,23,7.273256730438998
el abra,24,7.273256730438998
el abra,25,7.273256730438998
el abra,26,7.273256730438998
el abra,27,7.273256730438998
el abra,28,7.273256730438998
el abra,29,7.273256730438998
el abra,30,7.273256730438998
el abra,31,7.273256730438998
el abra,32,7.273256730438998
el abra,33,7.273256730438998
el abra,34,7.273256730438998
el abra,35,7.273256730438998
el abra,36,7.273256730438998
el abra,37,7.273256730438998
el abra,38,7.273256730438998
el abra,39,7.273256730438998
el abra,40,7.273256730438998
el abra,41,7.273256730438998
el abra,42,7.273256730438998
el abra,43,7.273256730438998
el abra,44,7.273256730438998
el abra,45,7.273256730438998
el abra,46,7.273256730438998
el abra,47,7.273256730438998
el abra,48,7.273256730438998
el abra,49,7.273256730438998
el abra,50,7.273256730438998
el abra,51,7.273256730438998
el abra,52,7.273256730438998
el abra,53,7.273256730438998
el abra,54,7.273256730438998
el abra,55,7.273256730438998
el abra,56,7.273256730438998
el abra,57,7.273256730438998
el abra,58,7.273256730438998
el abra,59,7.273256730438998
el abra,60,7.273256730438998
el abra,61,7.273256730438998
el abra,62,7.273256730438998
el abra,63,7.273256730438998
el abra,64,7.273256730438998
el abra,65,7.273256730438998
el abra,66,7.273256730438998
el abra,67,7.273256730438998
el abra,68,7.273256730438998
el abra,69,7.273256730438998
el abra,70,7.273256730438998
el abra,71,7.273256730438998
el abra,72,7.273256730438998
el abra,73,7.273256730438998
el abra,74,7.273256730438998
el abra,75,7.273256730438998
el abra,76,7.273256730438998
el abra,77,7.273256730438998
el abra,78,7.273256730438998
el abra,79,7.273256730438998
el abra,80,7.273256730438998
el abra,81,7.273256730438998
el abra,82,7.273256730438998
el abra,83,7.273256730438998
el abra,84,7.273256730438998
el soldado,1,3.468103989448883
el soldado,2,3.5329807363480326
el soldado,3,3.5599434828036225
el soldado,4,3.5711491879472317
el soldado,5,3.5758062738999676
el soldado,6,3.5777417567003105
el soldado,7,3.5785461424703913
el soldado,8,3.578880444829985
el soldado,9,3.5790193807383353
el soldado,10,3.579077122438551
el soldado,11,3.5791011198628557
el soldado,12,3.579111093181464
el soldado,13,3.5791152380881344
el soldado,14,3.579116960709458
el soldado,15,3.5791176766300956
el soldado,16,3.5791179741663863
el soldado,17,3.579118097822333
el soldado,18,3.5791181492136883
el soldado,19,3.579118170571912
el soldado,20,3.57911817944838
el soldado,21,3.579118183137436
el soldado,22,3.579118184670606
el soldado,23,3.579118185307791
el soldado,24,3.5791181855726046
el soldado,25,3.579118185682661
el soldado,26,3.5791181857284005
el soldado,27,3.5791181857474097
el soldado,28,3.57911818575531
el soldado,29,3.579118185758593
el soldado,30,3.579118185759958
el soldado,31,3.579118185760525
el soldado,32,3.579118185760761
el soldado,33,3.579118185760859
el soldado,34,3.5791181857609
el soldado,35,3.5791181857609167
el soldado,36,3.5791181857609238
el soldado,37,3.579118185760927
el soldado,38,3.579118185760928
el soldado,39,3.5791181857609287
el soldado,40,3.5791181857609287
el soldado,41,3.5791181857609287
el soldado,42,3.5791181857609287
el soldado,43,3.5791181857609287
el soldado,44,3.5791181857609287
el soldado,45,3.5791181857609287
el soldado,46,3.5791181857609287
el soldado,47,3.5791181857609287
el soldado,48,3.5791181857609287
el soldado,49,3.5791181857609287
el soldado,50,3.5791181857609287
el soldado,51,3.5791181857609287
el soldado,52,3.5791181857609287
el soldado,53,3.5791181857609287
el soldado,54,3.5791181857609287
el soldado,55,3.5791181857609287
el soldado,56,3.5791181857609287
el soldado,57,3.5791181857609287
el soldado,58,3.5791181857609287
el soldado,59,3.5791181857609287
el soldado,60,3.5791181857609287
el soldado,61,3.5791181857609287
el soldado,62,3.5791181857609287
el soldado,63,3.5791181857609287
el soldado,64,3.5791181857609287
el soldado,65,3.5791181857609287
el soldado,66,3.5791181857609287
el soldado,67,3.5791181857609287
el soldado,68,3.5791181857609287
el soldado,69,3.5791181857609287
el soldado,70,3.5791181857609287
el soldado,71,3.5791181857609287
el soldado,72,3.5791181857609287
el soldado,73,3.5791181857609287
el soldado,74,3.5791181857609287
el soldado,75,3.5791181857609287
el soldado,76,3.5791181857609287
el soldado,77,3.5791181857609287
el soldado,78,3.5791181857609287
el soldado,79,3.5791181857609287
el soldado,80,3.5791181857609287
el soldado,81,3.5791181857609287
el soldado,82,3.5791181857609287
el soldado,83,3.5791181857609287
el soldado,84,3.5791181857609287
el teniente,1,27.373229977731548
el teniente,2,27.058642802096564
el teniente,3,26.977107511837016
el teniente,4,26.955975043406635
el teniente,5,26.95049789086889
el teniente,6,26.949078312270174
el teniente,7,26.948710383244272
el teniente,8,26.948615022713884
el teniente,9,26.94859030699396
el teniente,10,26.948583901127623
el teniente,11,26.94858224084325
el teniente,12,26.948581810527656
el teniente,13,26.948581698997657
el teniente,14,26.948581670091105
el teniente,15,26.94858166259905
el teniente,16,26.948581660657247
el teniente,17,26.948581660153966
el teniente,18,26.948581660023525
el teniente,19,26.948581659989717
el teniente,20,26.948581659980956
el teniente,21,26.948581659978686
el teniente,22,26.948581659978096
el teniente,23,26.948581659977943
el teniente,24,26.948581659977904
el teniente,25,26.948581659977894
el teniente,26,26.94858165997789
el teniente,27,26.94858165997789
el teniente,28,26.94858165997789
el teniente,29,26.94858165997789
el teniente,30,26.94858165997789
el teniente,31,26.94858165997789
el teniente,32,26.94858165997789
el teniente,33,26.94858165997789
el teniente,34,26.94858165997789
el teniente,35,26.94858165997789
el teniente,36,26.94858165997789
el teniente,37,26.94858165997789
el teniente,38,26.94858165997789
el teniente,39,26.94858165997789
el teniente,40,26.94858165997789
el teniente,41,26.94858165997789
el teniente,42,26.94858165997789
el teniente,43,26.94858165997789
el teniente,44,26.94858165997789
el teniente,45,26.94858165997789
el teniente,46,26.94858165997789
el teniente,47,26.94858165997789
el teniente,48,26.94858165997789
el teniente,49,26.94858165997789
el teniente,50,26.94858165997789
el teniente,51,26.94858165997789
el teniente,52,26.94858165997789
el teniente,53,26.94858165997789
el teniente,54,26.94858165997789
el teniente,55,26.94858165997789
el teniente,56,26.94858165997789
el teniente,57,26.94858165997789
el teniente,58,26.94858165997789
el teniente,59,26.94858165997789
el teniente,60,26.94858165997789
el teniente,61,26.94858165997789
el teniente,62,26.94858165997789
el teniente,63,26.94858165997789
el teniente,64,26.94858165997789
el teniente,65,26.94858165997789
el teniente,66,26.94858165997789
el teniente,67,26.94858165997789
el teniente,68,26.94858165997789
el teniente,69,26.94858165997789
el teniente,70,26.94858165997789
el teniente,71,26.94858165997789
el teniente,72,26.94858165997789
el teniente,73,26.94858165997789
el teniente,74,26.94858165997789
el teniente,75,26.94858165997789
el teniente,76,26.94858165997789
el teniente,77,26.94858165997789
el teniente,78,26.94858165997789
el teniente,79,26.94858165997789
el teniente,80,26.94858165997789
el teniente,81,26.94858165997789
el teniente,82,26.94858165997789
el teniente,83,26.94858165997789
el teniente,84,26.94858165997789
escondida,1,109.84877082528286
escondida,2,109.66236365542709
escondida,3,109.64175694698281
escondida,4,109.6394789421548
escondida,5,109.63922711610454
escondida,6,109.6391992775509
escondida,7,109.63919620008903
escondida,8,109.63919585988559
escondida,9,109.6391958222772
escondida,10,109.63919581811972
escondida,11,109.63919581766012
escondida,12,109.63919581760932
escondida,13,109.6391958176037
escondida,14,109.63919581760308
escondida,15,109.63919581760301
escondida,16,109.639195817603
escondida,17,109.639195817603
escondida,18,109.639195817603
escondida,19,109.639195817603
escondida,20,109.639195817603
escondida,21,109.639195817603
escondida,22,109.639195817603
escondida,23,109.639195817603
escondida,24,109.639195817603
escondida,25,109.639195817603
escondida,26,109.639195817603
escondida,27,109.639195817603
escondida,28,109.639195817603
escondida,29,109.639195817603
escondida,30,109.639195817603
escondida,31,109.639195817603
escondida,32,109.639195817603
escondida,33,109.639195817603
escondida,34,109.639195817603
escondida,35,109.639195817603
escondida,36,109.639195817603
escondida,37,109.639195817603
escondida,38,109.639195817603
escondida,39,109.639195817603
escondida,40,109.639195817603
escondida,41,109.639195817603
escondida,42,109.639195817603
escondida,43,109.639195817603
escondida,44,109.639195817603
escondida,45,109.639195817603
escondida,46,109.639195817603
escondida,47,109.639195817603
escondida,48,109.639195817603
escondida,49,109.639195817603
escondida,50,109.639195817603
escondida,51,109.639195817603
escondida,52,109.639195817603
escondida,53,109.639195817603
escondida,54,109.639195817603
escondida,55,109.639195817603
escondida,56,109.639195817603
escondida,57,109.639195817603
escondida,58,109.639195817603
escondida,59,109.639195817603
escondida,60,109.639195817603
escondida,61,109.639195817603
escondida,62,109.639195817603
escondida,63,109.639195817603
escondida,64,109.639195817603
escondida,65,109.639195817603
escondida,66,109.639195817603
escondida,67,109.639195817603
escondida,68,109.639195817603
escondida,69,109.639195817603
escondida,70,109.639195817603
escondida,71,109.639195817603
escondida,72,109.639195817603
escondida,73,109.639195817603
escondida,74,109.639195817603
escondida,75,109.639195817603
escondida,76,109.639195817603
escondida,77,109.639195817603
escondida,78,109.639195817603
escondida,79,109.639195817603
escondida,80,109.639195817603
escondida,81,109.639195817603
escondida,82,109.639195817603
escondida,83,109.639195817603
escondida,84,109.639195817603
franke,1,0.8619789540387187
franke,2,0.8753040734454703
franke,3,0.8812268553735813
franke,4,0.8838594280881028
franke,5,0.8850295604990819
franke,6,0.8855496638381734
franke,7,0.885780840652691
franke,8,0.8858835946931937
franke,9,0.885929267062465
franke,10,0.8859495676297677
franke,11,0.8859585908759752
franke,12,0.8859626015506971
franke,13,0.8859643842252861
franke,14,0.8859651765928828
franke,15,0.8859655287863858
franke,16,0.8859656853302224
franke,17,0.8859657549112128
franke,18,0.885965785838743
franke,19,0.8859657995854878
franke,20,0.8859658056956748
franke,21,0.8859658084115458
franke,22,0.8859658096187029
franke,23,0.885965810155263
franke,24,0.8859658103937545
franke,25,0.8859658104997599
franke,26,0.8859658105468774
franke,27,0.8859658105678203
franke,28,0.8859658105771291
franke,29,0.8859658105812667
franke,30,0.8859658105831058
franke,31,0.8859658105839232
franke,32,0.8859658105842866
franke,33,0.8859658105844481
franke,34,0.88596581058452
franke,35,0.8859658105845518
franke,36,0.885965810584566
franke,37,0.8859658105845724
franke,38,0.8859658105845751
franke,39,0.8859658105845764
franke,40,0.8859658105845769
franke,41,0.8859658105845771
franke,42,0.8859658105845772
franke,43,0.8859658105845772
franke,44,0.8859658105845772
franke,45,0.8859658105845772
franke,46,0.8859658105845772
franke,47,0.8859658105845772
franke,48,0.8859658105845772
franke,49,0.8859658105845772
franke,50,0.8859658105845772
franke,51,0.8859658105845772
franke,52,0.8859658105845772
franke,53,0.8859658105845772
franke,54,0.8859658105845772
franke,55,0.8859658105845772
franke,56,0.8859658105845772
franke,57,0.8859658105845772
franke,58,0.8859658105845772
franke,59,0.8859658105845772
franke,60,0.8859658105845772
franke,61,0.8859658105845772
franke,62,0.8859658105845772
franke,63,0.8859658105845772
franke,64,0.8859658105845772
franke,65,0.8859658105845772
franke,66,0.8859658105845772
franke,67,0.8859658105845772
franke,68,0.8859658105845772
franke,69,0.8859658105845772
franke,70,0.8859658105845772
franke,71,0.8859658105845772
franke,72,0.8859658105845772
franke,73,0.8859658105845772
franke,74,0.8859658105845772
franke,75,0.8859658105845772
franke,76,0.8859658105845772
franke,77,0.8859658105845772
franke,78,0.8859658105845772
franke,79,0.8859658105845772
franke,80,0.8859658105845772
franke,81,0.8859658105845772
franke,82,0.8859658105845772
franke,83,0.8859658105845772
franke,84,0.8859658105845772
gabriela mistral,1,7.882086925984318
gabriela mistral,2,7.807889679171288
gabriela mistral,3,7.774907053531572
gabriela mistral,4,7.760245409861275
gabriela mistral,5,7.753727924035164
gabriela mistral,6,7.7508307303474195
gabriela mistral,7,7.74954285163341
gabriela mistral,8,7.748970355707778
gabriela mistral,9,7.748715866227286
gabriela mistral,10,7.748602738966844
gabriela mistral,11,7.748552450927313
gabriela mistral,12,7.748530096572493
gabriela mistral,13,7.748520159474444
gabriela mistral,14,7.748515742173279
gabriela mistral,15,7.748513778566852
gabriela mistral,16,7.748512905692204
gabriela mistral,17,7.748512517676489
gabriela mistral,18,7.748512345193309
gabriela mistral,19,7.748512268520004
gabriela mistral,20,7.7485122344367054
gabriela mistral,21,7.748512219285784
gabriela mistral,22,7.748512212550802
gabriela mistral,23,7.7485122095569245
gabriela mistral,24,7.748512208226067
gabriela mistral,25,7.748512207634467
gabriela mistral,26,7.748512207371484
gabriela mistral,27,7.748512207254582
gabriela mistral,28,7.748512207202616
gabriela mistral,29,7.748512207179515
gabriela mistral,30,7.748512207169246
gabriela mistral,31,7.748512207164682
gabriela mistral,32,7.748512207162652
gabriela mistral,33,7.74851220716175
gabriela mistral,34,7.748512207161349
gabriela mistral,35,7.748512207161171
gabriela mistral,36,7.748512207161092
gabriela mistral,37,7.748512207161056
gabriela mistral,38,7.74851220716104
gabriela mistral,39,7.748512207161033
gabriela mistral,40,7.74851220716103
gabriela mistral,41,7.748512207161029
gabriela mistral,42,7.748512207161028
gabriela mistral,43,7.748512207161028
gabriela mistral,44,7.748512207161028
gabriela mistral,45,7.748512207161028
gabriela mistral,46,7.748512207161028
gabriela mistral,47,7.748512207161028
gabriela mistral,48,7.748512207161028
gabriela mistral,49,7.748512207161028
gabriela mistral,50,7.748512207161028
gabriela mistral,51,7.748512207161028
gabriela mistral,52,7.748512207161028
gabriela mistral,53,7.748512207161028
gabriela mistral,54,7.748512207161028
gabriela mistral,55,7.748512207161028
gabriela mistral,56,7.748512207161028
gabriela mistral,57,7.748512207161028
gabriela mistral,58,7.748512207161028
gabriela mistral,59,7.748512207161028
gabriela mistral,60,7.748512207161028
gabriela mistral,61,7.748512207161028
gabriela mistral,62,7.748512207161028
gabriela mistral,63,7.748512207161028
gabriela mistral,64,7.748512207161028
gabriela mistral,65,7.748512207161028
gabriela mistral,66,7.748512207161028
gabriela mistral,67,7.748512207161028
gabriela mistral,68,7.748512207161028
gabriela mistral,69,7.748512207161028
gabriela mistral,70,7.748512207161028
gabriela mistral,71,7.748512207161028
gabriela mistral,72,7.748512207161028
gabriela mistral,73,7.748512207161028
gabriela mistral,74,7.748512207161028
gabriela mistral,75,7.748512207161028
gabriela mistral,76,7.748512207161028
gabriela mistral,77,7.748512207161028
gabriela mistral,78,7.748512207161028
gabriela mistral,79,7.748512207161028
gabriela mistral,80,7.748512207161028
gabriela mistral,81,7.748512207161028
gabriela mistral,82,7.748512207161028
gabriela mistral,83,7.748512207161028
gabriela mistral,84,7.748512207161028
lomas bayas,1,5.799404200910598
lomas bayas,2,5.792507788692348
lomas bayas,3,5.787551400897969
lomas bayas,4,5.783989290746945
lomas bayas,5,5.781429235066391
lomas bayas,6,5.779589346682915
lomas bayas,7,5.778267035887346
lomas bayas,8,5.77731670332599
lomas bayas,9,5.776633708087504
lomas bayas,10,5.776142845714936
lomas bayas,11,5.775790067459357
lomas bayas,12,5.77553652898388
lomas bayas,13,5.775354313222191
lomas bayas,14,5.775223356436461
lomas bayas,15,5.775129239003535
lomas bayas,16,5.775061597673372
lomas bayas,17,5.7750129844738405
lomas bayas,18,5.774978046616129
lomas bayas,19,5.774952937100333
lomas bayas,20,5.77493489112314
lomas bayas,21,5.774921921645929
lomas bayas,22,5.7749126006023905
lomas bayas,23,5.77490590165445
lomas bayas,24,5.77490108718241
lomas bayas,25,5.7748976270658
lomas bayas,26,5.774895140311937
lomas bayas,27,5.7748933531048925
lomas bayas,28,5.774892068655689
lomas bayas,29,5.774891145533904
lomas bayas,30,5.7748904820948
lomas bayas,31,5.77489000528724
lomas bayas,32,5.7748896626100485
lomas bayas,33,5.774889416331114
lomas bayas,34,5.774889239332718
lomas bayas,35,5.774889112125605
lomas bayas,36,5.774889020703027
lomas bayas,37,5.774888954998464
lomas bayas,38,5.774888907777202
lomas bayas,39,5.774888873839716
lomas bayas,40,5.774888849449159
lomas bayas,41,5.77488883191989
lomas bayas,42,5.774888819321767
lomas bayas,43,5.774888810267612
lomas bayas,44,5.774888803760474
lomas bayas,45,5.774888799083854
lomas bayas,46,5.774888795722811
lomas bayas,47,5.77488879330726
lomas bayas,48,5.774888791571225
lomas bayas,49,5.774888790323554
lomas bayas,50,5.774888789426864
lomas bayas,51,5.774888788782421
lomas bayas,52,5.7748887883192666
lomas bayas,53,5.774888787986401
lomas bayas,54,5.774888787747174
lomas bayas,55,5.774888787575244
lomas bayas,56,5.774888787451679
lomas bayas,57,5.774888787362874
lomas bayas,58,5.774888787299051
lomas bayas,59,5.7748887872531816
lomas bayas,60,5.774888787220216
lomas bayas,61,5.774888787196524
lomas bayas,62,5.7748887871794965
lomas bayas,63,5.774888787167259
lomas bayas,64,5.774888787158464
lomas bayas,65,5.774888787152143
lomas bayas,66,5.7748887871476
lomas bayas,67,5.774888787144335
lomas bayas,68,5.774888787141989
lomas bayas,69,5.774888787140302
lomas bayas,70,5.77488878713909
lomas bayas,71,5.774888787138218
lomas bayas,72,5.774888787137592
lomas bayas,73,5.774888787137142
lomas bayas,74,5.774888787136819
lomas bayas,75,5.774888787136586
lomas bayas,76,5.774888787136419
lomas bayas,77,5.774888787136299
lomas bayas,78,5.774888787136213
lomas bayas,79,5.774888787136151
lomas bayas,80,5.774888787136106
lomas bayas,81,5.774888787136074
lomas bayas,82,5.774888787136051
lomas bayas,83,5.774888787136034
lomas bayas,84,5.774888787136023
los bronces,1,13.909712357502338
los bronces,2,13.941152085310993
los bronces,3,13.943238702788937
los bronces,4,13.943377189118264
los bronces,5,13.943386380291832
los bronces,6,13.94338699029913
los bronces,7,13.943387030784592
los bronces,8,13.943387033471565
los bronces,9,13.943387033649897
los bronces,10,13.943387033661732
los bronces,11,13.943387033662518
los bronces,12,13.94338703366257
los bronces,13,13.943387033662573
los bronces,14,13.943387033662573
los bronces,15,13.943387033662573
los bronces,16,13.943387033662573
los bronces,17,13.943387033662573
los bronces,18,13.943387033662573
los bronces,19,13.943387033662573
los bronces,20,13.943387033662573
los bronces,21,13.943387033662573
los bronces,22,13.943387033662573
los bronces,23,13.943387033662573
los bronces,24,13.943387033662573
los bronces,25,13.943387033662573
los bronces,26,13.943387033662573
los bronces,27,13.943387033662573
los bronces,28,13.943387033662573
los bronces,29,13.943387033662573
los bronces,30,13.943387033662573
los bronces,31,13.943387033662573
los bronces,32,13.943387033662573
los bronces,33,13.943387033662573
los bronces,34,13.943387033662573
los bronces,35,13.943387033662573
los bronces,36,13.943387033662573
los bronces,37,13.943387033662573
los bronces,38,13.943387033662573
los bronces,39,13.943387033662573
los bronces,40,13.943387033662573
los bronces,41,13.943387033662573
los bronces,42,13.943387033662573
los bronces,43,13.943387033662573
los bronces,44,13.943387033662573
los bronces,45,13.943387033662573
los bronces,46,13.943387033662573
los bronces,47,13.943387033662573
los bronces,48,13.943387033662573
los bronces,49,13.943387033662573
los bronces,50,13.943387033662573
los bronces,51,13.943387033662573
los bronces,52,13.943387033662573
los bronces,53,13.943387033662573
los bronces,54,13.943387033662573
los bronces,55,13.943387033662573
los bronces,56,13.943387033662573
los bronces,57,13.943387033662573
los bronces,58,13.943387033662573
los bronces,59,13.943387033662573
los bronces,60,13.943387033662573
los bronces,61,13.943387033662573
los bronces,62,13.943387033662573
los bronces,63,13.943387033662573
los bronces,64,13.943387033662573
los bronces,65,13.943387033662573
los bronces,66,13.943387033662573
los bronces,67,13.943387033662573
los bronces,68,13.943387033662573
los bronces,69,13.943387033662573
los bronces,70,13.943387033662573
los bronces,71,13.943387033662573
los bronces,72,13.943387033662573
los bronces,73,13.943387033662573
los bronces,74,13.943387033662573
los bronces,75,13.943387033662573
los bronces,76,13.943387033662573
los bronces,77,13.943387033662573
los bronces,78,13.943387033662573
los bronces,79,13.943387033662573
los bronces,80,13.943387033662573
los bronces,81,13.943387033662573
los bronces,82,13.943387033662573
los bronces,83,13.943387033662573
los bronces,84,13.943387033662573
los pelambres,1,26.95592871590757
los pelambres,2,26.542920932355813
los pelambres,3,26.449253303436308
los pelambres,4,26.428010060435046
los pelambres,5,26.423192223382735
los pelambres,6,26.42209956752688
los pelambres,7,26.421851759889062
los pelambres,8,26.421795558638657
los pelambres,9,26.42178281254021
los pelambres,10,26.42177992180336
los pelambres,11,26.421779266201995
los pelambres,12,26.42177911751563
los pelambres,13,26.421779083794476
los pelambres,14,26.421779076146727
los pelambres,15,26.421779074412264
los pelambres,16,26.421779074018897
los pelambres,17,26.421779073929685
los pelambres,18,26.421779073909452
los pelambres,19,26.42177907390486
los pelambres,20,26.42177907390382
los pelambres,21,26.421779073903586
los pelambres,22,26.421779073903533
los pelambres,23,26.421779073903522
los pelambres,24,26.42177907390352
los pelambres,25,26.42177907390352
los pelambres,26,26.42177907390352
los pelambres,27,26.42177907390352
los pelambres,28,26.42177907390352
los pelambres,29,26.42177907390352
los pelambres,30,26.42177907390352
los pelambres,31,26.42177907390352
los pelambres,32,26.42177907390352
los pelambres,33,26.42177907390352
los pelambres,34,26.42177907390352
los pelambres,35,26.42177907390352
los pelambres,36,26.42177907390352
los pelambres,37,26.42177907390352
los pelambres,38,26.42177907390352
los pelambres,39,26.42177907390352
los pelambres,40,26.42177907390352
los pelambres,41,26.42177907390352
los pelambres,42,26.42177907390352
los pelambres,43,26.42177907390352
los pelambres,44,26.42177907390352
los pelambres,45,26.42177907390352
los pelambres,46,26.42177907390352
los pelambres,47,26.42177907390352
los pelambres,48,26.42177907390352
los pelambres,49,26.42177907390352
los pelambres,50,26.42177907390352
los pelambres,51,26.42177907390352
los pelambres,52,26.42177907390352
los pelambres,53,26.42177907390352
los pelambres,54,26.42177907390352
los pelambres,55,26.42177907390352
los pelambres,56,26.42177907390352
los pelambres,57,26.42177907390352
los pelambres,58,26.42177907390352
los pelambres,59,26.42177907390352
los pelambres,60,26.42177907390352
los pelambres,61,26.42177907390352
los pelambres,62,26.42177907390352
los pelambres,63,26.42177907390352
los pelambres,64,26.42177907390352
los pelambres,65,26.42177907390352
los pelambres,66,26.42177907390352
los pelambres,67,26.42177907390352
los pelambres,68,26.42177907390352
los pelambres,69,26.42177907390352
los pelambres,70,26.42177907390352
los pelambres,71,26.42177907390352
los pelambres,72,26.42177907390352
los pelambres,73,26.42177907390352
los pelambres,74,26.42177907390352
los pelambres,75,26.42177907390352
los pelambres,76,26.42177907390352
los pelambres,77,26.42177907390352
los pelambres,78,26.42177907390352
los pelambres,79,26.42177907390352
los pelambres,80,26.42177907390352
los pelambres,81,26.42177907390352
los pelambres,82,26.42177907390352
los pelambres,83,26.42177907390352
los pelambres,84,26.42177907390352
mantos blancos,1,5.29552809413315
mantos blancos,2,5.350378937864572
mantos blancos,3,5.361839102034746
mantos blancos,4,5.364233511197355
mantos blancos,5,5.364733782847294
mantos blancos,6,5.36483830622101
mantos blancos,7,5.364860144627513
mantos blancos,8,5.36486470739641
mantos blancos,9,5.364865660710471
mantos blancos,10,5.364865859889461
mantos blancos,11,5.364865901504571
mantos blancos,12,5.364865910199351
mantos blancos,13,5.36486591201598
mantos blancos,14,5.364865912395534
mantos blancos,15,5.364865912474836
mantos blancos,16,5.364865912491405
mantos blancos,17,5.364865912494867
mantos blancos,18,5.36486591249559
mantos blancos,19,5.364865912495741
mantos blancos,20,5.364865912495773
mantos blancos,21,5.364865912495779
mantos blancos,22,5.364865912495781
mantos blancos,23,5.364865912495781
mantos blancos,24,5.364865912495781
mantos blancos,25,5.364865912495781
mantos blancos,26,5.364865912495781
mantos blancos,27,5.364865912495781
mantos blancos,28,5.364865912495781
mantos blancos,29,5.364865912495781
mantos blancos,30,5.364865912495781
mantos blancos,31,5.364865912495781
mantos blancos,32,5.364865912495781
mantos blancos,33,5.364865912495781
mantos blancos,34,5.364865912495781
mantos blancos,35,5.364865912495781
mantos blancos,36,5.364865912495781
mantos blancos,37,5.364865912495781
mantos blancos,38,5.364865912495781
mantos blancos,39,5.364865912495781
mantos blancos,40,5.364865912495781
mantos blancos,41,5.364865912495781
mantos blancos,42,5.364865912495781
mantos blancos,43,5.364865912495781
mantos blancos,44,5.364865912495781
mantos blancos,45,5.364865912495781
mantos blancos,46,5.364865912495781
mantos blancos,47,5.364865912495781
mantos blancos,48,5.364865912495781
mantos blancos,49,5.364865912495781
mantos blancos,50,5.364865912495781
mantos blancos,51,5.364865912495781
mantos blancos,52,5.364865912495781
mantos blancos,53,5.364865912495781
mantos blancos,54,5.364865912495781
mantos blancos,55,5.364865912495781
mantos blancos,56,5.364865912495781
mantos blancos,57,5.364865912495781
mantos blancos,58,5.364865912495781
mantos blancos,59,5.364865912495781
mantos blancos,60,5.364865912495781
mantos blancos,61,5.364865912495781
mantos blancos,62,5.364865912495781
mantos blancos,63,5.364865912495781
mantos blancos,64,5.364865912495781
mantos blancos,65,5.364865912495781
mantos blancos,66,5.364865912495781
mantos blancos,67,5.364865912495781
mantos blancos,68,5.364865912495781
mantos blancos,69,5.364865912495781
mantos blancos,70,5.364865912495781
mantos blancos,71,5.364865912495781
mantos blancos,72,5.364865912495781
mantos blancos,73,5.364865912495781
mantos blancos,74,5.364865912495781
mantos blancos,75,5.364865912495781
mantos blancos,76,5.364865912495781
mantos blancos,77,5.364865912495781
mantos blancos,78,5.364865912495781
mantos blancos,79,5.364865912495781
mantos blancos,80,5.364865912495781
mantos blancos,81,5.364865912495781
mantos blancos,82,5.364865912495781
mantos blancos,83,5.364865912495781
mantos blancos,84,5.364865912495781
mantoverde,1,10.19071835507312
mantoverde,2,10.602914927723601
mantoverde,3,10.297627081798254
mantoverde,4,10.523734417602736
mantoverde,5,10.356271061340912
mantoverde,6,10.480300543138549
mantoverde,7,10.388439776112364
mantoverde,8,10.45647521733437
mantoverde,9,10.406085683128177
mantoverde,10,10.443406013707525
mantoverde,11,10.415765212964011
mantoverde,12,10.436237000161025
mantoverde,13,10.421074846396788
mantoverde,14,10.432304491593761
mantoverde,15,10.42398740595997
mantoverde,16,10.430147343538271
mantoverde,17,10.42558506864544
mantoverde,18,10.428964056164903
mantoverde,19,10.426461454518817
mantoverde,20,10.4283149727585
mantoverde,21,10.426942189411132
mantoverde,22,10.427958922928214
mantoverde,23,10.427205892927713
mantoverde,24,10.427763614466473
mantoverde,25,10.427350545512262
mantoverde,26,10.427656479475854
mantoverde,27,10.427429893601692
mantoverde,28,10.42759771138095
mantoverde,29,10.427473419400528
mantoverde,30,10.427565474583627
mantoverde,31,10.427497295150756
mantoverde,32,10.42754779133044
mantoverde,33,10.427510392014321
mantoverde,34,10.427538091314641
mantoverde,35,10.42751757620052
mantoverde,36,10.427532770443788
mantoverde,37,10.427521517031932
mantoverde,38,10.427529851720022
mantoverde,39,10.427523678745422
mantoverde,40,10.42752825067601
mantoverde,41,10.42752486453713
mantoverde,42,10.427527372435335
mantoverde,43,10.42752551499427
mantoverde,44,10.427526890683005
mantoverde,45,10.427525871797652
mantoverde,46,10.42752662642138
mantoverde,47,10.427526067519468
mantoverde,48,10.42752648146265
mantoverde,49,10.427526174881201
mantoverde,50,10.427526401946627
mantoverde,51,10.427526233773674
mantoverde,52,10.42752635832871
mantoverde,53,10.427526266078699
mantoverde,54,10.427526334402428
mantoverde,55,10.427526283799377
mantoverde,56,10.427526321277846
mantoverde,57,10.427526293519922
mantoverde,58,10.427526314078454
mantoverde,59,10.427526298852053
mantoverde,60,10.42752631012928
mantoverde,61,10.427526301776952
mantoverde,62,10.42752630796299
mantoverde,63,10.427526303381384
mantoverde,64,10.42752630677469
mantoverde,65,10.427526304261484
mantoverde,66,10.427526306122855
mantoverde,67,10.427526304744255
mantoverde,68,10.427526305765296
mantoverde,69,10.427526305009076
mantoverde,70,10.427526305569161
mantoverde,71,10.427526305154343
mantoverde,72,10.427526305461573
mantoverde,73,10.427526305234027
mantoverde,74,10.427526305402555
mantoverde,75,10.427526305277736
mantoverde,76,10.427526305370181
mantoverde,77,10.427526305301713
mantoverde,78,10.427526305352423
mantoverde,79,10.427526305314865
mantoverde,80,10.427526305342681
mantoverde,81,10.427526305322079
mantoverde,82,10.427526305337338
mantoverde,83,10.427526305326037
mantoverde,84,10.427526305334407
ministro hales,1,16.12320890849397
ministro hales,2,15.340866720926304
ministro hales,3,15.208552207291643
ministro hales,4,15.186174364454345
ministro hales,5,15.182389686293993
ministro hales,6,15.181749598289015
ministro hales,7,15.181641342676052
ministro hales,8,15.181623033822197
ministro hales,9,15.181619937316432
ministro hales,10,15.181619413616367
ministro hales,11,15.181619325044997
ministro hales,12,15.181619310065264
ministro hales,13,15.181619307531799
ministro hales,14,15.181619307103324
ministro hales,15,15.181619307030857
ministro hales,16,15.181619307018602
ministro hales,17,15.181619307016529
ministro hales,18,15.18161930701618
ministro hales,19,15.18161930701612
ministro hales,20,15.18161930701611
ministro hales,21,15.181619307016108
ministro hales,22,15.181619307016108
ministro hales,23,15.181619307016108
ministro hales,24,15.181619307016108
ministro hales,25,15.181619307016108
ministro hales,26,15.181619307016108
ministro hales,27,15.181619307016108
ministro hales,28,15.181619307016108
ministro hales,29,15.181619307016108
ministro hales,30,15.181619307016108
ministro hales,31,15.181619307016108
ministro hales,32,15.181619307016108
ministro hales,33,15.181619307016108
ministro hales,34,15.181619307016108
ministro hales,35,15.181619307016108
ministro hales,36,15.181619307016108
ministro hales,37,15.181619307016108
ministro hales,38,15.181619307016108
ministro hales,39,15.181619307016108
ministro hales,40,15.181619307016108
ministro hales,41,15.181619307016108
ministro hales,42,15.181619307016108
ministro hales,43,15.181619307016108
ministro hales,44,15.181619307016108
ministro hales,45,15.181619307016108
ministro hales,46,15.181619307016108
ministro hales,47,15.181619307016108
ministro hales,48,15.181619307016108
ministro hales,49,15.181619307016108
ministro hales,50,15.181619307016108
ministro hales,51,15.181619307016108
ministro hales,52,15.181619307016108
ministro hales,53,15.181619307016108
ministro hales,54,15.181619307016108
ministro hales,55,15.181619307016108
ministro hales,56,15.181619307016108
ministro hales,57,15.181619307016108
ministro hales,58,15.181619307016108
ministro hales,59,15.181619307016108
ministro hales,60,15.181619307016108
ministro hales,61,15.181619307016108
ministro hales,62,15.181619307016108
ministro hales,63,15.181619307016108
ministro hales,64,15.181619307016108
ministro hales,65,15.181619307016108
ministro hales,66,15.181619307016108
ministro hales,67,15.181619307016108
ministro hales,68,15.181619307016108
ministro hales,69,15.181619307016108
ministro hales,70,15.181619307016108
ministro hales,71,15.181619307016108
ministro hales,72,15.181619307016108
ministro hales,73,15.181619307016108
ministro hales,74,15.181619307016108
ministro hales,75,15.181619307016108
ministro hales,76,15.181619307016108
ministro hales,77,15.181619307016108
ministro hales,78,15.181619307016108
ministro hales,79,15.181619307016108
ministro hales,80,15.181619307016108
ministro hales,81,15.181619307016108
ministro hales,82,15.181619307016108
ministro hales,83,15.181619307016108
ministro hales,84,15.181619307016108
ojos del salado,1,1.2492201866008181
ojos del salado,2,1.2401281462422746
ojos del salado,3,1.2391644556651373
ojos del salado,4,1.2390623114277781
ojos del salado,5,1.2390514848767324
ojos del salado,6,1.2390503373405564
ojos del salado,7,1.239050215710014
ojos del salado,8,1.2390502028180554
ojos del salado,9,1.239050201451601
ojos del salado,10,1.2390502013067666
ojos del salado,11,1.239050201291415
ojos del salado,12,1.239050201289788
ojos del salado,13,1.2390502012896154
ojos del salado,14,1.2390502012895972
ojos del salado,15,1.2390502012895952
ojos del salado,16,1.239050201289595
ojos del salado,17,1.239050201289595
ojos del salado,18,1.239050201289595
ojos del salado,19,1.239050201289595
ojos del salado,20,1.239050201289595
ojos del salado,21,1.239050201289595
ojos del salado,22,1.239050201289595
ojos del salado,23,1.239050201289595
ojos del salado,24,1.239050201289595
ojos del salado,25,1.239050201289595
ojos del salado,26,1.239050201289595
ojos del salado,27,1.239050201289595
ojos del salado,28,1.239050201289595
ojos del salado,29,1.239050201289595
ojos del salado,30,1.239050201289595
ojos del salado,31,1.239050201289595
ojos del salado,32,1.239050201289595
ojos del salado,33,1.239050201289595
ojos del salado,34,1.239050201289595
ojos del salado,35,1.239050201289595
ojos del salado,36,1.239050201289595
ojos del salado,37,1.239050201289595
ojos del salado,38,1.239050201289595
ojos del salado,39,1.239050201289595
ojos del salado,40,1.239050201289595
ojos del salado,41,1.239050201289595
ojos del salado,42,1.239050201289595
ojos del salado,43,1.239050201289595
ojos del salado,44,1.239050201289595
ojos del salado,45,1.239050201289595
ojos del salado,46,1.239050201289595
ojos del salado,47,1.239050201289595
ojos del salado,48,1.239050201289595
ojos del salado,49,1.239050201289595
ojos del salado,50,1.239050201289595
ojos del salado,51,1.239050201289595
ojos del salado,52,1.239050201289595
ojos del salado,53,1.239050201289595
ojos del salado,54,1.239050201289595
ojos del salado,55,1.239050201289595
ojos del salado,56,1.239050201289595
ojos del salado,57,1.239050201289595
ojos del salado,58,1.239050201289595
ojos del salado,59,1.239050201289595
ojos del salado,60,1.239050201289595
ojos del salado,61,1.239050201289595
ojos del salado,62,1.239050201289595
ojos del salado,63,1.239050201289595
ojos del salado,64,1.239050201289595
ojos del salado,65,1.239050201289595
ojos del salado,66,1.239050201289595
ojos del salado,67,1.239050201289595
ojos del salado,68,1.239050201289595
ojos del salado,69,1.239050201289595
ojos del salado,70,1.239050201289595
ojos del salado,71,1.239050201289595
ojos del salado,72,1.239050201289595
ojos del salado,73,1.239050201289595
ojos del salado,74,1.239050201289595
ojos del salado,75,1.239050201289595
ojos del salado,76,1.239050201289595
ojos del salado,77,1.239050201289595
ojos del salado,78,1.239050201289595
ojos del salado,79,1.239050201289595
ojos del salado,80,1.239050201289595
ojos del salado,81,1.239050201289595
ojos del salado,82,1.239050201289595
ojos del salado,83,1.239050201289595
ojos del salado,84,1.239050201289595
otros,1,9.668093430578661
otros,2,9.5451744975963
otros,3,9.515426774303931
otros,4,9.508227500606962
otros,5,9.50648519780098
otros,6,9.506063541506817
otros,7,9.505961496081765
otros,8,9.505936799975201
otros,9,9.505930823247885
otros,10,9.505929376814645
otros,11,9.505929026762015
otros,12,9.505928942045458
otros,13,9.505928921543127
otros,14,9.50592891658134
otros,15,9.505928915380533
otros,16,9.505928915089925
otros,17,9.505928915019595
otros,18,9.505928915002574
otros,19,9.505928914998455
otros,20,9.505928914997458
otros,21,9.505928914997217
otros,22,9.505928914997158
otros,23,9.505928914997144
otros,24,9.50592891499714
otros,25,9.50592891499714
otros,26,9.50592891499714
otros,27,9.50592891499714
otros,28,9.50592891499714
otros,29,9.50592891499714
otros,30,9.50592891499714
otros,31,9.50592891499714
otros,32,9.50592891499714
otros,33,9.50592891499714
otros,34,9.50592891499714
otros,35,9.50592891499714
otros,36,9.50592891499714
otros,37,9.50592891499714
otros,38,9.50592891499714
otros,39,9.50592891499714
otros,40,9.50592891499714
otros,41,9.50592891499714
otros,42,9.50592891499714
otros,43,9.50592891499714
otros,44,9.50592891499714
otros,45,9.50592891499714
otros,46,9.50592891499714
otros,47,9.50592891499714
otros,48,9.50592891499714
otros,49,9.50592891499714
otros,50,9.50592891499714
otros,51,9.50592891499714
otros,52,9.50592891499714
otros,53,9.50592891499714
otros,54,9.50592891499714
otros,55,9.50592891499714
otros,56,9.50592891499714
otros,57,9.50592891499714
otros,58,9.50592891499714
otros,59,9.50592891499714
otros,60,9.50592891499714
otros,61,9.50592891499714
otros,62,9.50592891499714
otros,63,9.50592891499714
otros,64,9.50592891499714
otros,65,9.50592891499714
otros,66,9.50592891499714
otros,67,9.50592891499714
otros,68,9.50592891499714
otros,69,9.50592891499714
otros,70,9.50592891499714
otros,71,9.50592891499714
otros,72,9.50592891499714
otros,73,9.50592891499714
otros,74,9.50592891499714
otros,75,9.50592891499714
otros,76,9.50592891499714
otros,77,9.50592891499714
otros,78,9.50592891499714
otros,79,9.50592891499714
otros,80,9.50592891499714
otros,81,9.50592891499714
otros,82,9.50592891499714
otros,83,9.50592891499714
otros,84,9.50592891499714
radomiro tomic,1,27.91786155946006
radomiro tomic,2,26.6146651160848
radomiro tomic,3,25.89781339439357
radomiro tomic,4,25.503493417920378
radomiro tomic,5,25.28658908590736
radomiro tomic,6,25.167276111538655
radomiro tomic,7,25.101645399046234
radomiro tomic,8,25.065543789434592
radomiro tomic,9,25.045685309051617
radomiro tomic,10,25.034761717351323
radomiro tomic,11,25.028752956694237
radomiro tomic,12,25.025447706404336
radomiro tomic,13,25.023629581153166
radomiro tomic,14,25.022629481572494
radomiro tomic,15,25.02207935491284
radomiro tomic,16,25.021776745705207
radomiro tomic,17,25.021610288888514
radomiro tomic,18,25.021518725673896
radomiro tomic,19,25.021468359324007
radomiro tomic,20,25.021440654211077
radomiro tomic,21,25.021425414407435
radomiro tomic,22,25.021417031419947
radomiro tomic,23,25.021412420174233
radomiro tomic,24,25.02140988365762
radomiro tomic,25,25.02140848839115
radomiro tomic,26,25.021407720894295
radomiro tomic,27,25.021407298715854
radomiro tomic,28,25.021407066487363
radomiro tomic,29,25.021406938745
radomiro tomic,30,25.021406868477516
radomiro tomic,31,25.02140682982535
radomiro tomic,32,25.021406808563878
radomiro tomic,33,25.02140679686854
radomiro tomic,34,25.021406790435265
radomiro tomic,35,25.0214067868965
radomiro tomic,36,25.021406784949924
radomiro tomic,37,25.02140678387917
radomiro tomic,38,25.021406783290175
radomiro tomic,39,25.021406782966185
radomiro tomic,40,25.021406782787967
radomiro tomic,41,25.021406782689933
radomiro tomic,42,25.02140678263601
radomiro tomic,43,25.02140678260635
radomiro tomic,44,25.02140678259003
radomiro tomic,45,25.021406782581057
radomiro tomic,46,25.02140678257612
radomiro tomic,47,25.021406782573404
radomiro tomic,48,25.021406782571912
radomiro tomic,49,25.02140678257109
radomiro tomic,50,25.02140678257064
radomiro tomic,51,25.02140678257039
radomiro tomic,52,25.021406782570256
radomiro tomic,53,25.021406782570182
radomiro tomic,54,25.02140678257014
radomiro tomic,55,25.021406782570118
radomiro tomic,56,25.021406782570104
radomiro tomic,57,25.021406782570097
radomiro tomic,58,25.021406782570093
radomiro tomic,59,25.02140678257009
radomiro tomic,60,25.02140678257009
radomiro tomic,61,25.02140678257009
radomiro tomic,62,25.02140678257009
radomiro tomic,63,25.02140678257009
radomiro tomic,64,25.02140678257009
radomiro tomic,65,25.02140678257009
radomiro tomic,66,25.02140678257009
radomiro tomic,67,25.02140678257009
radomiro tomic,68,25.02140678257009
radomiro tomic,69,25.02140678257009
radomiro tomic,70,25.02140678257009
radomiro tomic,71,25.02140678257009
radomiro tomic,72,25.02140678257009
radomiro tomic,73,25.02140678257009
radomiro tomic,74,25.02140678257009
radomiro tomic,75,25.02140678257009
radomiro tomic,76,25.02140678257009
radomiro tomic,77,25.02140678257009
radomiro tomic,78,25.02140678257009
radomiro tomic,79,25.02140678257009
radomiro tomic,80,25.02140678257009
radomiro tomic,81,25.02140678257009
radomiro tomic,82,25.02140678257009
radomiro tomic,83,25.02140678257009
radomiro tomic,84,25.02140678257009
salvador,1,6.9879749677155
salvador,2,5.8116967810808156
salvador,3,5.504906827045523
salvador,4,5.42489167674655
salvador,5,5.40402259614872
salvador,6,5.398579645365381
salvador,7,5.397160046974788
salvador,8,5.3967897956771385
salvador,9,5.396693228912679
salvador,10,5.396668042937485
salvador,11,5.396661474079658
salvador,12,5.396659760828819
salvador,13,5.396659313988818
salvador,14,5.396659197446638
salvador,15,5.396659167050793
salvador,16,5.396659159123128
salvador,17,5.39665915705548
salvador,18,5.3966591565162085
salvador,19,5.396659156375559
salvador,20,5.396659156338876
salvador,21,5.396659156329308
salvador,22,5.3966591563268125
salvador,23,5.396659156326161
salvador,24,5.396659156325992
salvador,25,5.396659156325947
salvador,26,5.396659156325936
salvador,27,5.396659156325933
salvador,28,5.396659156325932
salvador,29,5.396659156325932
salvador,30,5.396659156325932
salvador,31,5.396659156325932
salvador,32,5.396659156325932
salvador,33,5.396659156325932
salvador,34,5.396659156325932
salvador,35,5.396659156325932
salvador,36,5.396659156325932
salvador,37,5.396659156325932
salvador,38,5.396659156325932
salvador,39,5.396659156325932
salvador,40,5.396659156325932
salvador,41,5.396659156325932
salvador,42,5.396659156325932
salvador,43,5.396659156325932
salvador,44,5.396659156325932
salvador,45,5.396659156325932
salvador,46,5.396659156325932
salvador,47,5.396659156325932
salvador,48,5.396659156325932
salvador,49,5.396659156325932
salvador,50,5.396659156325932
salvador,51,5.396659156325932
salvador,52,5.396659156325932
salvador,53,5.396659156325932
salvador,54,5.396659156325932
salvador,55,5.396659156325932
salvador,56,5.396659156325932
salvador,57,5.396659156325932
salvador,58,5.396659156325932
salvador,59,5.396659156325932
salvador,60,5.396659156325932
salvador,61,5.396659156325932
salvador,62,5.396659156325932
salvador,63,5.396659156325932
salvador,64,5.396659156325932
salvador,65,5.396659156325932
salvador,66,5.396659156325932
salvador,67,5.396659156325932
salvador,68,5.396659156325932
salvador,69,5.396659156325932
salvador,70,5.396659156325932
salvador,71,5.396659156325932
salvador,72,5.396659156325932
salvador,73,5.396659156325932
salvador,74,5.396659156325932
salvador,75,5.396659156325932
salvador,76,5.396659156325932
salvador,77,5.396659156325932
salvador,78,5.396659156325932
salvador,79,5.396659156325932
salvador,80,5.396659156325932
salvador,81,5.396659156325932
salvador,82,5.396659156325932
salvador,83,5.396659156325932
salvador,84,5.396659156325932
sierra gorda,1,14.395406369737534
sierra gorda,2,14.432939815191745
sierra gorda,3,14.4299075748942
sierra gorda,4,14.430152542578641
sierra gorda,5,14.430132752205672
sierra gorda,6,14.430134351024158
sierra gorda,7,14.430134221859308
sierra gorda,8,14.430134232294238
sierra gorda,9,14.430134231451223
sierra gorda,10,14.430134231519329
sierra gorda,11,14.430134231513827
sierra gorda,12,14.430134231514272
sierra gorda,13,14.430134231514236
sierra gorda,14,14.43013423151424
sierra gorda,15,14.43013423151424
sierra gorda,16,14.43013423151424
sierra gorda,17,14.43013423151424
sierra gorda,18,14.43013423151424
sierra gorda,19,14.43013423151424
sierra gorda,20,14.43013423151424
sierra gorda,21,14.43013423151424
sierra gorda,22,14.43013423151424
sierra gorda,23,14.43013423151424
sierra gorda,24,14.43013423151424
sierra gorda,25,14.43013423151424
sierra gorda,26,14.43013423151424
sierra gorda,27,14.43013423151424
sierra gorda,28,14.43013423151424
sierra gorda,29,14.43013423151424
sierra gorda,30,14.43013423151424
sierra gorda,31,14.43013423151424
sierra gorda,32,14.43013423151424
sierra gorda,33,14.43013423151424
sierra gorda,34,14.43013423151424
sierra gorda,35,14.43013423151424
sierra gorda,36,14.43013423151424
sierra gorda,37,14.43013423151424
sierra gorda,38,14.43013423151424
sierra gorda,39,14.43013423151424
sierra gorda,40,14.43013423151424
sierra gorda,41,14.43013423151424
sierra gorda,42,14.43013423151424
sierra gorda,43,14.43013423151424
sierra gorda,44,14.43013423151424
sierra gorda,45,14.43013423151424
sierra gorda,46,14.43013423151424
sierra gorda,47,14.43013423151424
sierra gorda,48,14.43013423151424
sierra gorda,49,14.43013423151424
sierra gorda,50,14.43013423151424
sierra gorda,51,14.43013423151424
sierra gorda,52,14.43013423151424
sierra gorda,53,14.43013423151424
sierra gorda,54,14.43013423151424
sierra gorda,55,14.43013423151424
sierra gorda,56,14.43013423151424
sierra gorda,57,14.43013423151424
sierra gorda,58,14.43013423151424
sierra gorda,59,14.43013423151424
sierra gorda,60,14.43013423151424
sierra gorda,61,14.43013423151424
sierra gorda,62,14.43013423151424
sierra gorda,63,14.43013423151424
sierra gorda,64,14.43013423151424
sierra gorda,65,14.43013423151424
sierra gorda,66,14.43013423151424
sierra gorda,67,14.43013423151424
sierra gorda,68,14.43013423151424
sierra gorda,69,14.43013423151424
sierra gorda,70,14.43013423151424
sierra gorda,71,14.43013423151424
sierra gorda,72,14.43013423151424
sierra gorda,73,14.43013423151424
sierra gorda,74,14.43013423151424
sierra gorda,75,14.43013423151424
sierra gorda,76,14.43013423151424
sierra gorda,77,14.43013423151424
sierra gorda,78,14.43013423151424
sierra gorda,79,14.43013423151424
sierra gorda,80,14.43013423151424
sierra gorda,81,14.43013423151424
sierra gorda,82,14.43013423151424
sierra gorda,83,14.43013423151424
sierra gorda,84,14.43013423151424
zaldivar,1,8.605293019146673
zaldivar,2,8.087339922498481
zaldivar,3,7.7458953167294355
zaldivar,4,7.520808490213238
zaldivar,5,7.372426941302776
zaldivar,6,7.274610981133809
zaldivar,7,7.210128825946504
zaldivar,8,7.167620953709528
zaldivar,9,7.139598949840916
zaldivar,10,7.121126307963314
zaldivar,11,7.10894878848476
zaldivar,12,7.100921134312004
zaldivar,13,7.095629150864073
zaldivar,14,7.092140573975918
zaldivar,15,7.089840837246899
zaldivar,16,7.088324806730055
zaldivar,17,7.0873254103648105
zaldivar,18,7.086666589131486
zaldivar,19,7.086232281550856
zaldivar,20,7.0859459776719715
zaldivar,21,7.085757240669165
zaldivar,22,7.08563282162054
zaldivar,23,7.085550802199703
zaldivar,24,7.085496733425919
zaldivar,25,7.085461090254234
zaldivar,26,7.085437593592503
zaldivar,27,7.085422104142872
zaldivar,28,7.085411893200884
zaldivar,29,7.0854051619522735
zaldivar,30,7.085400724584213
zaldivar,31,7.085397799386163
zaldivar,32,7.085395871039559
zaldivar,33,7.085394599836529
zaldivar,34,7.085393761835134
zaldivar,35,7.085393209408558
zaldivar,36,7.085392845238374
zaldivar,37,7.085392605170411
zaldivar,38,7.08539244691301
zaldivar,39,7.085392342586699
zaldivar,40,7.085392273812796
zaldivar,41,7.085392228475722
zaldivar,42,7.085392198588653
zaldivar,43,7.085392178886525
zaldivar,44,7.085392165898504
zaldivar,45,7.085392157336552
zaldivar,46,7.08539215169235
zaldivar,47,7.085392147971583
zaldivar,48,7.0853921455187825
zaldivar,49,7.085392143901849
zaldivar,50,7.085392142835936
zaldivar,51,7.085392142133265
zaldivar,52,7.085392141670051
zaldivar,53,7.085392141364692
zaldivar,54,7.0853921411633936
zaldivar,55,7.0853921410306935
zaldivar,56,7.085392140943215
zaldivar,57,7.085392140885547
zaldivar,58,7.0853921408475316
zaldivar,59,7.085392140822471
zaldivar,60,7.085392140805951
zaldivar,61,7.08539214079506
zaldivar,62,7.085392140787881
zaldivar,63,7.0853921407831475
zaldivar,64,7.085392140780027
zaldivar,65,7.08539214077797
zaldivar,66,7.085392140776614
zaldivar,67,7.0853921407757205
zaldivar,68,7.085392140775132
zaldivar,69,7.0853921407747436
zaldivar,70,7.085392140774488
zaldivar,71,7.085392140774319
zaldivar,72,7.085392140774208
zaldivar,73,7.085392140774134
zaldivar,74,7.085392140774086
zaldivar,75,7.085392140774054
zaldivar,76,7.085392140774033
zaldivar,77,7.085392140774019
zaldivar,78,7.08539214077401
zaldivar,79,7.085392140774004
zaldivar,80,7.085392140774
zaldivar,81,7.0853921407739975
zaldivar,82,7.085392140773996
zaldivar,83,7.085392140773995
zaldivar,84,7.085392140773994
