Mine,ForecastDate,Horizonte,Pred,Naive_Pred,Lower,Upper,Origin_Prod,Mine_Size,Size_Label,Company_Size,Segment
andacollo,2026-01-01,1,2.8700718846707973,5.487,1.4190718846707975,3.883071884670798,5.487,0,Small,1,SmallMed
andacollo,2026-03-01,3,2.699071884670798,5.487,1.8430718846707974,3.712071884670798,5.487,0,Small,1,SmallMed
andacollo,2026-06-01,6,5.721071884670797,5.487,3.909071884670798,4.789071884670798,5.487,0,Small,1,SmallMed
andacollo,2026-09-01,9,2.1950718846707975,5.487,0.9650718846707973,3.8100718846707977,5.487,0,Small,1,SmallMed
andacollo,2026-12-01,12,10.353071884670797,5.487,3.829071884670798,3.9590718846707977,5.487,0,Small,1,SmallMed
andacollo,2027-06-01,18,10.400071884670798,5.487,2.726071884670798,3.928071884670798,5.487,0,Small,1,SmallMed
andacollo,2027-12-01,24,14.337071884670799,5.487,3.0570718846707976,3.5510718846707974,5.487,0,Small,1,SmallMed
andacollo,2028-06-01,30,10.004071884670799,5.487,2.0410718846707976,3.5760718846707977,5.487,0,Small,1,SmallMed
andacollo,2028-12-01,36,19.310071884670798,5.487,2.936071884670798,3.0650718846707976,5.487,0,Small,1,SmallMed
andacollo,2029-06-01,42,22.254071884670797,5.487,3.978071884670798,3.680071884670798,5.487,0,Small,1,SmallMed
andacollo,2029-12-01,48,17.940071884670797,5.487,4.7720718846707975,4.012071884670798,5.487,0,Small,1,SmallMed
andacollo,2030-06-01,54,19.409071884670798,5.487,3.8390718846707976,4.431071884670798,5.487,0,Small,1,SmallMed
andacollo,2030-12-01,60,18.069071884670798,5.487,5.096071884670797,3.5960718846707973,5.487,0,Small,1,SmallMed
andacollo,2031-12-01,72,16.923071884670797,5.487,2.872071884670798,3.2030718846707975,5.487,0,Small,1,SmallMed
andacollo,2032-12-01,84,15.464071884670798,5.487,4.430071884670798,2.915071884670798,5.487,0,Small,1,SmallMed
andina,2026-01-01,1,16.264725648118215,24.069,10.252725648118211,23.059725648118214,24.069,3,Colossal,2,LargeColossal
andina,2026-03-01,3,12.208725648118213,24.069,6.749725648118212,24.066725648118215,24.069,3,Colossal,2,LargeColossal
andina,2026-06-01,6,61.93472564811821,24.069,34.18772564811821,25.159725648118215,24.069,3,Colossal,2,LargeColossal
andina,2026-09-01,9,11.659725648118211,24.069,8.305725648118212,24.676725648118214,24.069,3,Colossal,2,LargeColossal
andina,2026-12-01,12,54.79572564811821,24.069,38.12672564811821,24.183725648118212,24.069,3,Colossal,2,LargeColossal
andina,2027-06-01,18,59.05472564811821,24.069,34.66372564811821,25.895725648118216,24.069,3,Colossal,2,LargeColossal
andina,2027-12-01,24,57.222725648118214,24.069,40.11872564811821,24.641725648118214,24.069,3,Colossal,2,LargeColossal
andina,2028-06-01,30,59.35372564811821,24.069,34.68872564811821,24.657725648118213,24.069,3,Colossal,2,LargeColossal
andina,2028-12-01,36,76.2507256481182,24.069,47.42772564811821,24.361725648118213,24.069,3,Colossal,2,LargeColossal
andina,2029-06-01,42,112.6647256481182,24.069,53.68672564811821,26.393725648118213,24.069,3,Colossal,2,LargeColossal
andina,2029-12-01,48,116.91872564811821,24.069,49.033725648118214,25.182725648118215,24.069,3,Colossal,2,LargeColossal
andina,2030-06-01,54,119.43372564811821,24.069,51.54072564811821,24.033725648118214,24.069,3,Colossal,2,LargeColossal
andina,2030-12-01,60,116.62472564811821,24.069,46.14672564811821,25.481725648118214,24.069,3,Colossal,2,LargeColossal
andina,2031-12-01,72,122.87972564811821,24.069,46.38772564811821,25.767725648118216,24.069,3,Colossal,2,LargeColossal
andina,2032-12-01,84,116.4797256481182,24.069,46.38772564811821,24.619725648118212,24.069,3,Colossal,2,LargeColossal
antucoya,2026-01-01,1,6.947713037216917,8.211,6.4357130372169165,8.128713037216917,8.211,1,Medium,1,SmallMed
antucoya,2026-03-01,3,6.732713037216917,8.211,5.835713037216917,8.018713037216918,8.211,1,Medium,1,SmallMed
antucoya,2026-06-01,6,14.167713037216917,8.211,10.868713037216917,12.546713037216916,8.211,1,Medium,1,SmallMed
antucoya,2026-09-01,9,6.296713037216917,8.211,4.491713037216917,8.049713037216916,8.211,1,Medium,1,SmallMed
antucoya,2026-12-01,12,15.952713037216917,8.211,12.744713037216917,13.410713037216917,8.211,1,Medium,1,SmallMed
antucoya,2027-06-01,18,15.380713037216918,8.211,13.263713037216917,13.913713037216917,8.211,1,Medium,1,SmallMed
antucoya,2027-12-01,24,17.566713037216918,8.211,13.261713037216916,12.498713037216916,8.211,1,Medium,1,SmallMed
antucoya,2028-06-01,30,16.718713037216915,8.211,12.598713037216918,13.552713037216916,8.211,1,Medium,1,SmallMed
antucoya,2028-12-01,36,19.044713037216916,8.211,13.711713037216917,11.649713037216916,8.211,1,Medium,1,SmallMed
antucoya,2029-06-01,42,20.788713037216915,8.211,15.022713037216917,15.584713037216916,8.211,1,Medium,1,SmallMed
antucoya,2029-12-01,48,19.77971303721692,8.211,14.833713037216917,19.187713037216916,8.211,1,Medium,1,SmallMed
antucoya,2030-06-01,54,22.153713037216917,8.211,14.552713037216916,19.136713037216918,8.211,1,Medium,1,SmallMed
antucoya,2030-12-01,60,20.425713037216916,8.211,14.450713037216916,14.786713037216916,8.211,1,Medium,1,SmallMed
antucoya,2031-12-01,72,19.43071303721692,8.211,14.989713037216918,13.385713037216917,8.211,1,Medium,1,SmallMed
antucoya,2032-12-01,84,17.662713037216918,8.211,13.789713037216917,15.665713037216916,8.211,1,Medium,1,SmallMed
atacama kozan,2026-01-01,1,0.9892145014724918,1.067,0.8262145014724919,1.157214501472492,1.067,0,Small,0,SmallMed
atacama kozan,2026-03-01,3,0.9382145014724919,1.067,0.7152145014724919,1.1812145014724917,1.067,0,Small,0,SmallMed
atacama kozan,2026-06-01,6,1.9732145014724918,1.067,2.041214501472492,1.1952145014724918,1.067,0,Small,0,SmallMed
atacama kozan,2026-09-01,9,0.7232145014724919,1.067,0.5892145014724919,1.109214501472492,1.067,0,Small,0,SmallMed
atacama kozan,2026-12-01,12,3.483214501472492,1.067,1.8342145014724918,1.274214501472492,1.067,0,Small,0,SmallMed
atacama kozan,2027-06-01,18,2.288214501472492,1.067,1.6922145014724919,1.290214501472492,1.067,0,Small,0,SmallMed
atacama kozan,2027-12-01,24,2.6902145014724916,1.067,1.8172145014724919,1.242214501472492,1.067,0,Small,0,SmallMed
atacama kozan,2028-06-01,30,2.0722145014724918,1.067,2.058214501472492,1.242214501472492,1.067,0,Small,0,SmallMed
atacama kozan,2028-12-01,36,2.779214501472492,1.067,2.0962145014724918,1.3002145014724917,1.067,0,Small,0,SmallMed
atacama kozan,2029-06-01,42,3.426214501472492,1.067,2.6092145014724917,1.248214501472492,1.067,0,Small,0,SmallMed
atacama kozan,2029-12-01,48,3.491214501472492,1.067,2.255214501472492,1.2182145014724919,1.067,0,Small,0,SmallMed
atacama kozan,2030-06-01,54,3.412214501472492,1.067,2.386214501472492,1.4972145014724918,1.067,0,Small,0,SmallMed
atacama kozan,2030-12-01,60,3.4962145014724917,1.067,2.3632145014724917,1.498214501472492,1.067,0,Small,0,SmallMed
atacama kozan,2031-12-01,72,3.631214501472492,1.067,2.461214501472492,1.4752145014724918,1.067,0,Small,0,SmallMed
atacama kozan,2032-12-01,84,3.372214501472492,1.067,2.4922145014724917,1.415214501472492,1.067,0,Small,0,SmallMed
candelaria,2026-01-01,1,11.586641661937866,11.228,9.165641661937867,12.907641661937868,11.228,2,Large,1,LargeColossal
candelaria,2026-03-01,3,12.189641661937868,11.228,6.695641661937868,14.405641661937867,11.228,2,Large,1,LargeColossal
candelaria,2026-06-01,6,18.067641661937866,11.228,21.725641661937868,15.852641661937867,11.228,2,Large,1,LargeColossal
candelaria,2026-09-01,9,6.930641661937869,11.228,4.802641661937868,14.946641661937868,11.228,2,Large,1,LargeColossal
candelaria,2026-12-01,12,31.474641661937866,11.228,22.980641661937867,15.509641661937867,11.228,2,Large,1,LargeColossal
candelaria,2027-06-01,18,38.405641661937864,11.228,23.10464166193787,16.902641661937867,11.228,2,Large,1,LargeColossal
candelaria,2027-12-01,24,39.41664166193787,11.228,23.901641661937866,15.575641661937867,11.228,2,Large,1,LargeColossal
candelaria,2028-06-01,30,36.57764166193787,11.228,20.591641661937867,17.196641661937868,11.228,2,Large,1,LargeColossal
candelaria,2028-12-01,36,36.66664166193787,11.228,22.465641661937866,15.887641661937867,11.228,2,Large,1,LargeColossal
candelaria,2029-06-01,42,41.792641661937864,11.228,23.966641661937867,17.40764166193787,11.228,2,Large,1,LargeColossal
candelaria,2029-12-01,48,54.99564166193787,11.228,23.550641661937867,16.271641661937867,11.228,2,Large,1,LargeColossal
candelaria,2030-06-01,54,61.57764166193787,11.228,22.735641661937866,15.903641661937867,11.228,2,Large,1,LargeColossal
candelaria,2030-12-01,60,58.76864166193787,11.228,21.329641661937867,16.591641661937867,11.228,2,Large,1,LargeColossal
candelaria,2031-12-01,72,59.44064166193787,11.228,22.384641661937867,17.841641661937867,11.228,2,Large,1,LargeColossal
candelaria,2032-12-01,84,57.356641661937864,11.228,22.154641661937866,17.65164166193787,11.228,2,Large,1,LargeColossal
caserones,2026-01-01,1,12.024709386873445,15.225,8.526709386873446,16.036709386873444,15.225,2,Large,1,LargeColossal
caserones,2026-03-01,3,11.191709386873445,15.225,5.611709386873445,15.958709386873444,15.225,2,Large,1,LargeColossal
caserones,2026-06-01,6,31.462709386873446,15.225,25.832709386873447,16.856709386873444,15.225,2,Large,1,LargeColossal
caserones,2026-09-01,9,7.095709386873445,15.225,5.804709386873445,15.205709386873444,15.225,2,Large,1,LargeColossal
caserones,2026-12-01,12,40.384709386873446,15.225,22.883709386873445,19.776709386873446,15.225,2,Large,1,LargeColossal
caserones,2027-06-01,18,43.70670938687345,15.225,19.008709386873445,23.135709386873444,15.225,2,Large,1,LargeColossal
caserones,2027-12-01,24,39.311709386873446,15.225,19.008709386873445,23.090709386873446,15.225,2,Large,1,LargeColossal
caserones,2028-06-01,30,42.134709386873446,15.225,19.061709386873446,24.571709386873444,15.225,2,Large,1,LargeColossal
caserones,2028-12-01,36,45.762709386873446,15.225,25.690709386873444,23.276709386873446,15.225,2,Large,1,LargeColossal
caserones,2029-06-01,42,74.98270938687344,15.225,28.526709386873446,24.609709386873444,15.225,2,Large,1,LargeColossal
caserones,2029-12-01,48,66.75870938687345,15.225,26.373709386873443,27.410709386873446,15.225,2,Large,1,LargeColossal
caserones,2030-06-01,54,79.85170938687344,15.225,25.234709386873444,29.268709386873446,15.225,2,Large,1,LargeColossal
caserones,2030-12-01,60,75.19570938687345,15.225,23.758709386873445,35.51370938687345,15.225,2,Large,1,LargeColossal
caserones,2031-12-01,72,75.77370938687343,15.225,25.053709386873447,35.329709386873446,15.225,2,Large,1,LargeColossal
caserones,2032-12-01,84,70.15370938687344,15.225,24.200709386873445,38.04870938687345,15.225,2,Large,1,LargeColossal
centinela,2026-01-01,1,1.6275876881738252,5.308,0.908587688173825,4.000587688173825,5.308,2,Large,1,LargeColossal
centinela,2026-03-01,3,1.6625876881738249,5.308,1.434587688173825,3.662587688173825,5.308,2,Large,1,LargeColossal
centinela,2026-06-01,6,23.248587688173824,5.308,10.178587688173826,20.324587688173825,5.308,2,Large,1,LargeColossal
centinela,2026-09-01,9,2.133587688173825,5.308,1.6425876881738248,4.034587688173825,5.308,2,Large,1,LargeColossal
centinela,2026-12-01,12,26.324587688173825,5.308,10.047587688173826,23.316587688173826,5.308,2,Large,1,LargeColossal
centinela,2027-06-01,18,19.120587688173824,5.308,9.967587688173825,14.424587688173824,5.308,2,Large,1,LargeColossal
centinela,2027-12-01,24,27.672587688173824,5.308,10.946587688173825,16.232587688173826,5.308,2,Large,1,LargeColossal
centinela,2028-06-01,30,29.348587688173826,5.308,10.935587688173825,27.448587688173824,5.308,2,Large,1,LargeColossal
centinela,2028-12-01,36,27.504587688173824,5.308,11.143587688173826,23.660587688173823,5.308,2,Large,1,LargeColossal
centinela,2029-06-01,42,28.200587688173826,5.308,11.537587688173826,25.924587688173826,5.308,2,Large,1,LargeColossal
centinela,2029-12-01,48,25.721587688173823,5.308,11.101587688173826,27.506587688173823,5.308,2,Large,1,LargeColossal
centinela,2030-06-01,54,26.326587688173824,5.308,11.614587688173826,26.036587688173825,5.308,2,Large,1,LargeColossal
centinela,2030-12-01,60,25.893587688173824,5.308,10.711587688173825,27.817587688173823,5.308,2,Large,1,LargeColossal
centinela,2031-12-01,72,26.408587688173824,5.308,10.863587688173824,28.250587688173827,5.308,2,Large,1,LargeColossal
centinela,2032-12-01,84,26.449587688173825,5.308,10.867587688173826,27.123587688173824,5.308,2,Large,1,LargeColossal
centinela,2026-01-01,1,6.042587688173825,16.713,3.6085876881738246,13.394587688173825,16.713,2,Large,1,LargeColossal
centinela,2026-03-01,3,6.109587688173825,16.713,3.162587688173825,15.970587688173826,16.713,2,Large,1,LargeColossal
centinela,2026-06-01,6,43.32658768817383,16.713,25.327587688173825,18.233587688173824,16.713,2,Large,1,LargeColossal
centinela,2026-09-01,9,8.268587688173826,16.713,4.740587688173825,17.447587688173826,16.713,2,Large,1,LargeColossal
centinela,2026-12-01,12,43.502587688173826,16.713,28.910587688173823,16.999587688173825,16.713,2,Large,1,LargeColossal
centinela,2027-06-01,18,44.502587688173826,16.713,17.404587688173827,16.672587688173824,16.713,2,Large,1,LargeColossal
centinela,2027-12-01,24,51.21958768817383,16.713,23.975587688173825,19.285587688173823,16.713,2,Large,1,LargeColossal
centinela,2028-06-01,30,52.84558768817383,16.713,28.541587688173824,24.965587688173827,16.713,2,Large,1,LargeColossal
centinela,2028-12-01,36,50.185587688173825,16.713,26.899587688173824,25.514587688173826,16.713,2,Large,1,LargeColossal
centinela,2029-06-01,42,83.65858768817382,16.713,29.244587688173826,27.636587688173826,16.713,2,Large,1,LargeColossal
centinela,2029-12-01,48,85.03958768817382,16.713,27.048587688173825,24.219587688173824,16.713,2,Large,1,LargeColossal
centinela,2030-06-01,54,82.61358768817382,16.713,27.058587688173827,22.645587688173826,16.713,2,Large,1,LargeColossal
centinela,2030-12-01,60,82.14858768817383,16.713,25.972587688173824,25.065587688173824,16.713,2,Large,1,LargeColossal
centinela,2031-12-01,72,80.92358768817382,16.713,26.310587688173825,33.93058768817383,16.713,2,Large,1,LargeColossal
centinela,2032-12-01,84,78.86558768817383,16.713,26.076587688173824,31.367587688173824,16.713,2,Large,1,LargeColossal
chuquicamata,2026-01-01,1,14.291180522427277,49.033,8.262180522427277,34.16818052242728,49.033,3,Colossal,2,LargeColossal
chuquicamata,2026-03-01,3,13.966180522427278,49.033,7.280180522427278,37.68218052242728,49.033,3,Colossal,2,LargeColossal
chuquicamata,2026-06-01,6,107.45418052242727,49.033,48.83018052242728,52.49118052242728,49.033,3,Colossal,2,LargeColossal
chuquicamata,2026-09-01,9,20.178180522427276,49.033,9.284180522427276,38.980180522427275,49.033,3,Colossal,2,LargeColossal
chuquicamata,2026-12-01,12,91.00618052242727,49.033,67.08918052242727,54.08018052242728,49.033,3,Colossal,2,LargeColossal
chuquicamata,2027-06-01,18,100.07718052242727,49.033,62.35618052242727,66.42718052242726,49.033,3,Colossal,2,LargeColossal
chuquicamata,2027-12-01,24,108.83618052242727,49.033,92.19318052242727,71.72818052242727,49.033,3,Colossal,2,LargeColossal
chuquicamata,2028-06-01,30,100.40918052242728,49.033,61.92918052242728,69.48518052242727,49.033,3,Colossal,2,LargeColossal
chuquicamata,2028-12-01,36,117.27318052242727,49.033,91.51618052242728,78.79718052242727,49.033,3,Colossal,2,LargeColossal
chuquicamata,2029-06-01,42,213.93318052242728,49.033,99.72618052242727,75.73918052242728,49.033,3,Colossal,2,LargeColossal
chuquicamata,2029-12-01,48,204.28018052242726,49.033,95.30018052242727,85.34218052242727,49.033,3,Colossal,2,LargeColossal
chuquicamata,2030-06-01,54,231.50018052242726,49.033,100.77218052242728,88.59018052242727,49.033,3,Colossal,2,LargeColossal
chuquicamata,2030-12-01,60,228.98918052242726,49.033,90.92618052242727,106.68618052242726,49.033,3,Colossal,2,LargeColossal
chuquicamata,2031-12-01,72,233.88118052242726,49.033,94.02318052242727,111.50418052242728,49.033,3,Colossal,2,LargeColossal
chuquicamata,2032-12-01,84,216.23118052242728,49.033,91.66818052242728,116.36018052242727,49.033,3,Colossal,2,LargeColossal
collahuasi,2026-01-01,1,20.220866441651808,36.159,12.138866441651809,25.87286644165181,36.159,3,Colossal,2,LargeColossal
collahuasi,2026-03-01,3,19.54886644165181,36.159,6.695866441651807,26.075866441651804,36.159,3,Colossal,2,LargeColossal
collahuasi,2026-06-01,6,35.3328664416518,36.159,56.56986644165181,33.1438664416518,36.159,3,Colossal,2,LargeColossal
collahuasi,2026-09-01,9,9.405866441651808,36.159,0.8038664416518078,22.62886644165181,36.159,3,Colossal,2,LargeColossal
collahuasi,2026-12-01,12,94.7408664416518,36.159,52.32186644165181,51.206866441651805,36.159,3,Colossal,2,LargeColossal
collahuasi,2027-06-01,18,99.57586644165181,36.159,72.2848664416518,44.1098664416518,36.159,3,Colossal,2,LargeColossal
collahuasi,2027-12-01,24,97.1308664416518,36.159,68.6898664416518,48.315866441651806,36.159,3,Colossal,2,LargeColossal
collahuasi,2028-06-01,30,92.1808664416518,36.159,66.2878664416518,50.33986644165181,36.159,3,Colossal,2,LargeColossal
collahuasi,2028-12-01,36,83.2798664416518,36.159,64.61686644165181,48.169866441651806,36.159,3,Colossal,2,LargeColossal
collahuasi,2029-06-01,42,98.7878664416518,36.159,71.99186644165181,47.57186644165181,36.159,3,Colossal,2,LargeColossal
collahuasi,2029-12-01,48,135.3618664416518,36.159,68.4848664416518,70.7048664416518,36.159,3,Colossal,2,LargeColossal
collahuasi,2030-06-01,54,158.20986644165183,36.159,66.8298664416518,57.7848664416518,36.159,3,Colossal,2,LargeColossal
collahuasi,2030-12-01,60,163.15586644165182,36.159,62.70586644165181,69.35486644165181,36.159,3,Colossal,2,LargeColossal
collahuasi,2031-12-01,72,161.45486644165183,36.159,62.4698664416518,60.73586644165181,36.159,3,Colossal,2,LargeColossal
collahuasi,2032-12-01,84,157.95986644165183,36.159,63.35786644165181,76.03686644165181,36.159,3,Colossal,2,LargeColossal
el abra,2026-01-01,1,8.176413055088846,7.62,7.562413055088846,9.504413055088845,7.62,1,Medium,2,SmallMed
el abra,2026-03-01,3,7.645413055088846,7.62,7.332413055088845,9.268413055088844,7.62,1,Medium,2,SmallMed
el abra,2026-06-01,6,13.582413055088846,7.62,9.365413055088846,10.260413055088845,7.62,1,Medium,2,SmallMed
el abra,2026-09-01,9,6.853413055088845,7.62,6.002413055088845,9.478413055088845,7.62,1,Medium,2,SmallMed
el abra,2026-12-01,12,16.927413055088845,7.62,9.093413055088845,10.132413055088845,7.62,1,Medium,2,SmallMed
el abra,2027-06-01,18,14.378413055088846,7.62,8.576413055088844,9.727413055088846,7.62,1,Medium,2,SmallMed
el abra,2027-12-01,24,16.827413055088844,7.62,8.308413055088845,9.222413055088845,7.62,1,Medium,2,SmallMed
el abra,2028-06-01,30,16.438413055088844,7.62,8.326413055088844,9.569413055088846,7.62,1,Medium,2,SmallMed
el abra,2028-12-01,36,17.236413055088846,7.62,7.979413055088846,9.268413055088844,7.62,1,Medium,2,SmallMed
el abra,2029-06-01,42,17.431413055088846,7.62,8.082413055088844,9.748413055088845,7.62,1,Medium,2,SmallMed
el abra,2029-12-01,48,16.346413055088846,7.62,8.190413055088845,8.999413055088844,7.62,1,Medium,2,SmallMed
el abra,2030-06-01,54,18.829413055088846,7.62,8.108413055088844,9.049413055088845,7.62,1,Medium,2,SmallMed
el abra,2030-12-01,60,15.454413055088846,7.62,8.077413055088845,9.312413055088845,7.62,1,Medium,2,SmallMed
el abra,2031-12-01,72,15.275413055088846,7.62,7.7104130550888454,9.053413055088845,7.62,1,Medium,2,SmallMed
el abra,2032-12-01,84,14.705413055088846,7.62,7.639413055088846,9.074413055088845,7.62,1,Medium,2,SmallMed
el soldado,2026-01-01,1,3.845482320667034,3.312,2.668482320667034,4.263482320667034,3.312,0,Small,1,SmallMed
el soldado,2026-03-01,3,4.442482320667034,3.312,2.524482320667034,4.604482320667034,3.312,0,Small,1,SmallMed
el soldado,2026-06-01,6,2.466482320667034,3.312,2.942482320667034,3.429482320667034,3.312,0,Small,1,SmallMed
el soldado,2026-09-01,9,9.265482320667035,3.312,2.349482320667034,5.215482320667034,3.312,0,Small,1,SmallMed
el soldado,2026-12-01,12,2.394482320667034,3.312,2.322482320667034,3.337482320667034,3.312,0,Small,1,SmallMed
el soldado,2027-06-01,18,2.4754823206670338,3.312,1.814482320667034,3.362482320667034,3.312,0,Small,1,SmallMed
el soldado,2027-12-01,24,1.965482320667034,3.312,1.594482320667034,3.305482320667034,3.312,0,Small,1,SmallMed
el soldado,2028-06-01,30,2.105482320667034,3.312,1.584482320667034,3.255482320667034,3.312,0,Small,1,SmallMed
el soldado,2028-12-01,36,1.637482320667034,3.312,1.499482320667034,3.169482320667034,3.312,0,Small,1,SmallMed
el soldado,2029-06-01,42,1.728482320667034,3.312,1.673482320667034,3.197482320667034,3.312,0,Small,1,SmallMed
el soldado,2029-12-01,48,1.419482320667034,3.312,1.609482320667034,2.966482320667034,3.312,0,Small,1,SmallMed
el soldado,2030-06-01,54,1.501482320667034,3.312,1.659482320667034,3.033482320667034,3.312,0,Small,1,SmallMed
el soldado,2030-12-01,60,1.481482320667034,3.312,1.451482320667034,2.916482320667034,3.312,0,Small,1,SmallMed
el soldado,2031-12-01,72,1.567482320667034,3.312,1.811482320667034,2.983482320667034,3.312,0,Small,1,SmallMed
el soldado,2032-12-01,84,1.512482320667034,3.312,1.630482320667034,3.017482320667034,3.312,0,Small,1,SmallMed
el teniente,2026-01-01,1,15.007849693628552,28.587,9.685849693628553,19.667849693628554,28.587,3,Colossal,2,LargeColossal
el teniente,2026-03-01,3,12.265849693628551,28.587,4.063849693628553,20.265849693628553,28.587,3,Colossal,2,LargeColossal
el teniente,2026-06-01,6,69.25384969362855,28.587,43.658849693628554,24.538849693628556,28.587,3,Colossal,2,LargeColossal
el teniente,2026-09-01,9,6.0488496936285525,28.587,0.0,18.99284969362855,28.587,3,Colossal,2,LargeColossal
el teniente,2026-12-01,12,66.26284969362855,28.587,44.90284969362855,25.745849693628557,28.587,3,Colossal,2,LargeColossal
el teniente,2027-06-01,18,58.65684969362856,28.587,48.56784969362855,28.130849693628555,28.587,3,Colossal,2,LargeColossal
el teniente,2027-12-01,24,87.50684969362855,28.587,49.23584969362855,31.65384969362855,28.587,3,Colossal,2,LargeColossal
el teniente,2028-06-01,30,74.58784969362856,28.587,48.53184969362855,36.05584969362855,28.587,3,Colossal,2,LargeColossal
el teniente,2028-12-01,36,69.98684969362856,28.587,47.176849693628554,31.186849693628552,28.587,3,Colossal,2,LargeColossal
el teniente,2029-06-01,42,117.51584969362855,28.587,51.691849693628555,35.801849693628554,28.587,3,Colossal,2,LargeColossal
el teniente,2029-12-01,48,119.18384969362855,28.587,48.61984969362855,36.75384969362855,28.587,3,Colossal,2,LargeColossal
el teniente,2030-06-01,54,130.85384969362855,28.587,50.78484969362855,38.69384969362856,28.587,3,Colossal,2,LargeColossal
el teniente,2030-12-01,60,128.25884969362855,28.587,46.167849693628554,45.26384969362855,28.587,3,Colossal,2,LargeColossal
el teniente,2031-12-01,72,130.68984969362853,28.587,45.87684969362856,45.59184969362855,28.587,3,Colossal,2,LargeColossal
el teniente,2032-12-01,84,124.26784969362855,28.587,45.977849693628556,50.16884969362855,28.587,3,Colossal,2,LargeColossal
escondida,2026-01-01,1,119.19851034857783,111.535,84.86751034857782,129.93451034857785,111.535,3,Colossal,2,LargeColossal
escondida,2026-03-01,3,116.93651034857783,111.535,73.51351034857782,130.15051034857782,111.535,3,Colossal,2,LargeColossal
escondida,2026-06-01,6,152.93251034857784,111.535,203.33351034857785,132.45751034857784,111.535,3,Colossal,2,LargeColossal
escondida,2026-09-01,9,75.95651034857782,111.535,49.79651034857783,132.74051034857783,111.535,3,Colossal,2,LargeColossal
escondida,2026-12-01,12,245.81651034857785,111.535,175.51651034857784,131.13151034857785,111.535,3,Colossal,2,LargeColossal
escondida,2027-06-01,18,291.41351034857786,111.535,222.31251034857783,136.44651034857785,111.535,3,Colossal,2,LargeColossal
escondida,2027-12-01,24,343.2975103485778,111.535,221.14951034857785,142.12651034857785,111.535,3,Colossal,2,LargeColossal
escondida,2028-06-01,30,269.0765103485778,111.535,198.42551034857783,133.00051034857785,111.535,3,Colossal,2,LargeColossal
escondida,2028-12-01,36,298.45551034857783,111.535,211.29551034857784,142.31651034857785,111.535,3,Colossal,2,LargeColossal
escondida,2029-06-01,42,354.57951034857786,111.535,232.26951034857785,140.58751034857784,111.535,3,Colossal,2,LargeColossal
escondida,2029-12-01,48,470.38351034857783,111.535,219.80651034857783,142.36351034857785,111.535,3,Colossal,2,LargeColossal
escondida,2030-06-01,54,546.8315103485778,111.535,215.57851034857785,145.57051034857784,111.535,3,Colossal,2,LargeColossal
escondida,2030-12-01,60,528.5285103485778,111.535,209.50351034857783,150.08351034857785,111.535,3,Colossal,2,LargeColossal
escondida,2031-12-01,72,540.6485103485778,111.535,208.80051034857783,152.82251034857785,111.535,3,Colossal,2,LargeColossal
escondida,2032-12-01,84,521.2405103485778,111.535,212.60351034857783,152.09251034857783,111.535,3,Colossal,2,LargeColossal
franke,2026-01-01,1,0.5787841274580234,0.832,0.33678412745802355,0.5687841274580234,0.832,0,Small,0,SmallMed
franke,2026-03-01,3,0.8327841274580234,0.832,0.2507841274580235,0.6777841274580236,0.832,0,Small,0,SmallMed
franke,2026-06-01,6,0.21078412745802355,0.832,0.6047841274580235,0.46178412745802355,0.832,0,Small,0,SmallMed
franke,2026-09-01,9,1.4557841274580234,0.832,0.0287841274580235,0.8017841274580235,0.832,0,Small,0,SmallMed
franke,2026-12-01,12,0.09178412745802356,0.832,0.8307841274580234,0.44378412745802354,0.832,0,Small,0,SmallMed
franke,2027-06-01,18,0.10978412745802357,0.832,0.8787841274580235,0.44178412745802353,0.832,0,Small,0,SmallMed
franke,2027-12-01,24,0.0007841274580235313,0.832,0.9187841274580235,0.4157841274580235,0.832,0,Small,0,SmallMed
franke,2028-06-01,30,0.056784127458023526,0.832,1.2937841274580235,0.4107841274580235,0.832,0,Small,0,SmallMed
franke,2028-12-01,36,0.012784127458023542,0.832,1.2127841274580236,0.4107841274580235,0.832,0,Small,0,SmallMed
franke,2029-06-01,42,0.032784127458023504,0.832,1.3507841274580235,0.3957841274580235,0.832,0,Small,0,SmallMed
franke,2029-12-01,48,0.0,0.832,1.3067841274580236,0.4147841274580235,0.832,0,Small,0,SmallMed
franke,2030-06-01,54,0.0,0.832,1.4287841274580235,0.4127841274580235,0.832,0,Small,0,SmallMed
franke,2030-12-01,60,0.0,0.832,1.6367841274580235,0.3967841274580235,0.832,0,Small,0,SmallMed
franke,2031-12-01,72,0.0,0.832,1.3537841274580236,0.3607841274580236,0.832,0,Small,0,SmallMed
franke,2032-12-01,84,0.0,0.832,1.4567841274580235,0.3617841274580236,0.832,0,Small,0,SmallMed
gabriela mistral,2026-01-01,1,6.374687864244526,8.049,5.835687864244527,8.388687864244526,8.049,1,Medium,2,SmallMed
gabriela mistral,2026-03-01,3,6.038687864244526,8.049,5.417687864244527,8.176687864244526,8.049,1,Medium,2,SmallMed
gabriela mistral,2026-06-01,6,10.892687864244527,8.049,8.148687864244527,9.460687864244527,8.049,1,Medium,2,SmallMed
gabriela mistral,2026-09-01,9,5.180687864244527,8.049,4.192687864244528,8.491687864244527,8.049,1,Medium,2,SmallMed
gabriela mistral,2026-12-01,12,15.310687864244526,8.049,9.299687864244527,9.815687864244527,8.049,1,Medium,2,SmallMed
gabriela mistral,2027-06-01,18,14.213687864244527,8.049,8.653687864244526,9.404687864244526,8.049,1,Medium,2,SmallMed
gabriela mistral,2027-12-01,24,16.086687864244528,8.049,9.136687864244527,8.414687864244527,8.049,1,Medium,2,SmallMed
gabriela mistral,2028-06-01,30,14.318687864244527,8.049,8.910687864244526,8.395687864244527,8.049,1,Medium,2,SmallMed
gabriela mistral,2028-12-01,36,17.35468786424453,8.049,10.070687864244526,8.234687864244526,8.049,1,Medium,2,SmallMed
gabriela mistral,2029-06-01,42,16.23268786424453,8.049,10.100687864244527,8.256687864244526,8.049,1,Medium,2,SmallMed
gabriela mistral,2029-12-01,48,15.222687864244527,8.049,9.559687864244527,8.438687864244526,8.049,1,Medium,2,SmallMed
gabriela mistral,2030-06-01,54,16.688687864244528,8.049,8.934687864244527,9.004687864244527,8.049,1,Medium,2,SmallMed
gabriela mistral,2030-12-01,60,14.379687864244527,8.049,10.364687864244527,7.914687864244527,8.049,1,Medium,2,SmallMed
gabriela mistral,2031-12-01,72,14.544687864244526,8.049,10.278687864244526,8.196687864244527,8.049,1,Medium,2,SmallMed
gabriela mistral,2032-12-01,84,13.632687864244527,8.049,11.544687864244526,8.343687864244526,8.049,1,Medium,2,SmallMed
lomas bayas,2026-01-01,1,5.493103449374686,5.809,4.692103449374686,6.1371034493746865,5.809,1,Medium,2,SmallMed
lomas bayas,2026-03-01,3,5.532103449374686,5.809,4.478103449374687,5.755103449374686,5.809,1,Medium,2,SmallMed
lomas bayas,2026-06-01,6,7.026103449374687,5.809,5.211103449374686,6.6211034493746865,5.809,1,Medium,2,SmallMed
lomas bayas,2026-09-01,9,4.216103449374686,5.809,4.441103449374687,5.942103449374686,5.809,1,Medium,2,SmallMed
lomas bayas,2026-12-01,12,10.890103449374685,5.809,4.933103449374687,7.050103449374687,5.809,1,Medium,2,SmallMed
lomas bayas,2027-06-01,18,12.867103449374685,5.809,5.229103449374686,7.034103449374687,5.809,1,Medium,2,SmallMed
lomas bayas,2027-12-01,24,12.932103449374685,5.809,5.029103449374686,6.036103449374687,5.809,1,Medium,2,SmallMed
lomas bayas,2028-06-01,30,12.100103449374686,5.809,4.985103449374686,6.632103449374687,5.809,1,Medium,2,SmallMed
lomas bayas,2028-12-01,36,14.308103449374686,5.809,5.067103449374686,6.444103449374686,5.809,1,Medium,2,SmallMed
lomas bayas,2029-06-01,42,14.019103449374686,5.809,5.148103449374687,5.870103449374686,5.809,1,Medium,2,SmallMed
lomas bayas,2029-12-01,48,12.630103449374685,5.809,5.050103449374687,6.087103449374687,5.809,1,Medium,2,SmallMed
lomas bayas,2030-06-01,54,13.289103449374686,5.809,5.168103449374686,6.5811034493746865,5.809,1,Medium,2,SmallMed
lomas bayas,2030-12-01,60,11.514103449374685,5.809,5.094103449374686,5.9241034493746865,5.809,1,Medium,2,SmallMed
lomas bayas,2031-12-01,72,11.450103449374685,5.809,4.631103449374686,6.101103449374686,5.809,1,Medium,2,SmallMed
lomas bayas,2032-12-01,84,11.155103449374685,5.809,4.765103449374687,6.314103449374686,5.809,1,Medium,2,SmallMed
los bronces,2026-01-01,1,0.7412501092497301,13.436,0.0,3.6332501092497314,13.436,2,Large,2,LargeColossal
los bronces,2026-03-01,3,0.4442501092497313,13.436,0.0,4.10925010924973,13.436,2,Large,2,LargeColossal
los bronces,2026-06-01,6,11.490250109249732,13.436,2.637250109249731,7.1252501092497305,13.436,2,Large,2,LargeColossal
los bronces,2026-09-01,9,0.0,13.436,0.0,1.3402501092497303,13.436,2,Large,2,LargeColossal
los bronces,2026-12-01,12,31.873250109249728,13.436,15.864250109249731,12.853250109249732,13.436,2,Large,2,LargeColossal
los bronces,2027-06-01,18,32.006250109249734,13.436,13.393250109249731,11.888250109249732,13.436,2,Large,2,LargeColossal
los bronces,2027-12-01,24,28.00325010924973,13.436,13.269250109249732,11.38625010924973,13.436,2,Large,2,LargeColossal
los bronces,2028-06-01,30,30.90025010924973,13.436,12.097250109249732,12.22125010924973,13.436,2,Large,2,LargeColossal
los bronces,2028-12-01,36,27.52225010924973,13.436,13.329250109249731,8.687250109249732,13.436,2,Large,2,LargeColossal
los bronces,2029-06-01,42,52.399250109249735,13.436,13.748250109249732,14.713250109249731,13.436,2,Large,2,LargeColossal
los bronces,2029-12-01,48,46.15125010924973,13.436,13.26725010924973,26.12825010924973,13.436,2,Large,2,LargeColossal
los bronces,2030-06-01,54,55.02325010924973,13.436,11.989250109249731,28.292250109249732,13.436,2,Large,2,LargeColossal
los bronces,2030-12-01,60,50.14225010924973,13.436,12.19425010924973,27.661250109249732,13.436,2,Large,2,LargeColossal
los bronces,2031-12-01,72,52.24025010924973,13.436,12.132250109249732,27.206250109249734,13.436,2,Large,2,LargeColossal
los bronces,2032-12-01,84,48.47425010924974,13.436,12.510250109249732,41.929250109249736,13.436,2,Large,2,LargeColossal
los pelambres,2026-01-01,1,18.516555496529048,28.777,15.254555496529047,26.080555496529048,28.777,3,Colossal,1,LargeColossal
los pelambres,2026-03-01,3,10.920555496529047,28.777,7.964555496529049,25.65155549652905,28.777,3,Colossal,1,LargeColossal
los pelambres,2026-06-01,6,90.90555549652905,28.777,46.320555496529046,28.15155549652905,28.777,3,Colossal,1,LargeColossal
los pelambres,2026-09-01,9,10.96855549652905,28.777,5.72855549652905,26.542555496529047,28.777,3,Colossal,1,LargeColossal
los pelambres,2026-12-01,12,81.41255549652905,28.777,46.933555496529046,25.222555496529047,28.777,3,Colossal,1,LargeColossal
los pelambres,2027-06-01,18,78.93155549652904,28.777,53.61155549652905,27.63255549652905,28.777,3,Colossal,1,LargeColossal
los pelambres,2027-12-01,24,75.44955549652904,28.777,50.11755549652905,25.784555496529048,28.777,3,Colossal,1,LargeColossal
los pelambres,2028-06-01,30,71.31855549652904,28.777,52.634555496529046,28.69955549652905,28.777,3,Colossal,1,LargeColossal
los pelambres,2028-12-01,36,73.36755549652905,28.777,51.204555496529046,31.10555549652905,28.777,3,Colossal,1,LargeColossal
los pelambres,2029-06-01,42,126.23655549652904,28.777,57.485555496529045,35.86455549652905,28.777,3,Colossal,1,LargeColossal
los pelambres,2029-12-01,48,125.84955549652904,28.777,53.25755549652905,32.89655549652905,28.777,3,Colossal,1,LargeColossal
los pelambres,2030-06-01,54,137.29155549652904,28.777,56.07855549652905,32.265555496529046,28.777,3,Colossal,1,LargeColossal
los pelambres,2030-12-01,60,133.87255549652906,28.777,49.994555496529046,31.02955549652905,28.777,3,Colossal,1,LargeColossal
los pelambres,2031-12-01,72,135.15055549652905,28.777,50.00455549652905,41.67955549652905,28.777,3,Colossal,1,LargeColossal
los pelambres,2032-12-01,84,132.56355549652906,28.777,51.11155549652905,39.99355549652905,28.777,3,Colossal,1,LargeColossal
mantos blancos,2026-01-01,1,5.966624976605976,5.033,5.0956249766059765,6.614624976605977,5.033,1,Medium,1,SmallMed
mantos blancos,2026-03-01,3,6.053624976605977,5.033,4.927624976605976,6.4626249766059765,5.033,1,Medium,1,SmallMed
mantos blancos,2026-06-01,6,5.282624976605977,5.033,4.916624976605976,5.943624976605976,5.033,1,Medium,1,SmallMed
mantos blancos,2026-09-01,9,6.078624976605976,5.033,4.173624976605977,6.259624976605976,5.033,1,Medium,1,SmallMed
mantos blancos,2026-12-01,12,5.091624976605976,5.033,6.009624976605976,6.381624976605976,5.033,1,Medium,1,SmallMed
mantos blancos,2027-06-01,18,5.1516249766059765,5.033,5.738624976605976,6.948624976605976,5.033,1,Medium,1,SmallMed
mantos blancos,2027-12-01,24,4.706624976605976,5.033,5.556624976605977,6.6436249766059765,5.033,1,Medium,1,SmallMed
mantos blancos,2028-06-01,30,3.878624976605977,5.033,5.804624976605976,7.015624976605976,5.033,1,Medium,1,SmallMed
mantos blancos,2028-12-01,36,3.630624976605977,5.033,5.602624976605976,6.424624976605976,5.033,1,Medium,1,SmallMed
mantos blancos,2029-06-01,42,3.929624976605977,5.033,5.775624976605976,6.286624976605976,5.033,1,Medium,1,SmallMed
mantos blancos,2029-12-01,48,3.602624976605977,5.033,5.8616249766059765,6.391624976605977,5.033,1,Medium,1,SmallMed
mantos blancos,2030-06-01,54,4.017624976605977,5.033,5.967624976605976,6.278624976605976,5.033,1,Medium,1,SmallMed
mantos blancos,2030-12-01,60,3.676624976605977,5.033,6.355624976605976,6.211624976605976,5.033,1,Medium,1,SmallMed
mantos blancos,2031-12-01,72,3.731624976605977,5.033,5.504624976605976,6.406624976605976,5.033,1,Medium,1,SmallMed
mantos blancos,2032-12-01,84,3.8066249766059768,5.033,5.491624976605976,6.181624976605977,5.033,1,Medium,1,SmallMed
mantoverde,2026-01-01,1,9.700337184509493,10.747,7.332337184509494,12.538337184509494,10.747,1,Medium,1,SmallMed
mantoverde,2026-03-01,3,9.844337184509493,10.747,7.2143371845094935,13.379337184509493,10.747,1,Medium,1,SmallMed
mantoverde,2026-06-01,6,17.321337184509495,10.747,16.476337184509493,13.382337184509494,10.747,1,Medium,1,SmallMed
mantoverde,2026-09-01,9,8.813337184509495,10.747,5.782337184509494,13.981337184509494,10.747,1,Medium,1,SmallMed
mantoverde,2026-12-01,12,20.067337184509494,10.747,15.690337184509493,13.257337184509494,10.747,1,Medium,1,SmallMed
mantoverde,2027-06-01,18,18.713337184509495,10.747,15.747337184509494,13.281337184509495,10.747,1,Medium,1,SmallMed
mantoverde,2027-12-01,24,21.659337184509493,10.747,16.557337184509496,11.821337184509494,10.747,1,Medium,1,SmallMed
mantoverde,2028-06-01,30,19.365337184509492,10.747,17.965337184509494,13.244337184509494,10.747,1,Medium,1,SmallMed
mantoverde,2028-12-01,36,23.339337184509493,10.747,17.675337184509495,12.615337184509494,10.747,1,Medium,1,SmallMed
mantoverde,2029-06-01,42,26.697337184509493,10.747,19.280337184509495,12.686337184509494,10.747,1,Medium,1,SmallMed
mantoverde,2029-12-01,48,25.928337184509495,10.747,19.347337184509495,12.241337184509494,10.747,1,Medium,1,SmallMed
mantoverde,2030-06-01,54,28.562337184509495,10.747,18.907337184509494,12.234337184509494,10.747,1,Medium,1,SmallMed
mantoverde,2030-12-01,60,26.650337184509493,10.747,17.702337184509492,12.313337184509495,10.747,1,Medium,1,SmallMed
mantoverde,2031-12-01,72,26.909337184509493,10.747,18.963337184509495,12.032337184509494,10.747,1,Medium,1,SmallMed
mantoverde,2032-12-01,84,23.045337184509492,10.747,17.479337184509493,11.932337184509494,10.747,1,Medium,1,SmallMed
ministro hales,2026-01-01,1,8.940320936792322,20.749,4.958320936792322,14.533320936792324,20.749,2,Large,2,LargeColossal
ministro hales,2026-03-01,3,6.488320936792322,20.749,2.257320936792322,15.206320936792322,20.749,2,Large,2,LargeColossal
ministro hales,2026-06-01,6,36.99532093679232,20.749,17.08932093679232,17.90332093679232,20.749,2,Large,2,LargeColossal
ministro hales,2026-09-01,9,5.597320936792322,20.749,2.645320936792322,14.796320936792322,20.749,2,Large,2,LargeColossal
ministro hales,2026-12-01,12,46.96432093679232,20.749,30.459320936792324,20.15532093679232,20.749,2,Large,2,LargeColossal
ministro hales,2027-06-01,18,41.44232093679232,20.749,14.035320936792322,19.517320936792323,20.749,2,Large,2,LargeColossal
ministro hales,2027-12-01,24,61.450320936792316,20.749,30.68932093679232,17.27732093679232,20.749,2,Large,2,LargeColossal
ministro hales,2028-06-01,30,40.85232093679232,20.749,16.34232093679232,14.785320936792322,20.749,2,Large,2,LargeColossal
ministro hales,2028-12-01,36,54.68632093679232,20.749,28.892320936792323,14.886320936792321,20.749,2,Large,2,LargeColossal
ministro hales,2029-06-01,42,88.22932093679233,20.749,29.066320936792323,15.659320936792321,20.749,2,Large,2,LargeColossal
ministro hales,2029-12-01,48,83.15332093679233,20.749,32.37332093679232,17.255320936792323,20.749,2,Large,2,LargeColossal
ministro hales,2030-06-01,54,96.48632093679232,20.749,30.417320936792322,15.656320936792321,20.749,2,Large,2,LargeColossal
ministro hales,2030-12-01,60,93.70032093679232,20.749,29.999320936792323,15.636320936792321,20.749,2,Large,2,LargeColossal
ministro hales,2031-12-01,72,96.01632093679233,20.749,29.819320936792323,15.809320936792323,20.749,2,Large,2,LargeColossal
ministro hales,2032-12-01,84,86.83732093679232,20.749,29.737320936792322,15.829320936792323,20.749,2,Large,2,LargeColossal
ojos del salado,2026-01-01,1,0.29362944301744576,1.335,0.04962944301744587,0.5456294430174458,1.335,0,Small,0,SmallMed
ojos del salado,2026-03-01,3,0.24462944301744582,1.335,0.02262944301744585,0.5436294430174458,1.335,0,Small,0,SmallMed
ojos del salado,2026-06-01,6,1.4576294430174457,1.335,0.8026294430174459,0.5596294430174458,1.335,0,Small,0,SmallMed
ojos del salado,2026-09-01,9,0.0,1.335,0.0,0.5126294430174458,1.335,0,Small,0,SmallMed
ojos del salado,2026-12-01,12,2.3766294430174457,1.335,1.120629443017446,0.5176294430174457,1.335,0,Small,0,SmallMed
ojos del salado,2027-06-01,18,1.9086294430174457,1.335,1.160629443017446,0.5536294430174458,1.335,0,Small,0,SmallMed
ojos del salado,2027-12-01,24,3.218629443017446,1.335,1.5166294430174458,0.6006294430174459,1.335,0,Small,0,SmallMed
ojos del salado,2028-06-01,30,2.0376294430174458,1.335,1.434629443017446,0.7436294430174459,1.335,0,Small,0,SmallMed
ojos del salado,2028-12-01,36,2.573629443017446,1.335,1.4206294430174458,0.8976294430174458,1.335,0,Small,0,SmallMed
ojos del salado,2029-06-01,42,3.032629443017446,1.335,1.6386294430174457,0.9226294430174458,1.335,0,Small,0,SmallMed
ojos del salado,2029-12-01,48,3.3086294430174457,1.335,1.8876294430174458,0.8066294430174459,1.335,0,Small,0,SmallMed
ojos del salado,2030-06-01,54,4.097629443017446,1.335,2.016629443017446,0.8026294430174459,1.335,0,Small,0,SmallMed
ojos del salado,2030-12-01,60,3.953629443017446,1.335,1.914629443017446,0.7626294430174458,1.335,0,Small,0,SmallMed
ojos del salado,2031-12-01,72,4.083629443017446,1.335,1.8476294430174458,1.1916294430174457,1.335,0,Small,0,SmallMed
ojos del salado,2032-12-01,84,4.283629443017446,1.335,1.5526294430174459,2.075629443017446,1.335,0,Small,0,SmallMed
otros,2026-01-01,1,7.628933456703334,10.176,6.347933456703333,10.208933456703335,10.176,2,Large,2,LargeColossal
otros,2026-03-01,3,7.496933456703334,10.176,5.105933456703333,9.838933456703334,10.176,2,Large,2,LargeColossal
otros,2026-06-01,6,11.720933456703332,10.176,13.903933456703335,10.542933456703334,10.176,2,Large,2,LargeColossal
otros,2026-09-01,9,3.7399334567033335,10.176,1.3599334567033332,9.796933456703332,10.176,2,Large,2,LargeColossal
otros,2026-12-01,12,30.36593345670333,10.176,18.366933456703332,10.223933456703332,10.176,2,Large,2,LargeColossal
otros,2027-06-01,18,29.03493345670333,10.176,17.543933456703332,10.650933456703335,10.176,2,Large,2,LargeColossal
otros,2027-12-01,24,28.854933456703332,10.176,18.169933456703333,10.386933456703332,10.176,2,Large,2,LargeColossal
otros,2028-06-01,30,27.32193345670333,10.176,16.49093345670333,10.694933456703332,10.176,2,Large,2,LargeColossal
otros,2028-12-01,36,27.736933456703333,10.176,19.06693345670333,10.134933456703333,10.176,2,Large,2,LargeColossal
otros,2029-06-01,42,32.43893345670334,10.176,19.062933456703334,10.962933456703333,10.176,2,Large,2,LargeColossal
otros,2029-12-01,48,44.110933456703336,10.176,18.104933456703332,10.912933456703332,10.176,2,Large,2,LargeColossal
otros,2030-06-01,54,48.65293345670334,10.176,19.181933456703334,11.190933456703334,10.176,2,Large,2,LargeColossal
otros,2030-12-01,60,47.717933456703335,10.176,17.49393345670333,11.047933456703333,10.176,2,Large,2,LargeColossal
otros,2031-12-01,72,48.388933456703334,10.176,17.697933456703332,10.941933456703332,10.176,2,Large,2,LargeColossal
otros,2032-12-01,84,46.757933456703334,10.176,18.979933456703332,11.445933456703333,10.176,2,Large,2,LargeColossal
radomiro tomic,2026-01-01,1,26.564894102444836,30.287,20.609894102444834,31.302894102444835,30.287,3,Colossal,2,LargeColossal
radomiro tomic,2026-03-01,3,22.050894102444836,30.287,13.162894102444836,33.072894102444835,30.287,3,Colossal,2,LargeColossal
radomiro tomic,2026-06-01,6,100.03689410244483,30.287,58.087894102444835,34.807894102444834,30.287,3,Colossal,2,LargeColossal
radomiro tomic,2026-09-01,9,19.266894102444834,30.287,12.778894102444836,31.276894102444835,30.287,3,Colossal,2,LargeColossal
radomiro tomic,2026-12-01,12,81.19089410244483,30.287,55.044894102444836,34.737894102444834,30.287,3,Colossal,2,LargeColossal
radomiro tomic,2027-06-01,18,75.04189410244483,30.287,58.45889410244484,39.02889410244484,30.287,3,Colossal,2,LargeColossal
radomiro tomic,2027-12-01,24,85.23789410244484,30.287,60.03389410244483,41.02789410244483,30.287,3,Colossal,2,LargeColossal
radomiro tomic,2028-06-01,30,78.03989410244483,30.287,63.032894102444835,46.801894102444834,30.287,3,Colossal,2,LargeColossal
radomiro tomic,2028-12-01,36,83.75189410244484,30.287,64.22489410244484,45.615894102444834,30.287,3,Colossal,2,LargeColossal
radomiro tomic,2029-06-01,42,134.62889410244483,30.287,68.54689410244484,55.300894102444836,30.287,3,Colossal,2,LargeColossal
radomiro tomic,2029-12-01,48,135.75489410244484,30.287,63.813894102444834,53.675894102444836,30.287,3,Colossal,2,LargeColossal
radomiro tomic,2030-06-01,54,151.12789410244483,30.287,66.90289410244483,62.499894102444834,30.287,3,Colossal,2,LargeColossal
radomiro tomic,2030-12-01,60,148.37689410244482,30.287,60.41589410244484,61.21089410244483,30.287,3,Colossal,2,LargeColossal
radomiro tomic,2031-12-01,72,154.36889410244484,30.287,59.87989410244484,62.444894102444835,30.287,3,Colossal,2,LargeColossal
radomiro tomic,2032-12-01,84,146.69689410244484,30.287,61.14989410244483,65.89889410244483,30.287,3,Colossal,2,LargeColossal
salvador,2026-01-01,1,9.313491163525505,11.498,1.632491163525506,9.822491163525505,11.498,0,Small,2,SmallMed
salvador,2026-03-01,3,9.411491163525506,11.498,3.0944911635255057,9.403491163525505,11.498,0,Small,2,SmallMed
salvador,2026-06-01,6,8.399491163525505,11.498,5.6364911635255055,10.059491163525506,11.498,0,Small,2,SmallMed
salvador,2026-09-01,9,9.018491163525505,11.498,8.463491163525505,9.343491163525506,11.498,0,Small,2,SmallMed
salvador,2026-12-01,12,7.5884911635255055,11.498,7.3494911635255065,8.498491163525506,11.498,0,Small,2,SmallMed
salvador,2027-06-01,18,6.659491163525505,11.498,2.6974911635255054,9.519491163525506,11.498,0,Small,2,SmallMed
salvador,2027-12-01,24,5.428491163525505,11.498,1.3074911635255058,8.670491163525506,11.498,0,Small,2,SmallMed
salvador,2028-06-01,30,4.307491163525506,11.498,0.5594911635255055,8.496491163525505,11.498,0,Small,2,SmallMed
salvador,2028-12-01,36,2.7424911635255054,11.498,1.6114911635255056,7.831491163525506,11.498,0,Small,2,SmallMed
salvador,2029-06-01,42,3.1074911635255056,11.498,4.270491163525506,7.805491163525506,11.498,0,Small,2,SmallMed
salvador,2029-12-01,48,5.470491163525506,11.498,0.8564911635255057,7.3094911635255055,11.498,0,Small,2,SmallMed
salvador,2030-06-01,54,11.965491163525506,11.498,0.8034911635255058,8.218491163525506,11.498,0,Small,2,SmallMed
salvador,2030-12-01,60,11.858491163525505,11.498,0.7964911635255056,7.864491163525505,11.498,0,Small,2,SmallMed
salvador,2031-12-01,72,12.103491163525506,11.498,0.7834911635255057,7.082491163525505,11.498,0,Small,2,SmallMed
salvador,2032-12-01,84,11.881491163525506,11.498,1.1414911635255058,7.100491163525506,11.498,0,Small,2,SmallMed
sierra gorda,2026-01-01,1,14.47448909423391,14.86,13.44248909423391,16.204489094233907,14.86,2,Large,1,LargeColossal
sierra gorda,2026-03-01,3,13.912489094233909,14.86,12.60948909423391,15.82448909423391,14.86,2,Large,1,LargeColossal
sierra gorda,2026-06-01,6,25.686489094233906,14.86,18.41248909423391,20.820489094233906,14.86,2,Large,1,LargeColossal
sierra gorda,2026-09-01,9,9.190489094233909,14.86,7.200489094233908,16.06348909423391,14.86,2,Large,1,LargeColossal
sierra gorda,2026-12-01,12,40.82748909423391,14.86,28.93848909423391,23.769489094233908,14.86,2,Large,1,LargeColossal
sierra gorda,2027-06-01,18,52.11848909423391,14.86,27.452489094233908,24.213489094233907,14.86,2,Large,1,LargeColossal
sierra gorda,2027-12-01,24,46.29148909423391,14.86,28.975489094233907,26.294489094233906,14.86,2,Large,1,LargeColossal
sierra gorda,2028-06-01,30,49.10148909423391,14.86,26.47948909423391,25.053489094233907,14.86,2,Large,1,LargeColossal
sierra gorda,2028-12-01,36,45.74548909423391,14.86,26.940489094233907,25.39248909423391,14.86,2,Large,1,LargeColossal
sierra gorda,2029-06-01,42,57.60448909423391,14.86,28.650489094233908,28.429489094233908,14.86,2,Large,1,LargeColossal
sierra gorda,2029-12-01,48,67.54548909423391,14.86,28.330489094233908,29.111489094233907,14.86,2,Large,1,LargeColossal
sierra gorda,2030-06-01,54,78.4214890942339,14.86,27.47648909423391,32.97148909423391,14.86,2,Large,1,LargeColossal
sierra gorda,2030-12-01,60,73.7784890942339,14.86,26.617489094233907,40.29948909423391,14.86,2,Large,1,LargeColossal
sierra gorda,2031-12-01,72,74.4544890942339,14.86,26.730489094233906,38.74248909423391,14.86,2,Large,1,LargeColossal
sierra gorda,2032-12-01,84,72.7964890942339,14.86,26.788489094233906,40.06048909423391,14.86,2,Large,1,LargeColossal
zaldivar,2026-01-01,1,6.5316046607644,9.391,4.635604660764401,8.0306046607644,9.391,1,Medium,1,SmallMed
zaldivar,2026-03-01,3,6.949604660764401,9.391,3.664604660764401,8.8306046607644,9.391,1,Medium,1,SmallMed
zaldivar,2026-06-01,6,9.1896046607644,9.391,11.1796046607644,10.1296046607644,9.391,1,Medium,1,SmallMed
zaldivar,2026-09-01,9,6.266604660764401,9.391,2.4896046607644005,9.0356046607644,9.391,1,Medium,1,SmallMed
zaldivar,2026-12-01,12,13.4156046607644,9.391,11.9746046607644,8.4236046607644,9.391,1,Medium,1,SmallMed
zaldivar,2027-06-01,18,15.940604660764398,9.391,11.9926046607644,9.1836046607644,9.391,1,Medium,1,SmallMed
zaldivar,2027-12-01,24,17.2876046607644,9.391,12.7016046607644,9.4526046607644,9.391,1,Medium,1,SmallMed
zaldivar,2028-06-01,30,16.5396046607644,9.391,10.6756046607644,9.9696046607644,9.391,1,Medium,1,SmallMed
zaldivar,2028-12-01,36,19.995604660764403,9.391,13.0686046607644,9.2016046607644,9.391,1,Medium,1,SmallMed
zaldivar,2029-06-01,42,20.364604660764403,9.391,14.3386046607644,9.1836046607644,9.391,1,Medium,1,SmallMed
zaldivar,2029-12-01,48,19.788604660764403,9.391,14.602604660764401,9.0716046607644,9.391,1,Medium,1,SmallMed
zaldivar,2030-06-01,54,22.8306046607644,9.391,13.7746046607644,9.2946046607644,9.391,1,Medium,1,SmallMed
zaldivar,2030-12-01,60,21.0146046607644,9.391,13.3956046607644,8.5566046607644,9.391,1,Medium,1,SmallMed
zaldivar,2031-12-01,72,21.1386046607644,9.391,13.9356046607644,8.352604660764401,9.391,1,Medium,1,SmallMed
zaldivar,2032-12-01,84,17.7406046607644,9.391,12.6416046607644,8.3796046607644,9.391,1,Medium,1,SmallMed
