Mine,Origin,Segment,LGB_bc,RF_bc,XGB_bc,ARIMA,SARIMAX,RollingMean,Naive,H_norm
andacollo,2018-01-01,SM,0.0017927859962888041,0.11671879881490814,-0.03944867463548285,-0.04480170373483024,-0.05575729120908986,-0.024548565399170028,-0.008718043415356319,0.12329932294209017
andacollo,2018-07-01,SM,0.05914931426112417,0.13018693762466108,-0.04046972163000882,-0.07178874357979001,-0.05510363721379782,-0.038623423050581154,0.0007536440422725525,0.1400433337421681
andacollo,2019-01-01,SM,0.05154500005619529,0.15169399391001032,-0.031294065545687616,-0.04495808795463973,-0.031173633949063063,-0.028184838616884006,0.01133411163333173,0.1522796110704722
andacollo,2019-07-01,SM,0.022760504070449734,0.10723793076379125,-0.07953401235573417,-0.05241109049595111,0.010675131554546689,-0.03442121935880008,0.015529440468710902,0.12180638778581528
andacollo,2020-01-01,SM,0.00934377657670802,0.13078759625182987,-0.030727463648300268,-0.020426970674760927,-0.03102039929999254,-0.03072322854020374,-0.009466034333883449,0.09801199875218712
andacollo,2020-07-01,SM,0.04274311088454122,0.08429498380024134,-0.01104747587030359,-0.057492874767727166,-0.04893478486236554,-0.023998705336234112,0.04055786537281365,0.07502426947384903
andacollo,2020-10-01,SM,-0.0010306299623775996,0.0830304444775151,-0.0579058286302032,-0.04537264603320176,-0.019818089657489824,-0.03338165989318843,0.1360529915282651,-0.027774646785142895
andacollo,2021-04-01,SM,0.02745409905261978,0.12442868609067868,-0.028119972022014227,-0.005383497035033445,0.045193199691300874,0.0278646909026148,-0.09273222541260401,0.0019518935394689553
andina,2018-01-01,LC,-0.0960175417137255,-0.2500163042671037,-0.17544955035586607,0.14757330085738485,-0.14097827595466172,0.3104584491499557,0.47417036010407304,-0.3064319905006411
andina,2018-07-01,LC,0.02370981175256967,-0.35859492083955036,-0.21576387186870688,0.20519770593639824,-0.0658580708695857,0.40328697573719874,0.5291294588532898,-0.33201417415421614
andina,2019-01-01,LC,-0.022148513528498726,-0.3458827179037277,-0.20911152390907034,0.19583071361371635,-0.04468016266077203,0.36064223524920014,0.5845943905923131,-0.35418773450741553
andina,2019-07-01,LC,-0.1155492400398839,-0.29496117383298776,-0.204526714278516,0.3147219598526187,0.02226541780015438,0.2859787807433143,0.5289396401593588,-0.3587714539644707
andina,2020-01-01,LC,-0.0471604487969004,-0.3821420106954428,-0.2230216696540721,0.1946786214719503,-0.008954688882346256,0.4127077936095895,0.5277666229047285,-0.34505021674654207
andina,2020-07-01,LC,-0.10119690195292304,-0.3309685361527196,-0.1908422370749471,0.2256075545119123,-0.16786418448091392,0.4465084141657561,0.5414341568142113,-0.2667726081015901
andina,2020-10-01,LC,-0.03409077373686042,-0.1913145001282613,-0.07101403565663408,0.10889411660089153,0.05135344817291581,0.3522907887191135,0.378324147067462,-0.21002521942567481
andina,2021-04-01,LC,0.1117629975921771,-0.22649800033089795,-0.07834448252875123,0.11875242359929575,-0.17432099003628826,0.22271303437464093,0.5092279928845812,-0.16852544656560536
antucoya,2018-01-01,SM,-0.12468589256994113,-0.0954894454424739,0.005414328881860522,0.11372401878493492,0.017026292518252266,0.006540598736830839,0.04038350957049915,0.24335195780299113
antucoya,2018-07-01,SM,-0.1362964986475647,-0.09997335222098049,-0.013176367767995243,0.14277221349892796,0.07721068711433927,0.05481409757051573,0.030935398703422885,0.23755477123388644
antucoya,2019-01-01,SM,-0.06656286413512029,-0.05079982244196505,0.01285002573256566,0.09126507437503767,0.051461388799756674,0.04947303626070429,0.030816994825171126,0.19032081478394766
antucoya,2019-07-01,SM,-0.08066077516082122,-0.0635332603617612,-0.06414537449111794,0.11116964038978656,0.04804873137982767,0.06426833181603546,0.03277299667112481,0.22312738149867084
antucoya,2020-01-01,SM,-0.11296196379356356,-0.09018132804411977,-0.022977554023882817,0.12415304167115632,0.0559627638678835,0.05823426455966153,0.044145642209976556,0.2159979030793722
antucoya,2020-07-01,SM,-0.1169661190326982,-0.08610491432377516,-0.005902203630507019,0.10877598602406983,0.060245538516541956,0.06736267600139305,0.0458064558679372,0.23215320453753063
antucoya,2020-10-01,SM,-0.1118549533765775,-0.11149852694046812,-0.03384777509846735,0.09927377156407666,0.07248246566388108,0.08220340836673742,0.10722193783780368,0.20350920081118162
antucoya,2021-04-01,SM,-0.10536315716115247,-0.11318601124092478,-0.03095854793034722,0.055711030570508684,0.05060946785123511,0.05278193205430386,-0.035093081206811226,0.2497500453724238
atacama kozan,2018-01-01,SM,0.009716998097576503,-0.017820318935187925,-0.009418326557642631,-0.0007413914858861498,-0.0028439582598729666,-0.015634496635203995,0.00029050036215157957,-0.027473597238581633
atacama kozan,2018-07-01,SM,0.014428154879139388,-0.01680801911153462,-0.006631468426628866,0.00030459730296627835,-0.001644694141162509,-0.01642626605659811,0.0013102623772618999,-0.028548116397270347
atacama kozan,2019-01-01,SM,0.010189962518380552,-0.01788848912600693,-0.0037744640511819935,-0.0010568251743134096,-0.0029979587119812216,-0.01496799931296861,0.004117018156168947,-0.024519734825538046
atacama kozan,2019-07-01,SM,0.01350411093847342,-0.014852889100920497,-0.003779154692109814,-0.0004136590017316735,-0.002583409201673556,-0.011168903920657986,0.0010979716578919203,-0.02346154271437889
atacama kozan,2020-01-01,SM,0.008388551261329896,-0.014234363231655344,-0.00767867095784626,0.0010930278653665552,-0.004555790574060574,-0.0166350069435389,0.003236755645733413,-0.023356161498719486
atacama kozan,2020-07-01,SM,0.012332650678365155,-0.012822055820037141,-0.009050616741364472,-0.000986987068196013,0.000745720888192353,-0.014881592665364245,0.0009648672028882854,-0.035290347278998095
atacama kozan,2020-10-01,SM,0.00215087452421751,-0.02009516645917175,-0.008579316916644916,-0.0013033917019042943,-0.0026297102596143447,-0.01609773565236447,-0.004982616405887016,-0.026650572454369404
atacama kozan,2021-04-01,SM,-0.004344051398025478,-0.025200338210880472,-0.010833373338019054,-0.0015570420783275996,-0.0010452674826632695,-0.011352463474891241,-0.002769565817352181,-0.031782236346540926
candelaria,2018-01-01,LC,-0.1075020784171365,0.12484307880738521,-0.1339876313661535,-0.08029931427580414,-0.039974606669840956,-0.33112887011306613,-0.03179876867539106,0.5238958332617841
candelaria,2018-07-01,LC,-0.1370382195718752,0.1075662595128086,-0.13522556865735733,-0.10997992961051327,-0.08861816776534817,-0.29964387921980923,0.025844770639916723,0.5334869396933384
candelaria,2019-01-01,LC,-0.12238363957955466,0.11141023855665927,-0.11330267302874253,-0.0988395272948699,-0.060956799639640395,-0.33922736854088387,-0.04923441711075547,0.544783357010307
candelaria,2019-07-01,SM,-0.11860781729245783,0.11751449808075691,-0.09926217273292848,-0.07762907951101741,-0.05406861072099213,-0.35981717348102654,-0.04792300453999703,0.5025661415718718
candelaria,2020-01-01,SM,-0.11957825135114449,0.09169516466149781,-0.06252650880954135,-0.0634205573996965,-0.030692409264811617,-0.3602908480066951,-0.07028433610402289,0.48737649853362464
candelaria,2020-07-01,LC,-0.13849072577387997,0.11661647833953874,-0.10534772290408538,-0.09700636352714877,-0.08776438831374392,-0.3509616818526583,-0.07285649624901111,0.576758364339414
candelaria,2020-10-01,LC,-0.2502994849358606,0.14446503957465168,-0.10527284045313937,-0.06965393138877543,0.018670874109829684,-0.3117460190526855,0.00888531810083015,0.5764439357607783
candelaria,2021-04-01,LC,0.07591205869232884,0.1189969157671273,-0.08226506861929528,-0.03297792220940339,0.015582829471995456,-0.18558196073333913,0.0022588554862571276,0.6153422180212671
caserones,2018-01-01,LC,0.09540548524271027,-0.14014513626089525,-0.07151633554903455,0.13138792873626848,-0.11194875193178466,-0.20509295663056035,0.0798887094478992,-0.15951110968648158
caserones,2018-07-01,LC,0.15923052110060296,-0.16809440567947415,-0.07163141984090708,0.11315165011183244,-0.07815405319623721,-0.13896271785653327,0.06494773867649488,-0.15634321240097776
caserones,2019-01-01,LC,0.0654463090837766,-0.12753845337382624,-0.05246230683262255,0.12307292034059927,-0.1077651596738626,-0.1556331700658501,0.053877297862436994,-0.18778319056515588
caserones,2019-07-01,LC,0.12140939048625003,-0.11709580982261297,-0.05781894796775514,0.12273567908443768,-0.12041198448215093,-0.18814284488511845,0.049274099411176164,-0.20431583059484223
caserones,2020-01-01,LC,0.08077298942175894,-0.11817245980229842,-0.06937815255872008,0.1484228434447433,-0.132737789431067,-0.18383964807535486,0.059351217694909086,-0.22323412785050842
caserones,2020-07-01,LC,0.11025108816202148,-0.17185081469070898,-0.07058422264835199,0.1132350150425994,-0.05143641030696052,-0.19488924736594493,0.04982673326944775,-0.32608176322339827
caserones,2020-10-01,LC,0.007210676036888498,-0.15268792137782622,-0.08292378257550052,0.16756222094679968,-0.10288575249235594,-0.17435190957709082,0.029189826790205094,-0.19406054939076245
caserones,2021-04-01,LC,0.07138398815946809,-0.20103189317251285,-0.12934950686910665,0.09627514524294531,-0.014922380101003618,-0.19893693335232301,0.005007492781029574,-0.1310202007534651
centinela_oxidos,2018-01-01,SM,0.1753407765032341,-0.1878772524203725,0.11320161542215144,-0.05872513313338693,-0.005653154577263028,-0.12462867617280876,-0.01408143123980646,-0.17953612813564737
centinela_oxidos,2018-07-01,SM,0.16159047266753437,-0.16429123627381007,0.14082593243938052,-0.06906195646568808,-0.00934723769054378,-0.1539207364065888,-0.017004513971196098,-0.18140753066082596
centinela_oxidos,2019-01-01,SM,0.17118997993565574,-0.1880854375424357,0.12967268262775192,-0.050807417585243486,0.005127308380720843,-0.156973797032774,-0.016136574764550063,-0.17887040828759188
centinela_oxidos,2019-07-01,SM,0.12043693063064481,-0.1763710644447257,0.1544868248277606,-0.05070980241262677,0.02937452520199018,-0.13239309137499042,0.007182904420560887,-0.18948652224664997
centinela_oxidos,2020-01-01,SM,0.13709593750101814,-0.17783404469027267,0.13510567424091616,-0.0784443308399552,0.008389659669070073,-0.13738574088883918,-0.0395540707035381,-0.18868047467983673
centinela_oxidos,2020-07-01,SM,0.11909840232119975,-0.20767522294357466,0.17955277579919685,-0.04993193598736951,-0.019843117780818,-0.16436229760440405,0.006525633360695062,-0.19974929937971345
centinela_oxidos,2020-10-01,SM,0.06330296062870791,-0.2347311865155396,0.1828043301630043,-0.03313422670171049,0.0331426308698575,-0.10427540420527077,0.02299441314185081,-0.12483110658859357
centinela_oxidos,2021-04-01,SM,0.14050767708436343,-0.07672673986963498,-0.030340718156008455,-0.032525050638241466,-0.04998551165172268,-0.14704441920874067,0.03106636918892282,-0.03611391327517677
centinela_sulfuros,2018-01-01,LC,-0.33591371048714846,-0.1776100209981363,-0.4527845738417589,-0.3050471901504985,0.2967861573741518,-0.1937398671547633,-0.534323896152104,-1.0024591253431183
centinela_sulfuros,2018-07-01,LC,-0.31370777883162937,-0.1356820017641897,-0.3741490248373737,-0.10312008819951164,-0.00370142880351947,-0.1478160040863859,-0.5506119042733795,-0.9732301203242935
centinela_sulfuros,2019-01-01,LC,-0.2494203598338352,-0.09216669566624106,-0.3845910313828604,-0.2412080305491303,-0.035744912066124145,-0.20421726781547206,-0.4624371971784256,-0.8637689294842865
centinela_sulfuros,2019-07-01,LC,-0.24465273207966873,-0.16946365060556737,-0.34766327134462693,-0.29268617243552464,0.01655583596107561,-0.1649093232017588,-0.5175037577009481,-0.8867537506078296
centinela_sulfuros,2020-01-01,LC,-0.2542335979954567,-0.17278989809515968,-0.42446335349647313,-0.08803012320316388,-0.09459080763533362,-0.20688454348137056,-0.4777017560400148,-0.8514353601457457
centinela_sulfuros,2020-07-01,LC,-0.36365593992631556,-0.2425470957966087,-0.32199204813593946,-0.13467343618845604,-0.03666525411787304,-0.25282607957301906,-0.33628092085595357,-0.8393434756822523
centinela_sulfuros,2020-10-01,LC,-0.286292679810777,-0.13105728420023913,-0.41811192453829255,-0.24154445387896525,-0.04114395390288395,-0.19916446997347237,-0.5323760707195011,-1.1348637066629406
centinela_sulfuros,2021-04-01,LC,-0.20916490927543135,-0.007620075214036056,-0.26312731440037734,-0.21745405039551682,-0.02048967977177296,-0.4088622611660581,-0.49782919008461046,-1.1945413790496324
chuquicamata,2018-01-01,LC,-0.6405381088879566,-0.42819236091935603,-0.3406090632321293,-0.6059058072871826,1.0750707064539475,-0.8819980552759352,-0.2570936321015264,-1.4049855026487528
chuquicamata,2018-07-01,LC,-0.6464583331359575,-0.42554858525138367,-0.31872545186854584,-0.675505597497334,1.11009625480642,-0.9076231112542728,-0.30467223963586837,-1.4416865088281152
chuquicamata,2019-01-01,LC,-0.4601919212430416,-0.45411101112575936,-0.36180636501991537,-0.6406135497754026,0.957593093125862,-0.8181504361499334,-0.17238304687459044,-1.2282423043766921
chuquicamata,2019-07-01,LC,-0.5911758586153745,-0.39608115973750807,-0.46162649842078435,-0.6498773502506247,1.0696912052335419,-0.9552782874423222,-0.340257195275043,-1.3168601563246611
chuquicamata,2020-01-01,LC,-0.46208186385080774,-0.33345167076884685,-0.46402138894422423,-0.299382584670457,0.7258078965266812,-0.8925687939926122,-0.4557372571731353,-0.8573568968981632
chuquicamata,2020-07-01,LC,-0.5898202055528694,-0.6123025469508114,-0.4355720959781558,-0.7189369380841921,1.3422861597055658,-1.0727290374133216,-0.10309461870738751,-1.245088573407237
chuquicamata,2020-10-01,LC,-0.5248507799402027,-0.46214127758487905,-0.26782626231754886,-0.8966479907216947,0.8154248229308293,-0.5544667600284282,-0.3332660770342029,-1.6039516796248487
chuquicamata,2021-04-01,LC,-0.4209714674190721,-0.7764040490380175,-0.5257487140153393,-0.714931753427932,1.0643962711841863,-0.5223686724879668,-0.16420953775926428,-2.011392980702466
collahuasi,2018-01-01,LC,1.0238010896836396,-0.04788785959081711,-0.2083343830740887,-0.5310927806406198,-0.33837093040368976,-1.2453038650835742,-0.6346780339190417,-2.92890905436277
collahuasi,2018-07-01,LC,1.0495606088759433,-0.22453997162926861,-0.2632880397128109,-0.7584504332896043,-0.22248997680138896,-1.1797399374843744,-0.7710111376235168,-3.024118231387927
collahuasi,2019-01-01,LC,0.9287386390426507,-0.26606147039974876,-0.05348362318602581,-0.5036291842973611,-0.05552406094471181,-0.6632203993963387,-1.2125256913130937,-2.981865166458736
collahuasi,2019-07-01,LC,1.2429329948094563,-0.1716468888285381,-0.14203001570028254,-0.6531905342262616,0.0495703499471389,-1.291893264886281,-0.535735108625411,-2.8156125248101174
collahuasi,2020-01-01,LC,1.1133802495745406,-0.17667610375542186,-0.07774721547920657,-0.824020674108835,-0.08117253987278378,-1.2883844622271599,-0.7182798692008207,-2.704664475269275
collahuasi,2020-07-01,LC,1.1359638855082472,-0.1903237167891676,-0.12856595621527114,-1.1214151737413736,-0.09846340277712634,-1.1324456167740322,-0.3720821392594062,-2.2948538394596967
collahuasi,2020-10-01,LC,1.1836284634850054,-0.08918655349295862,-0.026625056742352313,-0.7538385977046387,-0.12771961308986926,-1.4361913409969476,-0.6769916714624721,-2.6461425093393047
collahuasi,2021-04-01,LC,1.3006133910348388,-0.21926074545584315,0.2930398987157916,-0.7606899686579308,-0.36797695690436016,-0.9349974369649217,-0.02908734474992464,-2.926162644919493
el abra,2018-01-01,SM,0.020105294945328693,0.06514299248169203,-0.21216456070700332,0.036208712504521755,-0.19110576580976035,-0.06579406772939181,-0.05550358969350305,0.5342269708589664
el abra,2018-07-01,SM,-0.021171741315040092,0.05256614895177526,-0.2019164297894957,0.05266400691036099,-0.20852917189219866,-0.004301022444179566,-0.06063226513089729,0.5214292583546227
el abra,2019-01-01,SM,-0.005838389420618981,0.03907263858214911,-0.21020194703627562,0.027688822696647502,-0.20795038864933393,-0.02405259322198059,-0.06345208331193093,0.5329850893572856
el abra,2019-07-01,SM,0.0048230565789422735,0.028827250241842028,-0.18583017179430633,0.033479094580654636,-0.20348465587413533,-0.042960275380281236,-0.049759752826938466,0.5139155319158625
el abra,2020-01-01,SM,-0.0075367859813057665,0.06675153614824178,-0.1702374813200549,0.011283746182991551,-0.20608045657925703,-0.03757984111596756,-0.06044074721839408,0.44253846490814497
el abra,2020-07-01,SM,-0.012241369009012978,0.06033457133216674,-0.19496874232431574,-0.03410035003507315,-0.2044204189154448,0.016774253584479475,-0.08927546263731058,0.49767032508368825
el abra,2020-10-01,SM,-0.007736586083434676,0.03922725037378008,-0.18956147639320253,0.018606837376392737,-0.1562951258203378,-0.020348302635303947,-0.10726069875290786,0.5556510438159645
el abra,2021-04-01,SM,0.03321298837018155,0.114893601786904,-0.2015116169219814,0.020610954625237106,-0.2355050425849668,0.007183770994739159,-0.016890920368777085,0.5689156819217619
el soldado,2018-01-01,SM,-0.0006649637125937724,-0.04064812003847726,-0.032409132561314835,0.022842515993142586,0.04084432497777427,-0.09626723297190282,0.009786750076108177,0.08527913244041647
el soldado,2018-07-01,SM,-0.03029219391990123,-0.07789005590640072,0.0025133144239117863,0.04123987937262055,0.03869251560526441,-0.10577500469470234,0.010962990775565333,0.07888725295586602
el soldado,2019-01-01,SM,-0.0297475098869783,-0.007889131244926833,-0.08529158506315059,0.03180846758026882,-0.004242669844847371,-0.1282728348718164,0.0438034391816759,0.03472446670764561
el soldado,2019-07-01,SM,-0.012646797462683523,-0.031027373163749202,-0.010579517075514716,0.040681296283022736,0.030962356987264416,-0.11918328901920751,0.017428282584616386,0.05486629417397835
el soldado,2020-01-01,SM,-0.003944653303188657,-0.040439302461326335,-0.022545871646610424,0.030331879737815697,0.029246518201826208,-0.11911501384894696,0.007484078042793541,0.05730045788441519
el soldado,2020-07-01,SM,-0.01016597849790519,-0.04316863994119224,-0.02263094521720033,0.06903526736387237,0.034047192032444176,-0.1252673750723503,-0.005808578750127349,0.04282492358152243
el soldado,2020-10-01,SM,-0.01024885607350488,-0.028189604634022154,-0.03806450716608052,0.039237121927465334,0.055421040143594884,-0.11993664198730578,0.012413860856765765,0.09410722279515421
el soldado,2021-04-01,SM,0.010804980954933362,-0.019678055009439373,-0.033635949740960604,0.01259946318849968,0.0029855661703228516,-0.06938231673175937,-0.027199694331569085,0.06247827933999963
el teniente,2018-01-01,LC,0.2713426744525975,-0.0009669629403361434,-0.013664578677387336,0.17901581353539195,0.645029138828761,0.6086399929968799,0.6055995067399533,-2.6962719793374306
el teniente,2018-07-01,LC,0.3633380675947375,0.0657056439960495,0.18381533817613493,0.03192975051684198,0.6765824921675837,0.8896784482471207,0.5931029686533994,-2.593691796446308
el teniente,2019-01-01,LC,0.37563986884383715,0.1804520578207193,0.18260407150558527,0.09200483672036427,0.49502770839639376,0.649285438640732,0.5278568134355264,-2.4280177676679964
el teniente,2019-07-01,LC,0.3774819722373489,0.06962773807457513,0.13547116676911106,0.042716720202346695,0.6289301046079488,0.8274761441660179,0.47062533284403707,-2.5662633943847797
el teniente,2020-01-01,LC,0.36820451627353534,-0.03482844571477099,0.16477993234868973,0.2957229075267315,0.61474493029155,0.6835788219117227,0.4879829994954241,-2.4714928407648826
el teniente,2020-07-01,LC,0.42767847450428964,0.2835195497895663,0.005300999573311492,0.02816722639501929,0.9111443096607854,0.8428042654759803,0.5131284174443702,-2.35107769028562
el teniente,2020-10-01,LC,-0.00720247167000196,0.04436049638336053,0.23049275056926677,0.05099823001326479,0.4721821409907677,0.9385831982426678,0.4833284367910961,-2.5314251070127756
el teniente,2021-04-01,LC,0.8521644610009406,-0.2830588314255273,-0.1383818970492425,-0.3115902867614404,0.0026385811232946385,0.7698745430601786,-0.10629087042022997,-2.631861717458092
escondida,2018-01-01,LC,1.4981563531344886,1.0158368213734326,1.019957432368965,-2.7850479611166614,-0.025542128382640136,1.1430952283458147,1.0000902936038125,6.897784629092461
escondida,2018-07-01,LC,1.7712296401446326,1.8991161348928163,-0.7336076423254949,-2.8969103846249755,-1.142901733096835,0.9393380974739568,0.9979038473783832,6.559629909024154
escondida,2019-01-01,LC,1.8216536011879845,1.3620758953977634,0.35963218883008885,-2.895745637670723,-1.3988784917296038,1.0030913713976635,0.8661357264094073,7.0237658231511775
escondida,2019-07-01,LC,1.4461080998811897,1.3413714010103646,0.07648470997341444,-2.6520417530909124,-1.3666844972244883,0.7351089045502476,1.3252752123020148,6.714279017728083
escondida,2020-01-01,LC,1.4635646594571918,1.272813659941846,0.1500163815690973,-2.434397076975323,-1.4188133021505474,1.151602203658452,0.746200804388711,6.526726177558359
escondida,2020-07-01,LC,1.0255185565958291,1.3828385611204415,0.7507332695759498,-2.3399834287077144,-1.0031821149000668,1.725365320126231,0.4346278508201955,5.811909845395888
escondida,2020-10-01,LC,1.8795617101569861,0.5971433845759835,-0.35502880089683314,-2.541190779662921,-1.3465451968731512,0.7830955277353453,0.45133652263543933,4.786539015606365
escondida,2021-04-01,LC,0.7935929051200167,1.8009946653653557,0.2348575752965838,-1.8100911676242029,-1.1501277152681242,0.9999350234891357,0.8058534240161838,4.772047682260055
franke,2018-01-01,SM,0.031087324019839498,0.014564749563672715,0.022165845239087933,0.006793573332572214,0.0011678345649431105,-0.006001540592635945,-0.01424330521357831,0.008868030982160501
franke,2018-07-01,SM,0.012863818037645185,0.0003969725941676706,0.005797912729655555,0.026249597895224887,-0.00398405139907402,0.00360605435642062,-0.020516483934606897,-0.007796411578346342
franke,2019-01-01,SM,0.02485567028867697,0.007857919345836142,0.011283086358745158,0.026530805109942716,-0.005466265091349381,0.0018758549869795289,-0.01612550466579836,-0.0017531424126418897
franke,2019-07-01,SM,0.02971337729991489,0.01452388183608883,0.015008345916943742,0.023910355531140032,-0.005948233641647698,-0.0021875466566447076,-0.010442011315259462,-0.0036195006338867733
franke,2020-01-01,SM,0.030222605641706195,0.012544059884783512,0.009970042792794426,0.027165246979101228,-0.0032869225761125416,-0.0014898154504653669,-0.010376454106606564,-0.005119031753438413
franke,2020-07-01,SM,0.027393482733914537,0.026538960676236057,0.011879781299927363,0.015801716906052317,-0.018402194926157522,0.003981130604055897,-0.004377902792216326,-0.008330121361037505
franke,2020-10-01,SM,0.03763160623849287,0.026873677232716914,0.01238147139375669,0.022569702099333854,-0.013251857465861973,-0.005474106213812637,-0.011587636614650166,-0.011373773405506498
franke,2021-04-01,SM,0.02326838795550707,0.028027946506223703,0.013025133854633737,0.029327897908163605,-0.010891211157062142,-0.00835402558051582,-0.011298288996212736,-0.010702156992965563
gabriela mistral,2018-01-01,LC,0.02459844720210025,0.038559209381804224,-0.052985659409051256,-0.03112010216455674,0.13913205361451159,-0.09194202487702219,-0.017499911908600084,-0.2462913398274517
gabriela mistral,2018-07-01,LC,0.03744175396587192,0.04241809487418967,-0.03986155942039673,-0.04007819025280368,0.16118742858110222,-0.07150699868933864,0.017985695646054577,-0.2644851148290938
gabriela mistral,2019-01-01,LC,-0.029779350160770116,0.013292422195218374,-0.006820658818152184,0.0007064097914315613,0.1481601469104074,-0.14042737344427653,-0.007434796802955852,-0.24361381014526692
gabriela mistral,2019-07-01,SM,0.03498658444738928,0.0561789419571277,0.018646883030634075,-0.04251134398545612,0.1544773666769167,-0.1350107848002158,-0.008850467075897522,-0.28404434812792384
gabriela mistral,2020-01-01,SM,0.022687778761099276,0.008516535288923184,-0.06029611547972807,0.02913904326628356,0.12860624888754457,-0.0864684958285389,-0.09214947227838247,-0.2600980790551343
gabriela mistral,2020-07-01,SM,0.01262565119846411,-0.021492714232211763,-0.03312253007692457,-0.11515569653140217,0.11525829229640257,-0.06617354507437889,-0.0034556619828825007,-0.22982347780209475
gabriela mistral,2020-10-01,SM,0.017048941116281545,-0.01645791112920363,-0.08123134531468634,-0.06721704891817772,0.16233231676909177,-0.07488977096832033,-0.046656300665038467,-0.20326835170339902
gabriela mistral,2021-04-01,SM,0.019634192912259908,0.05499330010849354,-0.12319855358666155,-0.03150999101749445,0.19617659139741073,-0.029904082151601504,0.01793152467860986,-0.14076667595163445
lomas bayas,2018-01-01,SM,-0.021409849259592384,-0.0625664430724476,-0.01826923224451892,0.03540969754347134,0.043515339279390254,0.16522292086914545,0.015907584330179123,-0.007291565017420399
lomas bayas,2018-07-01,SM,-0.0287124958355238,-0.10321271569929698,-0.012704666176328261,0.0698591912249378,0.027465837176304214,0.18590476925072166,0.05053921716046584,-0.0049538196399564706
lomas bayas,2019-01-01,SM,-0.02591196392293713,-0.06094396322906875,-0.008013438412860856,0.0006511490508034175,0.008657369480317251,0.1646917307256636,0.10733333817840165,-0.001095254914870683
lomas bayas,2019-07-01,SM,-0.012853641693946352,-0.056342129423560365,-0.0016728829539293022,0.015244057854238408,0.005838470193433086,0.20103969906992403,0.05828972695860157,0.006161329991742956
lomas bayas,2020-01-01,SM,0.008944682617516422,-0.06351877843614545,0.0037201148303843312,0.023375427120023877,0.005693308622134155,0.18846626448688722,0.06797610480256176,0.0008808246491888247
lomas bayas,2020-07-01,SM,0.02201657211365077,-0.06418979099509295,0.01125062189693112,0.010254980735462313,-0.003695396006273798,0.18337436460243922,0.0540944310831596,0.006170509640669005
lomas bayas,2020-10-01,SM,-0.002708697765959416,-0.026343456178063062,-0.04411711029092345,0.03186638454965505,0.015341288429635213,0.15986636558905357,0.05938577969260311,-0.034191639113172044
lomas bayas,2021-04-01,SM,-0.007511405192766049,-0.10791355285434402,-0.00024159369366934336,-0.0253653455571587,-0.030371617779140294,0.21231886726648058,0.022181950430247423,-0.028669339436580205
los bronces,2018-01-01,LC,0.8266485297075009,0.9279982963225747,0.7217637500349184,0.07921099178361798,0.05486728049148368,-0.1761646316615132,-0.18572818780419947,-1.767641228633865
los bronces,2018-07-01,LC,0.8265788312651355,0.8692677334404415,0.6914823747005618,-0.17732678319153755,0.02121188576463762,-0.17178856689694336,-0.5356624490490599,-1.7385730512721058
los bronces,2019-01-01,LC,0.7871621341636329,0.8993280552539688,0.7179694810046275,-0.00980036826381397,0.03997211086542954,-0.3520529022240603,-0.6335068710670724,-1.7813566080808343
los bronces,2019-07-01,LC,0.9055728445557691,1.0100605998095749,0.726657140229661,0.051725760387937296,0.06193806275421432,-0.20237943579610032,-0.31306066174171543,-1.638889208947648
los bronces,2020-01-01,LC,0.8199430779750008,0.8714178132189461,0.6505611901155265,0.09583915203186213,0.26268447955650176,-0.18663594303361325,-0.5938936839464128,-1.8133895435493341
los bronces,2020-07-01,LC,0.8224458469448452,0.8262840424352531,0.5740894361775697,-0.11176036182564926,0.02625003894127523,-0.4841754998424052,-0.4340912441501964,-1.9981688738702639
los bronces,2020-10-01,LC,0.7437986891647151,0.8777012377656808,0.6502692913225364,-0.06713131786345099,-0.08775618739803707,-0.48098444546138874,-0.6765316372776365,-1.812541494264458
los bronces,2021-04-01,LC,0.7878720647431804,0.8924240813704521,0.7330765404887201,0.06536196763295203,0.05959389375837642,0.18150481149304537,-1.0336520077201916,-1.9146092040150955
los pelambres,2018-01-01,LC,0.19379449628497858,0.10784035495915711,-0.08863898967168367,-0.06436017381749579,-0.27260892846193635,-0.4237816867003226,-0.18768649824508107,0.3095379646554466
los pelambres,2018-07-01,LC,-0.13781093476456255,0.06423090130772961,-0.24883923648375741,-0.2388842886815575,-0.15835956122051095,-0.46813784985910173,-0.19202010671186154,0.016348061589991025
los pelambres,2019-01-01,LC,-0.035655916717886954,0.014465427447313602,-0.16968010614869566,-0.1191396949751925,-0.34002605111756506,-0.47600923994671046,-0.17439992724183878,0.06655389910682893
los pelambres,2019-07-01,LC,0.11747655685671116,-0.06549635933133653,-0.21242211650092813,-0.23889008839941114,-0.2700645953899371,-0.3970507668016789,-0.2974305399494888,0.07028837671317689
los pelambres,2020-01-01,LC,0.07926553339764472,0.01993985583728438,-0.11689403313483197,-0.09958977720647477,-0.30083841712347753,-0.5425987981139475,-0.1880188355735442,0.13477196064057195
los pelambres,2020-07-01,LC,-0.03732702371245893,0.07879112673425644,-0.16020271643819375,-0.12182410545794785,-0.28387287392397753,-0.48608298053180277,-0.1693634862494523,0.06016435179354371
los pelambres,2020-10-01,LC,0.04804121746911751,0.0021812466330512177,-0.19729573943889503,-0.25262281208415394,-0.19428601959919964,-0.5119509733262011,0.007254984364486892,-0.1923022550842419
los pelambres,2021-04-01,LC,0.38034644811465496,0.19191857716056673,0.04724163232620454,-0.20145639604738355,-0.3040197856645818,-0.1802264498458532,-0.1488828654755001,-0.3195661800511251
mantos blancos,2018-01-01,SM,-0.08762101039337354,0.05291455454581796,-0.12631052269425339,0.05505897297931386,0.15479753428172785,-0.16888379990825353,0.01941964482532318,0.2447469339247754
mantos blancos,2018-07-01,SM,-0.09972541944913853,0.0542899973637342,-0.1263755950021387,0.05848051626016813,0.1631915774287671,-0.12114949282805396,0.0326167348913414,0.24038395351475045
mantos blancos,2019-01-01,SM,-0.11235045959615572,0.06195214972084017,-0.11391276901651147,0.05094039265297644,0.16058589259383238,-0.1506948642535434,0.018768247274120995,0.2366777937889285
mantos blancos,2019-07-01,SM,-0.1298632540859035,0.039111302231787354,-0.08923288593175206,0.029213116906382907,0.18063096845820614,-0.13003060936616836,0.060126115501932725,0.26132205889453713
mantos blancos,2020-01-01,SM,-0.1239842149103254,0.012316783254591514,-0.0559268316714686,0.09266546155348386,0.10714758025902932,-0.15830075993032203,-0.029469083161419125,0.26995174007826706
mantos blancos,2020-07-01,SM,-0.0947848717457613,0.09460116031921398,-0.12076665451077323,0.046487358378575025,0.1364997900798642,-0.15327564106457628,0.04100016997353197,0.25016948846362835
mantos blancos,2020-10-01,SM,-0.10101188280329747,0.030584329401318916,-0.15602761120267059,-0.04409695688200761,0.19095613079954363,-0.04221983369771166,-0.1171475397682508,0.22025108168629065
mantos blancos,2021-04-01,SM,-0.024612453663234394,-0.03005761204828601,-0.07914291965981918,0.10159834239014567,0.015515104151584363,-0.13673314777012593,0.09364961252474922,0.1854699604037849
mantoverde,2018-01-01,SM,0.20681930247807231,0.22702462105409463,-0.132288837951021,-0.1502461193136851,-0.06025736049986635,-0.1911404194866766,-0.06597611068558125,0.47589616868588513
mantoverde,2018-07-01,SM,0.14787858667739762,0.23593942247753863,-0.10355226814804391,-0.1578634017556648,-0.015662406535592,-0.23234340185950592,-0.018089783712698867,0.4686924121153501
mantoverde,2019-01-01,SM,0.14921596417063596,0.21649867108841556,-0.05836288291703928,-0.12947654139154285,-0.029550493648887885,-0.22931179164441312,-0.08447790554117449,0.4784538287460817
mantoverde,2019-07-01,SM,0.18615111574408008,0.22472342005857013,-0.0877827197742695,-0.14785961211023305,-0.013658346951865042,-0.25832611960660906,-0.02326293647757188,0.4570251437861783
mantoverde,2020-01-01,SM,0.1415749105249933,0.2397690618772397,-0.005707001996215144,-0.2026142778221795,-0.030644529720567998,-0.23828703869852338,-0.0658338806428685,0.3738100140946953
mantoverde,2020-07-01,SM,0.1166679289365763,0.203701144467949,-0.0038359569089496228,-0.1370812670114173,0.03475990279674581,-0.23242718133693263,-0.014512964890322005,0.34806574950860925
mantoverde,2020-10-01,SM,0.10012237169020469,0.22326736712828246,-0.10782294586333091,-0.18390768345511005,-0.03401772530701042,-0.26782597649988354,0.025587930802166363,0.4987051518101092
mantoverde,2021-04-01,SM,0.20549422189619065,0.19175737303616047,-0.17544412113619834,-0.11213299592322924,-0.08045692359697885,-0.23518805392650236,0.023620830754545758,0.4739219936812811
ministro hales,2018-01-01,LC,0.01835029538266738,-0.18951194359669657,-0.14496477453446305,0.05586168540535289,0.3614330317293705,-0.0882004352640548,0.1673049272469973,-1.360521322640086
ministro hales,2018-07-01,LC,0.07804264592925696,-0.17767974107101475,-0.12428184535766354,0.09174392987248539,0.3320612240439718,-0.06071021995049477,0.2721163787573399,-1.3487924817222685
ministro hales,2019-01-01,LC,0.058579901348587655,-0.21355581137687746,-0.11182590334206234,0.0919829698317725,0.36967595022739014,-0.04592655486636354,0.2671743304247794,-1.2511051154663575
ministro hales,2019-07-01,LC,-0.008081501939532342,-0.2250417649508188,-0.06756362417728079,0.048523190571807324,0.36698388290073847,0.02817596565398131,0.3140368514920345,-1.202132220411077
ministro hales,2020-01-01,LC,-0.0236195818567198,-0.13063553350735904,-0.1522494717781989,0.10787076336510569,0.3711715042399499,-0.09733582432488017,0.3169332804184464,-1.116178037102407
ministro hales,2020-07-01,LC,0.14677664432927653,-0.08561432853906262,-0.06223781160248157,0.037535391813488576,0.5037278851772237,-0.03887209381162001,0.08318371554538423,-1.0524104015048625
ministro hales,2020-10-01,LC,-0.04337384139300274,-0.1599779118089499,-0.15333126031043914,0.13618079801205096,0.1708478815527803,0.17739133072484536,0.18638944435046764,-1.4098136566108557
ministro hales,2021-04-01,LC,0.03090525746114698,-0.06344626362649967,-0.04027473963225987,0.21038009101466823,0.24475737118650084,-0.13467076347848309,0.20308532597915752,-1.5691286622446254
ojos del salado,2018-01-01,SM,0.048300289859913866,0.03186261897496909,0.03998508345599464,0.039759290298941784,-0.06391238938981783,-0.13251771854506322,0.012819570839300885,-0.1980133700817072
ojos del salado,2018-07-01,SM,0.045813492942218495,0.01956474083590762,0.04383999955336707,0.03498700069476075,-0.0766272725217397,-0.1520391795138037,-0.0020709223072454958,-0.2017406131557144
ojos del salado,2019-01-01,SM,0.05296989680104516,0.03053235517978414,0.038455761817893556,0.021064725183846778,-0.0886612603064912,-0.15065560736089978,0.02086019091385003,-0.18636881404407918
ojos del salado,2019-07-01,SM,0.053163698553755225,0.019553432804094682,0.03709094632299177,0.036884787569182086,-0.07447484256732792,-0.1758647055528103,0.006832389220167267,-0.1907856337118762
ojos del salado,2020-01-01,SM,0.04863103758395916,0.01923807164071943,0.037033255842722025,0.04304680219729265,-0.06871431243005396,-0.1670973389725296,0.009939673547474033,-0.20095028384435343
ojos del salado,2020-07-01,SM,0.043815645401586584,0.022830019610679708,0.04691160943851432,0.034909417077244244,-0.06637814668591263,-0.17268712165405128,0.009893336385534336,-0.17445231209544834
ojos del salado,2020-10-01,SM,0.04835919349143116,0.029014986207168397,0.06690567218078483,0.014310246315184584,-0.046657649402740656,-0.16711606682039784,0.01031236101694522,-0.18917247101668602
ojos del salado,2021-04-01,SM,0.06473957583328355,0.0656114003318916,0.04172150765436337,-0.0029500606379002587,-0.048715002662878926,-0.11225153395260073,-0.03809466965389362,-0.20479858320643302
otros,2018-01-01,LC,-0.04953677101520103,-0.09458223318608233,-0.11496792505500947,-0.03231415867847482,-0.06058882081733306,-0.15584381283612567,-0.11697230254334984,-0.5715182672997617
otros,2018-07-01,LC,-0.0513580875956874,-0.047028508429923815,-0.08119001189223453,-0.0675280519902548,-0.07809968399153581,-0.15475909092354842,-0.12014461844752833,-0.5391068088163247
otros,2019-01-01,LC,-0.06231271872146012,-0.07456223600898461,-0.08111490312971292,-0.08649083687147892,-0.026129384416847767,-0.13929188388391012,-0.10166397605088025,-0.5762098935075375
otros,2019-07-01,LC,-0.08373747747471347,-0.04670331270643523,-0.10769852160471198,-0.04800240875346822,-0.08929903332731243,-0.15702436090949937,-0.10533844879033268,-0.5948344723488447
otros,2020-01-01,LC,-0.058270888373924,-0.061414776160338115,-0.08187979734784048,-0.01837030377984199,-0.1757853738861669,-0.11199385485503653,-0.12388988834951006,-0.5650060952258117
otros,2020-07-01,LC,-0.08779077460579025,-0.0806001221955423,-0.0721033681568743,0.021894047764121554,-0.1625724506978525,-0.12595755846569395,-0.096431935832992,-0.5902001732222181
otros,2020-10-01,LC,-0.10087509380212079,-0.09882726518815252,-0.10686138386146005,-0.035872541064588065,-0.060708003866212515,-0.17735640352758242,-0.1438078275593927,-0.5696739902083807
otros,2021-04-01,LC,-0.09511200767086729,-0.10726753827654711,-0.14564557952942134,-0.021046759182739586,-0.03953989377346123,-0.2214397591380043,-0.12185919483864972,-0.513479635314902
radomiro tomic,2018-01-01,LC,0.04535386321382605,-0.08361589703658767,-0.40509460177128614,-0.12400966363158991,0.21775995001955784,-0.050579537597280406,-0.15275321255952423,0.03639469793495962
radomiro tomic,2018-07-01,LC,0.1269454350844911,-0.1438253217598011,-0.3628044262449978,-0.05437506693700192,-0.0012555303207548065,-0.017275627074856092,-0.12920369141453447,-0.10074377969176318
radomiro tomic,2019-01-01,LC,-0.07889494367962135,-0.1239925373966415,-0.36769672495718725,0.012803253575873754,-0.06098061803253263,0.002211085516214621,-0.1754509107122734,-0.12925863506222912
radomiro tomic,2019-07-01,LC,-0.07546398236465948,-0.08982338690805479,-0.31457697513092236,0.02474266822633548,-0.019520612307748094,-0.022954480432912372,-0.10867923117767253,-0.2139660158162255
radomiro tomic,2020-01-01,LC,0.17802830962800364,-0.1257221820685511,-0.4160245613917803,-0.06518998166244205,0.0027290346232558887,-0.024091083426497222,-0.12924673106548923,-0.14646469229156006
radomiro tomic,2020-07-01,LC,0.10093975529679249,-0.13561597447421883,-0.30860140096459987,-0.11486969694638391,-0.017144074097466527,-0.022454018804376225,-0.08952783407279347,-0.11648101041876276
radomiro tomic,2020-10-01,LC,-0.025370553349209807,0.06106003378570666,-0.17073451026862396,-0.08153632330130033,0.04476687633405786,-0.10642722378382315,-0.056093317305005594,0.22477111878494221
radomiro tomic,2021-04-01,LC,0.14956546974744642,-0.1544158855382205,-0.4112825989531305,-0.026557088644849288,-0.033389743795337455,-0.040276999868862365,-0.1451407407487219,0.45328840083948485
sierra gorda,2018-01-01,SM,0.15349071825905097,-0.3071199153400394,-0.004388833787568475,0.09222059017951945,0.06904803276139983,0.1972828048717561,0.052660935728055885,-0.7689065775859276
sierra gorda,2018-07-01,SM,0.02827119112994972,-0.3378476494264886,0.03386174796278532,0.11420529547369815,0.06636107497245587,0.23153810287281437,0.029932917677648323,-0.7685976251583935
sierra gorda,2019-01-01,SM,0.0670461462708231,-0.32172675198316847,-0.023602333043622695,0.14206766407626983,0.09042111631361209,0.23066246406681204,-0.02651159626351276,-0.7494835890425561
sierra gorda,2019-07-01,LC,0.11487566809692715,-0.3264124999578649,-0.013784689083336767,0.10584228804775861,0.08015296305590987,0.22448269946625835,0.04084046857304333,-0.7165192947407678
sierra gorda,2020-01-01,LC,0.19465449078171743,-0.3105631777265377,0.05318136455049096,0.08420892055654948,0.04994470315038606,0.200472112419926,0.06695693392825237,-0.6949305759783332
sierra gorda,2020-07-01,LC,0.21417337659336871,-0.2436954860156992,0.14483180511915117,0.044774669267695875,0.01949278773051849,0.20273543661948207,0.04605159647253072,-0.5970100784274732
sierra gorda,2020-10-01,LC,0.1333703023435447,-0.07535947590811466,0.11243510703813459,0.07457920367387255,0.03552957844069985,0.023888871257188506,0.08764678076661915,-0.5269052824853602
sierra gorda,2021-04-01,LC,0.05543282667690879,0.04167143640014694,-0.04460534194068255,0.146877252446256,0.14290648885592772,0.271839633212074,0.10154067187168436,-0.7484000115483578
zaldivar,2018-01-01,SM,0.012127574195969729,0.0376096258878531,0.05525230364301481,-0.04241452796429801,0.08705055430108585,-0.25223049664741287,-0.11933166600578034,-0.3742120681963313
zaldivar,2018-07-01,SM,0.033389461152670545,0.05219256182478467,0.13511997670545606,0.005819903377338911,-0.12654950560267864,-0.18999595585477355,-0.07316485468596386,-0.29978896682097506
zaldivar,2019-01-01,SM,0.033983449018007865,0.06663198253668227,0.07240782222219551,0.02668741885372951,-0.14120312713283198,-0.192090348033891,-0.0715531913016645,-0.31032205375131594
zaldivar,2019-07-01,LC,0.0586208977024222,0.09219996640642295,0.10353621901434626,-0.014377581090698454,-0.1131756134847691,-0.2555915444672431,-0.08241341398463813,-0.2787138890828099
zaldivar,2020-01-01,LC,0.04412655985611647,0.09911569486941887,0.07417649674704878,-0.028887543116919216,-0.13323291196196665,-0.23251332842507624,-0.04819118253416982,-0.3226194320060452
zaldivar,2020-07-01,SM,0.07016639397499178,0.07765552685020567,0.08400336913341369,-0.012739380488435478,-0.11817586156837596,-0.19434796123440468,-0.07378655355297704,-0.30734610615212415
zaldivar,2020-10-01,SM,0.04792258670513213,0.10502221779517923,0.06508180222990881,-0.009322294871216746,-0.13059059942852885,-0.2314076058791544,-0.06852200460020609,-0.3889882866770763
zaldivar,2021-04-01,SM,-0.02502790201369803,0.041527435643143144,0.03484711661347065,0.02423600772105893,-0.1828077111078627,-0.2509727500743925,-0.17487654560953544,-0.3911256781283214
