Date,Ticker,Close
2013-01-01,AAL.L,1830.9364013671875
2013-02-01,AAL.L,1865.390869140625
2013-03-01,AAL.L,1642.164794921875
2013-04-01,AAL.L,1519.241455078125
2013-05-01,AAL.L,1481.867431640625
2013-06-01,AAL.L,1228.983642578125
2013-07-01,AAL.L,1366.8323974609375
2013-08-01,AAL.L,1435.2706298828125
2013-09-01,AAL.L,1473.8406982421875
2013-10-01,AAL.L,1441.8009033203125
2013-11-01,AAL.L,1309.7569580078125
2013-12-01,AAL.L,1281.6009521484375
2014-01-01,AAL.L,1394.226806640625
2014-02-01,AAL.L,1486.4630126953125
2014-03-01,AAL.L,1482.0936279296875
2014-04-01,AAL.L,1536.3636474609375
2014-05-01,AAL.L,1415.455078125
2014-06-01,AAL.L,1388.7486572265625
2014-07-01,AAL.L,1552.8731689453125
2014-08-01,AAL.L,1485.8634033203125
2014-09-01,AAL.L,1344.26806640625
2014-10-01,AAL.L,1278.7056884765625
2014-11-01,AAL.L,1283.562255859375
2014-12-01,AAL.L,1166.0360107421875
2015-01-01,AAL.L,1081.0478515625
2015-02-01,AAL.L,1175.2630615234375
2015-03-01,AAL.L,982.9473876953124
2015-04-01,AAL.L,1073.700927734375
2015-05-01,AAL.L,996.9385375976562
2015-06-01,AAL.L,892.483642578125
2015-07-01,AAL.L,788.2228393554688
2015-08-01,AAL.L,720.0112915039062
2015-09-01,AAL.L,535.4591064453125
2015-10-01,AAL.L,531.2796020507812
2015-11-01,AAL.L,397.1961669921875
2015-12-01,AAL.L,291.0567932128906
2016-01-01,AAL.L,269.6734313964844
2016-02-01,AAL.L,466.7892761230469
2016-03-01,AAL.L,536.6255493164062
2016-04-01,AAL.L,742.0029907226562
2016-05-01,AAL.L,583.2802124023438
2016-06-01,AAL.L,706.5261840820312
2016-07-01,AAL.L,807.2223510742188
2016-08-01,AAL.L,757.9434814453125
2016-09-01,AAL.L,940.4796752929688
2016-10-01,AAL.L,1099.300048828125
2016-11-01,AAL.L,1151.7861328125
2016-12-01,AAL.L,1127.4869384765625
2017-01-01,AAL.L,1319.937255859375
2017-02-01,AAL.L,1234.8897705078125
2017-03-01,AAL.L,1185.3194580078125
2017-04-01,AAL.L,1075.4864501953125
2017-05-01,AAL.L,1002.5885620117188
2017-06-01,AAL.L,995.2986450195312
2017-07-01,AAL.L,1217.394775390625
2017-08-01,AAL.L,1363.1898193359375
2017-09-01,AAL.L,1302.38427734375
2017-10-01,AAL.L,1380.65380859375
2017-11-01,AAL.L,1321.3438720703125
2017-12-01,AAL.L,1506.5655517578125
2018-01-01,AAL.L,1661.2569580078125
2018-02-01,AAL.L,1731.2618408203125
2018-03-01,AAL.L,1614.975830078125
2018-04-01,AAL.L,1662.45263671875
2018-05-01,AAL.L,1747.8411865234375
2018-06-01,AAL.L,1648.2532958984375
2018-07-01,AAL.L,1685.209716796875
2018-08-01,AAL.L,1499.260986328125
2018-09-01,AAL.L,1676.157958984375
2018-10-01,AAL.L,1629.6572265625
2018-11-01,AAL.L,1523.62060546875
2018-12-01,AAL.L,1700.2835693359375
2019-01-01,AAL.L,1889.982177734375
2019-02-01,AAL.L,1949.0318603515625
2019-03-01,AAL.L,1997.6727294921875
2019-04-01,AAL.L,1927.96533203125
2019-05-01,AAL.L,1843.894775390625
2019-06-01,AAL.L,2183.9697265625
2019-07-01,AAL.L,1984.011474609375
2019-08-01,AAL.L,1726.3524169921875
2019-09-01,AAL.L,1821.3468017578125
2019-10-01,AAL.L,1928.8055419921875
2019-11-01,AAL.L,1972.50927734375
2019-12-01,AAL.L,2115.105712890625
2020-01-01,AAL.L,1932.698974609375
2020-02-01,AAL.L,1744.062255859375
2020-03-01,AAL.L,1378.6639404296875
2020-04-01,AAL.L,1377.8917236328125
2020-05-01,AAL.L,1655.767822265625
2020-06-01,AAL.L,1820.1177978515625
2020-07-01,AAL.L,1820.89697265625
2020-08-01,AAL.L,1784.2877197265625
2020-09-01,AAL.L,1826.5855712890625
2020-10-01,AAL.L,1763.6800537109375
2020-11-01,AAL.L,2155.425048828125
2020-12-01,AAL.L,2360.888916015625
2021-01-01,AAL.L,2350.66455078125
2021-02-01,AAL.L,2699.759033203125
2021-03-01,AAL.L,2767.92236328125
2021-04-01,AAL.L,2990.07373046875
2021-05-01,AAL.L,3053.3818359375
2021-06-01,AAL.L,2810.66943359375
2021-07-01,AAL.L,3121.824462890625
2021-08-01,AAL.L,3002.939453125
2021-09-01,AAL.L,2567.72216796875
2021-10-01,AAL.L,2724.38037109375
2021-11-01,AAL.L,2714.10009765625
2021-12-01,AAL.L,2953.0029296875
2022-01-01,AAL.L,3160.57470703125
2022-02-01,AAL.L,3743.146728515625
2022-03-01,AAL.L,3889.524169921875
2022-04-01,AAL.L,3512.505126953125
2022-05-01,AAL.L,3807.336669921875
2022-06-01,AAL.L,2876.806640625
2022-07-01,AAL.L,2889.540283203125
2022-08-01,AAL.L,2725.962646484375
2022-09-01,AAL.L,2680.56494140625
2022-10-01,AAL.L,2556.115478515625
2022-11-01,AAL.L,3339.06982421875
2022-12-01,AAL.L,3171.50341796875
2023-01-01,AAL.L,3396.885009765625
2023-02-01,AAL.L,2826.572509765625
2023-03-01,AAL.L,2624.2197265625
2023-04-01,AAL.L,2396.540771484375
2023-05-01,AAL.L,2179.430908203125
2023-06-01,AAL.L,2188.742431640625
2023-07-01,AAL.L,2346.55126953125
2023-08-01,AAL.L,2058.868408203125
2023-09-01,AAL.L,2221.154296875
2023-10-01,AAL.L,2055.46240234375
2023-11-01,AAL.L,2100.0712890625
2023-12-01,AAL.L,1932.0269775390625
2024-01-01,AAL.L,1859.475341796875
2024-02-01,AAL.L,1667.7039794921875
2024-03-01,AAL.L,1913.5947265625
2024-04-01,AAL.L,2582.948974609375
2024-05-01,AAL.L,2464.784423828125
2024-06-01,AAL.L,2453.50732421875
2024-07-01,AAL.L,2304.453125
2024-08-01,AAL.L,2166.186279296875
2024-09-01,AAL.L,2382.323486328125
2024-10-01,AAL.L,2353.88037109375
2024-11-01,AAL.L,2472.06494140625
2024-12-01,AAL.L,2318.572265625
2025-01-01,AAL.L,2334.755126953125
2025-02-01,AAL.L,2291.1103515625
2025-03-01,AAL.L,2103.78076171875
2025-04-01,AAL.L,1990.1793212890625
2025-05-01,AAL.L,2162.81201171875
2025-06-01,AAL.L,2149.871337890625
2025-07-01,AAL.L,2147.87158203125
2025-08-01,AAL.L,2277.86376953125
2025-09-01,AAL.L,2784.900390625
2025-10-01,AAL.L,2874.897216796875
2025-11-01,AAL.L,2850.89794921875
2025-12-01,AAL.L,3084.8896484375
2013-01-01,ANTO.L,1137.0206298828125
2013-02-01,ANTO.L,1088.234375
2013-03-01,ANTO.L,979.7096557617188
2013-04-01,ANTO.L,893.5867309570312
2013-05-01,ANTO.L,941.3773803710938
2013-06-01,ANTO.L,792.0066528320312
2013-07-01,ANTO.L,878.6793212890625
2013-08-01,ANTO.L,851.7808227539062
2013-09-01,ANTO.L,815.4181518554688
2013-10-01,ANTO.L,851.834228515625
2013-11-01,ANTO.L,791.0601806640625
2013-12-01,ANTO.L,820.9491577148438
2014-01-01,ANTO.L,847.35107421875
2014-02-01,ANTO.L,897.1657104492188
2014-03-01,ANTO.L,832.406494140625
2014-04-01,ANTO.L,784.086181640625
2014-05-01,ANTO.L,786.1077270507812
2014-06-01,ANTO.L,760.68505859375
2014-07-01,ANTO.L,808.0410766601562
2014-08-01,ANTO.L,783.11669921875
2014-09-01,ANTO.L,718.8125610351562
2014-10-01,ANTO.L,700.434326171875
2014-11-01,ANTO.L,734.8329467773438
2014-12-01,ANTO.L,750.2874755859375
2015-01-01,ANTO.L,648.0888671875
2015-02-01,ANTO.L,764.7448120117188
2015-03-01,ANTO.L,730.3461303710938
2015-04-01,ANTO.L,779.2020263671875
2015-05-01,ANTO.L,743.869873046875
2015-06-01,ANTO.L,687.53125
2015-07-01,ANTO.L,565.3810424804688
2015-08-01,ANTO.L,607.2611694335938
2015-09-01,ANTO.L,498.2732543945313
2015-10-01,ANTO.L,525.0143432617188
2015-11-01,ANTO.L,506.0680236816406
2015-12-01,ANTO.L,467.9757385253906
2016-01-01,ANTO.L,379.127197265625
2016-02-01,ANTO.L,492.6060791015625
2016-03-01,ANTO.L,468.0754699707031
2016-04-01,ANTO.L,481.8365783691406
2016-05-01,ANTO.L,427.78948974609375
2016-06-01,ANTO.L,464.2863159179687
2016-07-01,ANTO.L,499.0877685546875
2016-08-01,ANTO.L,493.3040466308594
2016-09-01,ANTO.L,522.5214233398438
2016-10-01,ANTO.L,541.49267578125
2016-11-01,ANTO.L,687.0873413085938
2016-12-01,ANTO.L,673.1262817382812
2017-01-01,ANTO.L,832.6820068359375
2017-02-01,ANTO.L,809.745849609375
2017-03-01,ANTO.L,832.1834716796875
2017-04-01,ANTO.L,835.6737670898438
2017-05-01,ANTO.L,798.888427734375
2017-06-01,ANTO.L,797.392333984375
2017-07-01,ANTO.L,943.5060424804688
2017-08-01,ANTO.L,1032.271484375
2017-09-01,ANTO.L,946.4984130859376
2017-10-01,ANTO.L,952.0548706054688
2017-11-01,ANTO.L,907.170166015625
2017-12-01,ANTO.L,1002.4255981445312
2018-01-01,ANTO.L,928.6151123046876
2018-02-01,ANTO.L,867.7713012695312
2018-03-01,ANTO.L,918.6406860351562
2018-04-01,ANTO.L,969.9091186523438
2018-05-01,ANTO.L,1052.12548828125
2018-06-01,ANTO.L,987.770751953125
2018-07-01,ANTO.L,1000.7415771484376
2018-08-01,ANTO.L,803.7861328125
2018-09-01,ANTO.L,853.0748291015625
2018-10-01,ANTO.L,783.0841674804688
2018-11-01,ANTO.L,798.650146484375
2018-12-01,ANTO.L,781.4876098632812
2019-01-01,ANTO.L,867.898193359375
2019-02-01,ANTO.L,934.7517700195312
2019-03-01,ANTO.L,963.8880004882812
2019-04-01,ANTO.L,906.014892578125
2019-05-01,ANTO.L,781.3197631835938
2019-06-01,ANTO.L,927.842041015625
2019-07-01,ANTO.L,937.4240112304688
2019-08-01,ANTO.L,864.3623046875
2019-09-01,ANTO.L,897.2998046875
2019-10-01,ANTO.L,865.6473388671875
2019-11-01,ANTO.L,866.44580078125
2019-12-01,ANTO.L,915.1583862304688
2020-01-01,ANTO.L,820.7279052734375
2020-02-01,ANTO.L,750.653564453125
2020-03-01,ANTO.L,771.6159057617188
2020-04-01,ANTO.L,811.5442504882812
2020-05-01,ANTO.L,874.91064453125
2020-06-01,ANTO.L,936.0067138671876
2020-07-01,ANTO.L,1025.75390625
2020-08-01,ANTO.L,1072.1748046875
2020-09-01,ANTO.L,1021.7608032226562
2020-10-01,ANTO.L,1027.79541015625
2020-11-01,ANTO.L,1251.42431640625
2020-12-01,ANTO.L,1438.11474609375
2021-01-01,ANTO.L,1427.6322021484375
2021-02-01,ANTO.L,1779.5482177734375
2021-03-01,ANTO.L,1687.2015380859375
2021-04-01,ANTO.L,1862.410888671875
2021-05-01,ANTO.L,1542.2342529296875
2021-06-01,ANTO.L,1433.3941650390625
2021-07-01,ANTO.L,1492.3077392578125
2021-08-01,ANTO.L,1453.8641357421875
2021-09-01,ANTO.L,1360.001953125
2021-10-01,ANTO.L,1423.577880859375
2021-11-01,ANTO.L,1378.13916015625
2021-12-01,ANTO.L,1336.6953125
2022-01-01,ANTO.L,1330.703369140625
2022-02-01,ANTO.L,1518.9493408203125
2022-03-01,ANTO.L,1670.7442626953125
2022-04-01,ANTO.L,1548.9088134765625
2022-05-01,ANTO.L,1476.3636474609375
2022-06-01,ANTO.L,1154.1114501953125
2022-07-01,ANTO.L,1157.60888671875
2022-08-01,ANTO.L,1100.153076171875
2022-09-01,ANTO.L,1114.64208984375
2022-10-01,ANTO.L,1174.680419921875
2022-11-01,ANTO.L,1407.5181884765625
2022-12-01,ANTO.L,1544.4227294921875
2023-01-01,ANTO.L,1731.29248046875
2023-02-01,ANTO.L,1568.9056396484375
2023-03-01,ANTO.L,1579.89794921875
2023-04-01,ANTO.L,1459.4820556640625
2023-05-01,ANTO.L,1336.9022216796875
2023-06-01,ANTO.L,1460.34716796875
2023-07-01,ANTO.L,1676.75048828125
2023-08-01,ANTO.L,1447.3531494140625
2023-09-01,ANTO.L,1428.4539794921875
2023-10-01,ANTO.L,1344.4862060546875
2023-11-01,ANTO.L,1407.9619140625
2023-12-01,ANTO.L,1678.8582763671875
2024-01-01,ANTO.L,1734.337158203125
2024-02-01,ANTO.L,1816.8056640625
2024-03-01,ANTO.L,2038.220947265625
2024-04-01,ANTO.L,2209.155517578125
2024-05-01,ANTO.L,2202.34765625
2024-06-01,ANTO.L,2109.375244140625
2024-07-01,ANTO.L,2019.40185546875
2024-08-01,ANTO.L,1852.4512939453125
2024-09-01,ANTO.L,2012.4039306640625
2024-10-01,ANTO.L,1731.548583984375
2024-11-01,ANTO.L,1702.05615234375
2024-12-01,ANTO.L,1589.5855712890625
2025-01-01,ANTO.L,1724.55029296875
2025-02-01,ANTO.L,1733.048095703125
2025-03-01,ANTO.L,1668.0650634765625
2025-04-01,ANTO.L,1632.5743408203125
2025-05-01,ANTO.L,1770.2392578125
2025-06-01,ANTO.L,1809.2335205078125
2025-07-01,ANTO.L,1876.7235107421875
2025-08-01,ANTO.L,2144.68408203125
2025-09-01,ANTO.L,2750.594970703125
2025-10-01,ANTO.L,2789.744873046875
2025-11-01,ANTO.L,2757.747802734375
2025-12-01,ANTO.L,3278.7001953125
2013-01-01,BHP,31.894287109375
2013-02-01,BHP,30.330360412597656
2013-03-01,BHP,27.725168228149418
2013-04-01,BHP,27.659833908081055
2013-05-01,BHP,26.878015518188477
2013-06-01,BHP,23.726062774658203
2013-07-01,BHP,25.812274932861328
2013-08-01,BHP,26.03859519958496
2013-09-01,BHP,27.363571166992188
2013-10-01,BHP,29.62088966369629
2013-11-01,BHP,28.585906982421875
2013-12-01,BHP,28.57752990722656
2014-01-01,BHP,26.79667091369629
2014-02-01,BHP,28.8708438873291
2014-03-01,BHP,28.397350311279297
2014-04-01,BHP,30.07552146911621
2014-05-01,BHP,28.941415786743164
2014-06-01,BHP,29.184438705444336
2014-07-01,BHP,30.310035705566406
2014-08-01,BHP,29.261180877685547
2014-09-01,BHP,25.104162216186523
2014-10-01,BHP,25.81223487854004
2014-11-01,BHP,22.42068862915039
2014-12-01,BHP,20.549036026000977
2015-01-01,BHP,20.119121551513672
2015-02-01,BHP,22.807174682617188
2015-03-01,BHP,20.17991828918457
2015-04-01,BHP,22.870710372924805
2015-05-01,BHP,20.995508193969727
2015-06-01,BHP,19.151403427124023
2015-07-01,BHP,18.050582885742188
2015-08-01,BHP,17.32611846923828
2015-09-01,BHP,14.875152587890623
2015-10-01,BHP,16.038894653320312
2015-11-01,BHP,13.010574340820312
2015-12-01,BHP,12.561933517456056
2016-01-01,BHP,10.684467315673828
2016-02-01,BHP,11.02582550048828
2016-03-01,BHP,12.630202293395996
2016-04-01,BHP,15.469058990478516
2016-05-01,BHP,13.3120756149292
2016-06-01,BHP,14.096883773803713
2016-07-01,BHP,14.654637336730955
2016-08-01,BHP,14.807645797729492
2016-09-01,BHP,17.25627326965332
2016-10-01,BHP,17.44053840637207
2016-11-01,BHP,18.695541381835938
2016-12-01,BHP,17.81903076171875
2017-01-01,BHP,20.56310272216797
2017-02-01,BHP,18.834985733032227
2017-03-01,BHP,18.08795928955078
2017-04-01,BHP,18.109031677246097
2017-05-01,BHP,17.849605560302734
2017-06-01,BHP,18.103946685791016
2017-07-01,BHP,21.19163703918457
2017-08-01,BHP,22.127609252929688
2017-09-01,BHP,20.616830825805664
2017-10-01,BHP,21.25615882873535
2017-11-01,BHP,21.551815032958984
2017-12-01,BHP,23.854822158813477
2018-01-01,BHP,25.426477432250977
2018-02-01,BHP,24.119361877441406
2018-03-01,BHP,23.045658111572266
2018-04-01,BHP,24.844432830810547
2018-05-01,BHP,26.454669952392575
2018-06-01,BHP,26.576902389526367
2018-07-01,BHP,27.772626876831055
2018-08-01,BHP,25.529983520507812
2018-09-01,BHP,26.486557006835938
2018-10-01,BHP,25.219940185546875
2018-11-01,BHP,24.225996017456055
2018-12-01,BHP,26.37225914001465
2019-01-01,BHP,27.956010818481445
2019-02-01,BHP,30.129058837890625
2019-03-01,BHP,31.13715362548828
2019-04-01,BHP,30.79389190673828
2019-05-01,BHP,30.189064025878903
2019-06-01,BHP,33.79477310180664
2019-07-01,BHP,31.945392608642575
2019-08-01,BHP,28.589767456054688
2019-09-01,BHP,28.717702865600582
2019-10-01,BHP,29.35272789001465
2019-11-01,BHP,30.92508888244629
2019-12-01,BHP,32.83352279663086
2020-01-01,BHP,30.67302894592285
2020-02-01,BHP,25.99195671081543
2020-03-01,BHP,22.019046783447266
2020-04-01,BHP,25.12712287902832
2020-05-01,BHP,29.092609405517575
2020-06-01,BHP,30.717103958129883
2020-07-01,BHP,32.638084411621094
2020-08-01,BHP,34.00932312011719
2020-09-01,BHP,31.94010353088379
2020-10-01,BHP,30.307781219482425
2020-11-01,BHP,35.14593505859375
2020-12-01,BHP,41.16213607788086
2021-01-01,BHP,42.06930160522461
2021-02-01,BHP,47.82090759277344
2021-03-01,BHP,43.71350860595703
2021-04-01,BHP,47.008827209472656
2021-05-01,BHP,47.88103485107422
2021-06-01,BHP,47.054054260253906
2021-07-01,BHP,50.75609588623047
2021-08-01,BHP,42.73177719116211
2021-09-01,BHP,34.578243255615234
2021-10-01,BHP,37.743797302246094
2021-11-01,BHP,38.67293930053711
2021-12-01,BHP,41.53607177734375
2022-01-01,BHP,43.77288818359375
2022-02-01,BHP,46.65667343139648
2022-03-01,BHP,55.59307098388672
2022-04-01,BHP,48.202247619628906
2022-05-01,BHP,50.85056686401367
2022-06-01,BHP,45.322044372558594
2022-07-01,BHP,44.40237808227539
2022-08-01,BHP,44.281368255615234
2022-09-01,BHP,40.36872863769531
2022-10-01,BHP,41.205196380615234
2022-11-01,BHP,54.11305618286133
2022-12-01,BHP,53.46680450439453
2023-01-01,BHP,60.44635009765625
2023-02-01,BHP,52.53619384765625
2023-03-01,BHP,54.638675689697266
2023-04-01,BHP,52.36310577392578
2023-05-01,BHP,48.69130325317383
2023-06-01,BHP,52.92185592651367
2023-07-01,BHP,55.564849853515625
2023-08-01,BHP,50.98839569091797
2023-09-01,BHP,50.44738006591797
2023-10-01,BHP,52.03007125854492
2023-11-01,BHP,55.586280822753906
2023-12-01,BHP,62.288360595703125
2024-01-01,BHP,55.823360443115234
2024-02-01,BHP,52.2853889465332
2024-03-01,BHP,52.60453414916992
2024-04-01,BHP,51.56555938720703
2024-05-01,BHP,55.65079498291016
2024-06-01,BHP,53.36979675292969
2024-07-01,BHP,51.91145324707031
2024-08-01,BHP,51.53751754760742
2024-09-01,BHP,58.06267166137695
2024-10-01,BHP,53.315975189208984
2024-11-01,BHP,50.61460876464844
2024-12-01,BHP,46.94228744506836
2025-01-01,BHP,47.24991607666016
2025-02-01,BHP,46.60581588745117
2025-03-01,BHP,46.66349411010742
2025-04-01,BHP,46.63170623779297
2025-05-01,BHP,48.04389953613281
2025-06-01,BHP,47.161277770996094
2025-07-01,BHP,49.69145202636719
2025-08-01,BHP,54.692962646484375
2025-09-01,BHP,54.67334747314453
2025-10-01,BHP,55.9482421875
2025-11-01,BHP,53.67304611206055
2025-12-01,BHP,59.204124450683594
2013-01-01,CS.TO,2.4700000286102295
2013-02-01,CS.TO,2.3399999141693115
2013-03-01,CS.TO,2.259999990463257
2013-04-01,CS.TO,2.0399999618530273
2013-05-01,CS.TO,2.2799999713897705
2013-06-01,CS.TO,1.7899999618530271
2013-07-01,CS.TO,1.940000057220459
2013-08-01,CS.TO,2.200000047683716
2013-09-01,CS.TO,2.4800000190734863
2013-10-01,CS.TO,2.7699999809265137
2013-11-01,CS.TO,2.690000057220459
2013-12-01,CS.TO,3.0
2014-01-01,CS.TO,2.890000104904175
2014-02-01,CS.TO,2.880000114440918
2014-03-01,CS.TO,2.9200000762939453
2014-04-01,CS.TO,2.890000104904175
2014-05-01,CS.TO,2.609999895095825
2014-06-01,CS.TO,2.569999933242798
2014-07-01,CS.TO,2.9200000762939453
2014-08-01,CS.TO,2.7100000381469727
2014-09-01,CS.TO,2.25
2014-10-01,CS.TO,2.109999895095825
2014-11-01,CS.TO,1.909999966621399
2014-12-01,CS.TO,2.0299999713897705
2015-01-01,CS.TO,1.159999966621399
2015-02-01,CS.TO,1.4199999570846558
2015-03-01,CS.TO,1.2100000381469729
2015-04-01,CS.TO,1.6799999475479126
2015-05-01,CS.TO,1.2100000381469729
2015-06-01,CS.TO,1.2200000286102295
2015-07-01,CS.TO,0.9200000166893004
2015-08-01,CS.TO,0.6200000047683716
2015-09-01,CS.TO,0.4399999976158142
2015-10-01,CS.TO,0.6700000166893005
2015-11-01,CS.TO,0.3799999952316284
2015-12-01,CS.TO,0.4399999976158142
2016-01-01,CS.TO,0.3600000143051147
2016-02-01,CS.TO,0.4000000059604645
2016-03-01,CS.TO,0.5199999809265137
2016-04-01,CS.TO,0.7900000214576721
2016-05-01,CS.TO,0.6700000166893005
2016-06-01,CS.TO,0.8500000238418579
2016-07-01,CS.TO,0.8600000143051147
2016-08-01,CS.TO,0.6800000071525574
2016-09-01,CS.TO,0.800000011920929
2016-10-01,CS.TO,0.8100000023841858
2016-11-01,CS.TO,1.0399999618530271
2016-12-01,CS.TO,1.2599999904632568
2017-01-01,CS.TO,1.4500000476837158
2017-02-01,CS.TO,1.5800000429153442
2017-03-01,CS.TO,1.2999999523162842
2017-04-01,CS.TO,1.059999942779541
2017-05-01,CS.TO,0.9300000071525574
2017-06-01,CS.TO,0.9399999976158142
2017-07-01,CS.TO,1.2000000476837158
2017-08-01,CS.TO,1.4800000190734863
2017-09-01,CS.TO,1.3600000143051147
2017-10-01,CS.TO,1.4700000286102295
2017-11-01,CS.TO,1.399999976158142
2017-12-01,CS.TO,1.440000057220459
2018-01-01,CS.TO,1.3899999856948853
2018-02-01,CS.TO,1.3799999952316284
2018-03-01,CS.TO,1.2000000476837158
2018-04-01,CS.TO,1.1200000047683716
2018-05-01,CS.TO,1.0800000429153442
2018-06-01,CS.TO,1.0099999904632568
2018-07-01,CS.TO,0.959999978542328
2018-08-01,CS.TO,0.8299999833106995
2018-09-01,CS.TO,0.7900000214576721
2018-10-01,CS.TO,0.4900000095367431
2018-11-01,CS.TO,0.6299999952316284
2018-12-01,CS.TO,0.6100000143051147
2019-01-01,CS.TO,0.5799999833106995
2019-02-01,CS.TO,0.6800000071525574
2019-03-01,CS.TO,0.6399999856948853
2019-04-01,CS.TO,0.6600000262260437
2019-05-01,CS.TO,0.5199999809265137
2019-06-01,CS.TO,0.5899999737739563
2019-07-01,CS.TO,0.550000011920929
2019-08-01,CS.TO,0.5
2019-09-01,CS.TO,0.5899999737739563
2019-10-01,CS.TO,0.5
2019-11-01,CS.TO,0.5799999833106995
2019-12-01,CS.TO,0.7599999904632568
2020-01-01,CS.TO,0.7099999785423279
2020-02-01,CS.TO,0.6399999856948853
2020-03-01,CS.TO,0.449999988079071
2020-04-01,CS.TO,0.5400000214576721
2020-05-01,CS.TO,0.6600000262260437
2020-06-01,CS.TO,0.8299999833106995
2020-07-01,CS.TO,1.059999942779541
2020-08-01,CS.TO,1.2999999523162842
2020-09-01,CS.TO,1.4500000476837158
2020-10-01,CS.TO,1.6699999570846558
2020-11-01,CS.TO,1.9700000286102295
2020-12-01,CS.TO,2.380000114440918
2021-01-01,CS.TO,2.6500000953674316
2021-02-01,CS.TO,3.869999885559082
2021-03-01,CS.TO,4.139999866485596
2021-04-01,CS.TO,5.489999771118164
2021-05-01,CS.TO,5.449999809265137
2021-06-01,CS.TO,5.380000114440918
2021-07-01,CS.TO,5.590000152587891
2021-08-01,CS.TO,5.550000190734863
2021-09-01,CS.TO,4.929999828338623
2021-10-01,CS.TO,5.190000057220459
2021-11-01,CS.TO,6.269999980926514
2021-12-01,CS.TO,5.579999923706055
2022-01-01,CS.TO,5.409999847412109
2022-02-01,CS.TO,6.570000171661377
2022-03-01,CS.TO,7.070000171661377
2022-04-01,CS.TO,5.849999904632568
2022-05-01,CS.TO,4.789999961853027
2022-06-01,CS.TO,3.25
2022-07-01,CS.TO,2.890000104904175
2022-08-01,CS.TO,2.950000047683716
2022-09-01,CS.TO,3.259999990463257
2022-10-01,CS.TO,3.1600000858306885
2022-11-01,CS.TO,4.699999809265137
2022-12-01,CS.TO,4.940000057220459
2023-01-01,CS.TO,6.53000020980835
2023-02-01,CS.TO,6.070000171661377
2023-03-01,CS.TO,6.099999904632568
2023-04-01,CS.TO,6.369999885559082
2023-05-01,CS.TO,5.360000133514404
2023-06-01,CS.TO,6.010000228881836
2023-07-01,CS.TO,6.889999866485596
2023-08-01,CS.TO,6.289999961853027
2023-09-01,CS.TO,5.760000228881836
2023-10-01,CS.TO,4.71999979019165
2023-11-01,CS.TO,5.559999942779541
2023-12-01,CS.TO,6.449999809265137
2024-01-01,CS.TO,6.619999885559082
2024-02-01,CS.TO,7.119999885559082
2024-03-01,CS.TO,8.619999885559082
2024-04-01,CS.TO,9.529999732971191
2024-05-01,CS.TO,9.600000381469728
2024-06-01,CS.TO,9.699999809265137
2024-07-01,CS.TO,9.279999732971191
2024-08-01,CS.TO,9.670000076293944
2024-09-01,CS.TO,10.56999969482422
2024-10-01,CS.TO,9.630000114440918
2024-11-01,CS.TO,9.68000030517578
2024-12-01,CS.TO,8.890000343322754
2025-01-01,CS.TO,8.140000343322754
2025-02-01,CS.TO,7.989999771118164
2025-03-01,CS.TO,7.409999847412109
2025-04-01,CS.TO,6.639999866485596
2025-05-01,CS.TO,7.440000057220459
2025-06-01,CS.TO,8.359999656677246
2025-07-01,CS.TO,7.769999980926514
2025-08-01,CS.TO,9.81999969482422
2025-09-01,CS.TO,11.81999969482422
2025-10-01,CS.TO,12.520000457763672
2025-11-01,CS.TO,12.40999984741211
2025-12-01,CS.TO,13.779999732971191
2013-01-01,FCX,27.39996337890625
2013-02-01,FCX,25.0316219329834
2013-03-01,FCX,25.95697975158691
2013-04-01,FCX,23.86316680908203
2013-05-01,FCX,24.577707290649418
2013-06-01,FCX,21.85477066040039
2013-07-01,FCX,23.398372650146484
2013-08-01,FCX,25.290287017822266
2013-09-01,FCX,27.683753967285156
2013-10-01,FCX,30.76344108581543
2013-11-01,FCX,29.310136795043945
2013-12-01,FCX,31.887130737304688
2014-01-01,FCX,27.383724212646484
2014-02-01,FCX,27.801742553710938
2014-03-01,FCX,28.185274124145508
2014-04-01,FCX,29.29324531555176
2014-05-01,FCX,29.296802520751953
2014-06-01,FCX,31.40479278564453
2014-07-01,FCX,32.024295806884766
2014-08-01,FCX,31.547040939331055
2014-09-01,FCX,28.320341110229492
2014-10-01,FCX,24.72066879272461
2014-11-01,FCX,23.52593994140625
2014-12-01,FCX,20.468008041381836
2015-01-01,FCX,14.72890567779541
2015-02-01,FCX,19.21285057067871
2015-03-01,FCX,16.832340240478516
2015-04-01,FCX,20.669584274291992
2015-05-01,FCX,17.50193214416504
2015-06-01,FCX,16.58452796936035
2015-07-01,FCX,10.465534210205078
2015-08-01,FCX,9.5689058303833
2015-09-01,FCX,8.714536666870117
2015-10-01,FCX,10.585150718688965
2015-11-01,FCX,7.385081291198731
2015-12-01,FCX,6.11210298538208
2016-01-01,FCX,4.152980327606201
2016-02-01,FCX,6.888529300689697
2016-03-01,FCX,9.335175514221191
2016-04-01,FCX,12.639503479003906
2016-05-01,FCX,10.003263473510742
2016-06-01,FCX,10.057432174682615
2016-07-01,FCX,11.700567245483398
2016-08-01,FCX,9.290035247802734
2016-09-01,FCX,9.804642677307127
2016-10-01,FCX,10.093546867370604
2016-11-01,FCX,13.858311653137209
2016-12-01,FCX,11.908214569091797
2017-01-01,FCX,15.031977653503418
2017-02-01,FCX,12.097808837890623
2017-03-01,FCX,12.061697959899902
2017-04-01,FCX,11.510974884033203
2017-05-01,FCX,10.373420715332031
2017-06-01,FCX,10.842887878417969
2017-07-01,FCX,13.19925308227539
2017-08-01,FCX,13.343705177307127
2017-09-01,FCX,12.675612449645996
2017-10-01,FCX,12.62144374847412
2017-11-01,FCX,12.567276000976562
2017-12-01,FCX,17.11749839782715
2018-01-01,FCX,17.605022430419922
2018-02-01,FCX,16.792482376098633
2018-03-01,FCX,15.862578392028809
2018-04-01,FCX,13.731918334960938
2018-05-01,FCX,15.300232887268066
2018-06-01,FCX,15.626154899597168
2018-07-01,FCX,14.93809700012207
2018-08-01,FCX,12.756654739379885
2018-09-01,FCX,12.638619422912598
2018-10-01,FCX,10.5775785446167
2018-11-01,FCX,10.882010459899902
2018-12-01,FCX,9.396441459655762
2019-01-01,FCX,10.60859489440918
2019-02-01,FCX,11.807843208312988
2019-03-01,FCX,11.798691749572754
2019-04-01,FCX,11.26779556274414
2019-05-01,FCX,8.921182632446289
2019-06-01,FCX,10.666830062866213
2019-07-01,FCX,10.161513328552246
2019-08-01,FCX,8.4816312789917
2019-09-01,FCX,8.832341194152832
2019-10-01,FCX,9.063070297241213
2019-11-01,FCX,10.561761856079102
2019-12-01,FCX,12.176655769348145
2020-01-01,FCX,10.301897048950195
2020-02-01,FCX,9.278155326843262
2020-03-01,FCX,6.28790283203125
2020-04-01,FCX,8.225507736206055
2020-05-01,FCX,8.449079513549805
2020-06-01,FCX,10.777932167053224
2020-07-01,FCX,12.035512924194336
2020-08-01,FCX,14.541359901428224
2020-09-01,FCX,14.56930446624756
2020-10-01,FCX,16.152921676635742
2020-11-01,FCX,21.788753509521484
2020-12-01,FCX,24.238704681396484
2021-01-01,FCX,25.067771911621097
2021-02-01,FCX,31.588563919067383
2021-03-01,FCX,30.6756534576416
2021-04-01,FCX,35.128421783447266
2021-05-01,FCX,39.884132385253906
2021-06-01,FCX,34.64653778076172
2021-07-01,FCX,35.57080841064453
2021-08-01,FCX,34.0457878112793
2021-09-01,FCX,30.4344482421875
2021-10-01,FCX,35.29011535644531
2021-11-01,FCX,34.76413345336914
2021-12-01,FCX,39.12371444702149
2022-01-01,FCX,34.8953971862793
2022-02-01,FCX,44.164424896240234
2022-03-01,FCX,46.78889083862305
2022-04-01,FCX,38.144142150878906
2022-05-01,FCX,36.876590728759766
2022-06-01,FCX,27.61026382446289
2022-07-01,FCX,29.771146774291992
2022-08-01,FCX,28.090456008911133
2022-09-01,FCX,25.93622398376465
2022-10-01,FCX,30.073871612548828
2022-11-01,FCX,37.967750549316406
2022-12-01,FCX,36.250614166259766
2023-01-01,FCX,42.56585693359375
2023-02-01,FCX,39.21368789672851
2023-03-01,FCX,39.15625
2023-04-01,FCX,36.28484725952149
2023-05-01,FCX,32.98823547363281
2023-06-01,FCX,38.42543029785156
2023-07-01,FCX,42.89238357543945
2023-08-01,FCX,38.48072814941406
2023-09-01,FCX,35.954559326171875
2023-10-01,FCX,32.57025146484375
2023-11-01,FCX,36.12936019897461
2023-12-01,FCX,41.21186828613281
2024-01-01,FCX,38.423736572265625
2024-02-01,FCX,36.737152099609375
2024-03-01,FCX,45.68581771850586
2024-04-01,FCX,48.52296447753906
2024-05-01,FCX,51.385711669921875
2024-06-01,FCX,47.36100387573242
2024-07-01,FCX,44.2523307800293
2024-08-01,FCX,43.2777214050293
2024-09-01,FCX,48.79006576538086
2024-10-01,FCX,44.000972747802734
2024-11-01,FCX,43.33256530761719
2024-12-01,FCX,37.332672119140625
2025-01-01,FCX,35.14643859863281
2025-02-01,FCX,36.32357406616211
2025-03-01,FCX,37.25848007202149
2025-04-01,FCX,35.45755386352539
2025-05-01,FCX,38.03768539428711
2025-06-01,FCX,42.851707458496094
2025-07-01,FCX,39.7774543762207
2025-08-01,FCX,44.03438949584961
2025-09-01,FCX,38.89704895019531
2025-10-01,FCX,41.35662078857422
2025-11-01,FCX,42.77897262573242
2025-12-01,FCX,50.55244827270508
2013-01-01,GLEN.L,391.2049560546875
2013-02-01,GLEN.L,385.2889099121094
2013-03-01,GLEN.L,354.0680236816406
2013-04-01,GLEN.L,315.1414489746094
2013-05-01,GLEN.L,321.2563171386719
2013-06-01,GLEN.L,270.67803955078125
2013-07-01,GLEN.L,275.9991149902344
2013-08-01,GLEN.L,303.54925537109375
2013-09-01,GLEN.L,334.9364929199219
2013-10-01,GLEN.L,338.2191467285156
2013-11-01,GLEN.L,308.2271728515625
2013-12-01,GLEN.L,311.0621643066406
2014-01-01,GLEN.L,320.810791015625
2014-02-01,GLEN.L,327.4757385253906
2014-03-01,GLEN.L,307.1825866699219
2014-04-01,GLEN.L,316.8318176269531
2014-05-01,GLEN.L,321.6563720703125
2014-06-01,GLEN.L,323.9535827636719
2014-07-01,GLEN.L,358.2844543457031
2014-08-01,GLEN.L,360.6228942871094
2014-09-01,GLEN.L,341.5171203613281
2014-10-01,GLEN.L,318.38330078125
2014-11-01,GLEN.L,318.8808898925781
2014-12-01,GLEN.L,297.38330078125
2015-01-01,GLEN.L,247.71994018554688
2015-02-01,GLEN.L,298.82647705078125
2015-03-01,GLEN.L,284.5444641113281
2015-04-01,GLEN.L,308.7790832519531
2015-05-01,GLEN.L,286.6985168457031
2015-06-01,GLEN.L,254.19049072265625
2015-07-01,GLEN.L,207.09603881835935
2015-08-01,GLEN.L,147.655517578125
2015-09-01,GLEN.L,91.1521453857422
2015-10-01,GLEN.L,112.0577163696289
2015-11-01,GLEN.L,96.3298110961914
2015-12-01,GLEN.L,90.1242904663086
2016-01-01,GLEN.L,89.12822723388672
2016-02-01,GLEN.L,132.7261505126953
2016-03-01,GLEN.L,156.6815948486328
2016-04-01,GLEN.L,162.25955200195312
2016-05-01,GLEN.L,130.5845947265625
2016-06-01,GLEN.L,152.24908447265625
2016-07-01,GLEN.L,186.0158233642578
2016-08-01,GLEN.L,173.36573791503906
2016-09-01,GLEN.L,211.31591796875
2016-10-01,GLEN.L,249.01712036132812
2016-11-01,GLEN.L,278.20196533203125
2016-12-01,GLEN.L,276.2596435546875
2017-01-01,GLEN.L,325.1665954589844
2017-02-01,GLEN.L,320.7838439941406
2017-03-01,GLEN.L,311.9188232421875
2017-04-01,GLEN.L,302.4561767578125
2017-05-01,GLEN.L,283.9791564941406
2017-06-01,GLEN.L,286.1056213378906
2017-07-01,GLEN.L,332.8766784667969
2017-08-01,GLEN.L,358.13006591796875
2017-09-01,GLEN.L,340.69677734375
2017-10-01,GLEN.L,361.6513671875
2017-11-01,GLEN.L,338.3382873535156
2017-12-01,GLEN.L,388.5509948730469
2018-01-01,GLEN.L,402.2001037597656
2018-02-01,GLEN.L,384.9145202636719
2018-03-01,GLEN.L,352.4855041503906
2018-04-01,GLEN.L,349.3970031738281
2018-05-01,GLEN.L,370.7400512695313
2018-06-01,GLEN.L,360.7253112792969
2018-07-01,GLEN.L,333.32220458984375
2018-08-01,GLEN.L,312.4460144042969
2018-09-01,GLEN.L,330.5320739746094
2018-10-01,GLEN.L,317.8055725097656
2018-11-01,GLEN.L,289.199462890625
2018-12-01,GLEN.L,290.39556884765625
2019-01-01,GLEN.L,308.4363098144531
2019-02-01,GLEN.L,302.95428466796875
2019-03-01,GLEN.L,316.90850830078125
2019-04-01,GLEN.L,303.3529968261719
2019-05-01,GLEN.L,253.8917999267578
2019-06-01,GLEN.L,272.5361328125
2019-07-01,GLEN.L,265.6567077636719
2019-08-01,GLEN.L,236.2445068359375
2019-09-01,GLEN.L,244.02130126953125
2019-10-01,GLEN.L,232.03468322753903
2019-11-01,GLEN.L,243.25494384765625
2019-12-01,GLEN.L,234.7275848388672
2020-01-01,GLEN.L,221.91156005859375
2020-02-01,GLEN.L,192.74887084960935
2020-03-01,GLEN.L,123.47259521484376
2020-04-01,GLEN.L,146.71096801757812
2020-05-01,GLEN.L,149.42376708984375
2020-06-01,GLEN.L,170.76718139648438
2020-07-01,GLEN.L,174.17811584472656
2020-08-01,GLEN.L,168.73255920410156
2020-09-01,GLEN.L,160.53428649902344
2020-10-01,GLEN.L,155.48768615722656
2020-11-01,GLEN.L,211.2897186279297
2020-12-01,GLEN.L,232.3837890625
2021-01-01,GLEN.L,245.74835205078125
2021-02-01,GLEN.L,289.93121337890625
2021-03-01,GLEN.L,283.4981994628906
2021-04-01,GLEN.L,294.4192810058594
2021-05-01,GLEN.L,320.6470031738281
2021-06-01,GLEN.L,308.67694091796875
2021-07-01,GLEN.L,322.7416687011719
2021-08-01,GLEN.L,326.58209228515625
2021-09-01,GLEN.L,350.97100830078125
2021-10-01,GLEN.L,364.44818115234375
2021-11-01,GLEN.L,356.31610107421875
2021-12-01,GLEN.L,374.126953125
2022-01-01,GLEN.L,382.15924072265625
2022-02-01,GLEN.L,441.1794128417969
2022-03-01,GLEN.L,498.9024353027344
2022-04-01,GLEN.L,496.2083129882813
2022-05-01,GLEN.L,521.0588989257812
2022-06-01,GLEN.L,444.21240234375
2022-07-01,GLEN.L,460.9290161132813
2022-08-01,GLEN.L,472.3561096191406
2022-09-01,GLEN.L,477.1964721679687
2022-10-01,GLEN.L,498.72406005859375
2022-11-01,GLEN.L,562.6246337890625
2022-12-01,GLEN.L,551.5418701171875
2023-01-01,GLEN.L,540.3592529296875
2023-02-01,GLEN.L,494.58050537109375
2023-03-01,GLEN.L,463.8782348632813
2023-04-01,GLEN.L,468.27142333984375
2023-05-01,GLEN.L,410.8108215332031
2023-06-01,GLEN.L,443.9788513183594
2023-07-01,GLEN.L,472.9948120117187
2023-08-01,GLEN.L,420.9559020996094
2023-09-01,GLEN.L,469.60650634765625
2023-10-01,GLEN.L,434.878173828125
2023-11-01,GLEN.L,441.5240783691406
2023-12-01,GLEN.L,471.80517578125
2024-01-01,GLEN.L,420.1873779296875
2024-02-01,GLEN.L,374.9156799316406
2024-03-01,GLEN.L,435.0281677246094
2024-04-01,GLEN.L,467.4078979492187
2024-05-01,GLEN.L,480.44976806640625
2024-06-01,GLEN.L,450.8684692382813
2024-07-01,GLEN.L,429.5793762207031
2024-08-01,GLEN.L,400.5942687988281
2024-09-01,GLEN.L,427.53271484375
2024-10-01,GLEN.L,406.1410217285156
2024-11-01,GLEN.L,379.8013916015625
2024-12-01,GLEN.L,353.2617492675781
2025-01-01,GLEN.L,350.36285400390625
2025-02-01,GLEN.L,319.0251159667969
2025-03-01,GLEN.L,280.1903381347656
2025-04-01,GLEN.L,244.3043975830078
2025-05-01,GLEN.L,283.28912353515625
2025-06-01,GLEN.L,283.53265380859375
2025-07-01,GLEN.L,304.6776123046875
2025-08-01,GLEN.L,292.1305847167969
2025-09-01,GLEN.L,341.5622253417969
2025-10-01,GLEN.L,364.40972900390625
2025-11-01,GLEN.L,360.7601013183594
2025-12-01,GLEN.L,406.5050354003906
2013-01-01,LUN.TO,4.028458595275879
2013-02-01,LUN.TO,3.6672325134277344
2013-03-01,LUN.TO,3.486618995666504
2013-04-01,LUN.TO,3.109687328338623
2013-05-01,LUN.TO,3.3531224727630615
2013-06-01,LUN.TO,3.1410980224609375
2013-07-01,LUN.TO,3.1803622245788574
2013-08-01,LUN.TO,3.4080920219421387
2013-09-01,LUN.TO,3.5572938919067383
2013-10-01,LUN.TO,3.6907904148101807
2013-11-01,LUN.TO,3.4080920219421387
2013-12-01,LUN.TO,3.6122617721557617
2014-01-01,LUN.TO,3.8242883682250977
2014-02-01,LUN.TO,4.138396739959717
2014-03-01,LUN.TO,3.989193916320801
2014-04-01,LUN.TO,4.397537708282471
2014-05-01,LUN.TO,4.468212127685547
2014-06-01,LUN.TO,4.609562873840332
2014-07-01,LUN.TO,4.923671245574951
2014-08-01,LUN.TO,4.570298194885254
2014-09-01,LUN.TO,4.342567443847656
2014-10-01,LUN.TO,3.94992995262146
2014-11-01,LUN.TO,4.2797465324401855
2014-12-01,LUN.TO,4.4917707443237305
2015-01-01,LUN.TO,3.5494415760040283
2015-02-01,LUN.TO,4.2797465324401855
2015-03-01,LUN.TO,4.012752532958984
2015-04-01,LUN.TO,4.711646556854248
2015-05-01,LUN.TO,4.421096324920654
2015-06-01,LUN.TO,4.028458595275879
2015-07-01,LUN.TO,3.7064950466156006
2015-08-01,LUN.TO,3.5101771354675293
2015-09-01,LUN.TO,2.9604849815368652
2015-10-01,LUN.TO,3.4630603790283203
2015-11-01,LUN.TO,2.8662514686584473
2015-12-01,LUN.TO,2.9840433597564697
2016-01-01,LUN.TO,2.724903106689453
2016-02-01,LUN.TO,2.952632427215576
2016-03-01,LUN.TO,3.21177339553833
2016-04-01,LUN.TO,3.8714041709899902
2016-05-01,LUN.TO,3.4159440994262695
2016-06-01,LUN.TO,3.423797607421875
2016-07-01,LUN.TO,4.287600040435791
2016-08-01,LUN.TO,3.894960165023804
2016-09-01,LUN.TO,4.075573921203613
2016-10-01,LUN.TO,4.122691631317139
2016-11-01,LUN.TO,5.174959182739258
2016-12-01,LUN.TO,5.025757312774658
2017-01-01,LUN.TO,6.250784873962402
2017-02-01,LUN.TO,6.274343490600586
2017-03-01,LUN.TO,5.8817057609558105
2017-04-01,LUN.TO,5.740100383758545
2017-05-01,LUN.TO,5.866257667541504
2017-06-01,LUN.TO,5.833851337432861
2017-07-01,LUN.TO,7.100357532501221
2017-08-01,LUN.TO,7.472397804260254
2017-09-01,LUN.TO,6.77581787109375
2017-10-01,LUN.TO,7.8135199546813965
2017-11-01,LUN.TO,5.971304893493652
2017-12-01,LUN.TO,6.638312816619873
2018-01-01,LUN.TO,7.090399265289307
2018-02-01,LUN.TO,6.6597113609313965
2018-03-01,LUN.TO,6.739467144012451
2018-04-01,LUN.TO,6.801868915557861
2018-05-01,LUN.TO,6.505788803100586
2018-06-01,LUN.TO,5.871192932128906
2018-07-01,LUN.TO,5.782844066619873
2018-08-01,LUN.TO,4.995734214782715
2018-09-01,LUN.TO,5.493701934814453
2018-10-01,LUN.TO,4.366291046142578
2018-11-01,LUN.TO,4.672980308532715
2018-12-01,LUN.TO,4.551920413970947
2019-01-01,LUN.TO,4.865748882293701
2019-02-01,LUN.TO,5.417201042175293
2019-03-01,LUN.TO,5.027940273284912
2019-04-01,LUN.TO,5.8577423095703125
2019-05-01,LUN.TO,4.920828819274902
2019-06-01,LUN.TO,5.90278434753418
2019-07-01,LUN.TO,5.231455326080322
2019-08-01,LUN.TO,5.198706150054932
2019-09-01,LUN.TO,5.100464344024658
2019-10-01,LUN.TO,5.469676494598389
2019-11-01,LUN.TO,5.913830757141113
2019-12-01,LUN.TO,6.382659912109375
2020-01-01,LUN.TO,5.731694221496582
2020-02-01,LUN.TO,5.657363414764404
2020-03-01,LUN.TO,4.36897087097168
2020-04-01,LUN.TO,5.681144714355469
2020-05-01,LUN.TO,5.281297206878662
2020-06-01,LUN.TO,6.10147762298584
2020-07-01,LUN.TO,6.285862445831299
2020-08-01,LUN.TO,6.847399711608887
2020-09-01,LUN.TO,6.227194786071777
2020-10-01,LUN.TO,6.77949857711792
2020-11-01,LUN.TO,8.74176025390625
2020-12-01,LUN.TO,9.516560554504396
2021-01-01,LUN.TO,9.641375541687012
2021-02-01,LUN.TO,12.322354316711426
2021-03-01,LUN.TO,10.935349464416504
2021-04-01,LUN.TO,12.616903305053713
2021-05-01,LUN.TO,10.900663375854492
2021-06-01,LUN.TO,9.498785972595217
2021-07-01,LUN.TO,9.705355644226074
2021-08-01,LUN.TO,8.706650733947754
2021-09-01,LUN.TO,7.776235580444336
2021-10-01,LUN.TO,9.35950756072998
2021-11-01,LUN.TO,8.716421127319336
2021-12-01,LUN.TO,8.586065292358398
2022-01-01,LUN.TO,9.286661148071287
2022-02-01,LUN.TO,10.724823951721191
2022-03-01,LUN.TO,11.110671997070312
2022-04-01,LUN.TO,10.449892044067385
2022-05-01,LUN.TO,10.031185150146484
2022-06-01,LUN.TO,7.269491195678711
2022-07-01,LUN.TO,6.485134601593018
2022-08-01,LUN.TO,6.134829998016357
2022-09-01,LUN.TO,6.269562244415283
2022-10-01,LUN.TO,6.498915195465088
2022-11-01,LUN.TO,7.536556720733643
2022-12-01,LUN.TO,7.563864231109619
2023-01-01,LUN.TO,9.266560554504396
2023-02-01,LUN.TO,7.812621593475342
2023-03-01,LUN.TO,8.447568893432617
2023-04-01,LUN.TO,9.632862091064451
2023-05-01,LUN.TO,8.832448959350586
2023-06-01,LUN.TO,9.660783767700195
2023-07-01,LUN.TO,11.078146934509276
2023-08-01,LUN.TO,9.847240447998049
2023-09-01,LUN.TO,9.601463317871094
2023-10-01,LUN.TO,8.208162307739258
2023-11-01,LUN.TO,8.909551620483398
2023-12-01,LUN.TO,10.374711990356444
2024-01-01,LUN.TO,10.508702278137209
2024-02-01,LUN.TO,10.269431114196776
2024-03-01,LUN.TO,13.265084266662598
2024-04-01,LUN.TO,15.145106315612791
2024-05-01,LUN.TO,15.184311866760254
2024-06-01,LUN.TO,14.841431617736816
2024-07-01,LUN.TO,13.584342956542969
2024-08-01,LUN.TO,13.623321533203123
2024-09-01,LUN.TO,13.899056434631348
2024-10-01,LUN.TO,13.281103134155272
2024-11-01,LUN.TO,13.477276802062988
2024-12-01,LUN.TO,12.21359157562256
2025-01-01,LUN.TO,11.334844589233398
2025-02-01,LUN.TO,11.44345474243164
2025-03-01,LUN.TO,11.51257038116455
2025-04-01,LUN.TO,11.215744972229004
2025-05-01,LUN.TO,12.916003227233888
2025-06-01,LUN.TO,14.23842716217041
2025-07-01,LUN.TO,14.097512245178224
2025-08-01,LUN.TO,15.83105754852295
2025-09-01,LUN.TO,20.682992935180664
2025-10-01,LUN.TO,22.51544761657715
2025-11-01,LUN.TO,26.058439254760746
2025-12-01,LUN.TO,29.441743850708008
2013-01-01,TECK-B.TO,28.77736473083496
2013-02-01,TECK-B.TO,25.278167724609375
2013-03-01,TECK-B.TO,22.641883850097656
2013-04-01,TECK-B.TO,21.216869354248047
2013-05-01,TECK-B.TO,21.921457290649418
2013-06-01,TECK-B.TO,17.788923263549805
2013-07-01,TECK-B.TO,19.40027236938477
2013-08-01,TECK-B.TO,21.38384246826172
2013-09-01,TECK-B.TO,22.319183349609375
2013-10-01,TECK-B.TO,22.4965763092041
2013-11-01,TECK-B.TO,20.617828369140625
2013-12-01,TECK-B.TO,22.29499626159668
2014-01-01,TECK-B.TO,22.011110305786133
2014-02-01,TECK-B.TO,20.2288761138916
2014-03-01,TECK-B.TO,19.596458435058594
2014-04-01,TECK-B.TO,20.516326904296875
2014-05-01,TECK-B.TO,19.85106086730957
2014-06-01,TECK-B.TO,20.00712013244629
2014-07-01,TECK-B.TO,21.874963760375977
2014-08-01,TECK-B.TO,20.66945457458496
2014-09-01,TECK-B.TO,17.75613784790039
2014-10-01,TECK-B.TO,14.909796714782717
2014-11-01,TECK-B.TO,14.767480850219728
2014-12-01,TECK-B.TO,13.294081687927246
2015-01-01,TECK-B.TO,14.198650360107422
2015-02-01,TECK-B.TO,17.331850051879883
2015-03-01,TECK-B.TO,15.00136661529541
2015-04-01,TECK-B.TO,15.786826133728027
2015-05-01,TECK-B.TO,12.489631652832031
2015-06-01,TECK-B.TO,10.6856689453125
2015-07-01,TECK-B.TO,8.398920059204102
2015-08-01,TECK-B.TO,8.24193286895752
2015-09-01,TECK-B.TO,5.5556721687316895
2015-10-01,TECK-B.TO,6.68076229095459
2015-11-01,TECK-B.TO,4.953880310058594
2015-12-01,TECK-B.TO,4.657343864440918
2016-01-01,TECK-B.TO,4.607481479644775
2016-02-01,TECK-B.TO,6.898007392883301
2016-03-01,TECK-B.TO,8.677571296691895
2016-04-01,TECK-B.TO,13.531723022460938
2016-05-01,TECK-B.TO,11.109053611755373
2016-06-01,TECK-B.TO,14.985325813293455
2016-07-01,TECK-B.TO,18.39628219604492
2016-08-01,TECK-B.TO,18.785249710083008
2016-09-01,TECK-B.TO,20.90687370300293
2016-10-01,TECK-B.TO,25.60097312927246
2016-11-01,TECK-B.TO,30.065231323242188
2016-12-01,TECK-B.TO,23.753395080566406
2017-01-01,TECK-B.TO,28.237966537475582
2017-02-01,TECK-B.TO,23.50950813293457
2017-03-01,TECK-B.TO,25.749771118164062
2017-04-01,TECK-B.TO,25.076807022094727
2017-05-01,TECK-B.TO,21.29581069946289
2017-06-01,TECK-B.TO,19.905603408813477
2017-07-01,TECK-B.TO,24.062759399414062
2017-08-01,TECK-B.TO,27.637496948242188
2017-09-01,TECK-B.TO,23.360265731811523
2017-10-01,TECK-B.TO,23.484228134155273
2017-11-01,TECK-B.TO,26.40638732910156
2017-12-01,TECK-B.TO,29.28400230407715
2018-01-01,TECK-B.TO,32.29696273803711
2018-02-01,TECK-B.TO,33.18305587768555
2018-03-01,TECK-B.TO,30.0003662109375
2018-04-01,TECK-B.TO,29.183082580566406
2018-05-01,TECK-B.TO,31.845144271850582
2018-06-01,TECK-B.TO,30.323963165283203
2018-07-01,TECK-B.TO,30.76278305053711
2018-08-01,TECK-B.TO,26.664701461791992
2018-09-01,TECK-B.TO,28.224145889282227
2018-10-01,TECK-B.TO,24.71152114868164
2018-11-01,TECK-B.TO,24.439069747924805
2018-12-01,TECK-B.TO,26.69135284423828
2019-01-01,TECK-B.TO,29.15931701660156
2019-02-01,TECK-B.TO,26.87212562561035
2019-03-01,TECK-B.TO,28.175188064575195
2019-04-01,TECK-B.TO,28.91645050048828
2019-05-01,TECK-B.TO,25.073701858520508
2019-06-01,TECK-B.TO,27.583812713623047
2019-07-01,TECK-B.TO,24.68665885925293
2019-08-01,TECK-B.TO,20.727651596069336
2019-09-01,TECK-B.TO,19.639612197875977
2019-10-01,TECK-B.TO,19.074657440185547
2019-11-01,TECK-B.TO,19.056333541870117
2019-12-01,TECK-B.TO,20.63214874267578
2020-01-01,TECK-B.TO,15.703387260437012
2020-02-01,TECK-B.TO,12.397411346435549
2020-03-01,TECK-B.TO,9.79854679107666
2020-04-01,TECK-B.TO,11.317995071411133
2020-05-01,TECK-B.TO,12.065146446228027
2020-06-01,TECK-B.TO,13.116695404052734
2020-07-01,TECK-B.TO,12.56345272064209
2020-08-01,TECK-B.TO,13.924415588378906
2020-09-01,TECK-B.TO,17.164810180664062
2020-10-01,TECK-B.TO,16.258638381958008
2020-11-01,TECK-B.TO,19.053524017333984
2020-12-01,TECK-B.TO,21.44914436340332
2021-01-01,TECK-B.TO,21.73777961730957
2021-02-01,TECK-B.TO,24.65971946716309
2021-03-01,TECK-B.TO,22.398468017578125
2021-04-01,TECK-B.TO,24.246253967285156
2021-05-01,TECK-B.TO,27.369091033935547
2021-06-01,TECK-B.TO,26.614013671875
2021-07-01,TECK-B.TO,26.59504508972168
2021-08-01,TECK-B.TO,26.56703758239746
2021-09-01,TECK-B.TO,29.44318199157715
2021-10-01,TECK-B.TO,32.30573272705078
2021-11-01,TECK-B.TO,31.68843460083008
2021-12-01,TECK-B.TO,34.073486328125
2022-01-01,TECK-B.TO,36.77363204956055
2022-02-01,TECK-B.TO,42.749568939208984
2022-03-01,TECK-B.TO,47.28304672241211
2022-04-01,TECK-B.TO,48.033103942871094
2022-05-01,TECK-B.TO,49.7011833190918
2022-06-01,TECK-B.TO,37.3043212890625
2022-07-01,TECK-B.TO,35.771846771240234
2022-08-01,TECK-B.TO,42.26112365722656
2022-09-01,TECK-B.TO,39.91434097290039
2022-10-01,TECK-B.TO,39.51232147216797
2022-11-01,TECK-B.TO,47.50625228881836
2022-12-01,TECK-B.TO,48.75439453125
2023-01-01,TECK-B.TO,54.97798156738281
2023-02-01,TECK-B.TO,52.026588439941406
2023-03-01,TECK-B.TO,47.13625717163086
2023-04-01,TECK-B.TO,61.05064392089844
2023-05-01,TECK-B.TO,51.260868072509766
2023-06-01,TECK-B.TO,53.92113494873047
2023-07-01,TECK-B.TO,56.79225158691406
2023-08-01,TECK-B.TO,54.17464447021485
2023-09-01,TECK-B.TO,56.675907135009766
2023-10-01,TECK-B.TO,47.60852813720703
2023-11-01,TECK-B.TO,49.668312072753906
2023-12-01,TECK-B.TO,54.419456481933594
2024-01-01,TECK-B.TO,52.40606689453125
2024-02-01,TECK-B.TO,50.78937530517578
2024-03-01,TECK-B.TO,60.38238906860352
2024-04-01,TECK-B.TO,66.05806732177734
2024-05-01,TECK-B.TO,69.18092346191406
2024-06-01,TECK-B.TO,63.97942352294922
2024-07-01,TECK-B.TO,66.17436981201172
2024-08-01,TECK-B.TO,63.094459533691406
2024-09-01,TECK-B.TO,69.06853485107422
2024-10-01,TECK-B.TO,63.974876403808594
2024-11-01,TECK-B.TO,64.55754852294922
2024-12-01,TECK-B.TO,57.555667877197266
2025-01-01,TECK-B.TO,58.7463264465332
2025-02-01,TECK-B.TO,57.608402252197266
2025-03-01,TECK-B.TO,51.86933135986328
2025-04-01,TECK-B.TO,46.45719146728515
2025-05-01,TECK-B.TO,50.43357467651367
2025-06-01,TECK-B.TO,54.6082763671875
2025-07-01,TECK-B.TO,44.65973281860352
2025-08-01,TECK-B.TO,46.67751693725586
2025-09-01,TECK-B.TO,60.68275833129883
2025-10-01,TECK-B.TO,59.93724822998047
2025-11-01,TECK-B.TO,59.259883880615234
2025-12-01,TECK-B.TO,65.45581817626953
2013-01-01,RIO,22.706092834472656
2013-02-01,RIO,21.56816864013672
2013-03-01,RIO,18.930458068847656
2013-04-01,RIO,18.86174201965332
2013-05-01,RIO,17.493993759155273
2013-06-01,RIO,16.82240867614746
2013-07-01,RIO,18.423566818237305
2013-08-01,RIO,18.472707748413086
2013-09-01,RIO,20.308019638061523
2013-10-01,RIO,21.116008758544922
2013-11-01,RIO,22.094758987426758
2013-12-01,RIO,23.502498626708984
2014-01-01,RIO,22.13640785217285
2014-02-01,RIO,23.86484718322754
2014-03-01,RIO,23.25260353088379
2014-04-01,RIO,23.059314727783203
2014-05-01,RIO,21.823307037353516
2014-06-01,RIO,23.055065155029297
2014-07-01,RIO,24.333547592163086
2014-08-01,RIO,22.82570457458496
2014-09-01,RIO,21.23258399963379
2014-10-01,RIO,20.710189819335938
2014-11-01,RIO,20.11871337890625
2014-12-01,RIO,19.885583877563477
2015-01-01,RIO,19.05233383178711
2015-02-01,RIO,21.297348022460938
2015-03-01,RIO,17.87371063232422
2015-04-01,RIO,19.82962989807129
2015-05-01,RIO,19.378055572509766
2015-06-01,RIO,18.24467658996582
2015-07-01,RIO,17.0980224609375
2015-08-01,RIO,16.256845474243164
2015-09-01,RIO,15.383344650268555
2015-10-01,RIO,16.606914520263672
2015-11-01,RIO,15.046751022338867
2015-12-01,RIO,13.245506286621094
2016-01-01,RIO,11.212285995483398
2016-02-01,RIO,11.871830940246582
2016-03-01,RIO,13.37147045135498
2016-04-01,RIO,15.920893669128418
2016-05-01,RIO,13.262685775756836
2016-06-01,RIO,14.804637908935547
2016-07-01,RIO,15.523582458496094
2016-08-01,RIO,14.270156860351562
2016-09-01,RIO,16.01720428466797
2016-10-01,RIO,16.712554931640625
2016-11-01,RIO,18.18000030517578
2016-12-01,RIO,18.443754196166992
2017-01-01,RIO,21.479354858398438
2017-02-01,RIO,19.91120147705078
2017-03-01,RIO,20.055049896240234
2017-04-01,RIO,19.631072998046875
2017-05-01,RIO,19.872648239135742
2017-06-01,RIO,20.8586368560791
2017-07-01,RIO,23.35811996459961
2017-08-01,RIO,24.196216583251953
2017-09-01,RIO,23.818485260009766
2017-10-01,RIO,24.191993713378906
2017-11-01,RIO,24.17685317993164
2017-12-01,RIO,26.71567726135254
2018-01-01,RIO,28.320737838745117
2018-02-01,RIO,27.614103317260742
2018-03-01,RIO,26.00904655456543
2018-04-01,RIO,28.676084518432617
2018-05-01,RIO,29.58933448791504
2018-06-01,RIO,28.952669143676758
2018-07-01,RIO,28.963104248046875
2018-08-01,RIO,25.06483268737793
2018-09-01,RIO,27.292667388916016
2018-10-01,RIO,26.367216110229492
2018-11-01,RIO,25.013813018798828
2018-12-01,RIO,25.93391227722168
2019-01-01,RIO,30.101106643676758
2019-02-01,RIO,31.133541107177734
2019-03-01,RIO,31.481246948242188
2019-04-01,RIO,33.93301773071289
2019-05-01,RIO,33.374183654785156
2019-06-01,RIO,35.91483688354492
2019-07-01,RIO,32.884483337402344
2019-08-01,RIO,29.139755249023438
2019-09-01,RIO,31.2965145111084
2019-10-01,RIO,31.248441696166992
2019-11-01,RIO,32.78052520751953
2019-12-01,RIO,35.66444396972656
2020-01-01,RIO,32.10160446166992
2020-02-01,RIO,28.19630241394043
2020-03-01,RIO,27.373178482055664
2020-04-01,RIO,29.116823196411133
2020-05-01,RIO,33.989585876464844
2020-06-01,RIO,35.414222717285156
2020-07-01,RIO,38.47782516479492
2020-08-01,RIO,38.597599029541016
2020-09-01,RIO,39.003944396972656
2020-10-01,RIO,36.665897369384766
2020-11-01,RIO,41.962013244628906
2020-12-01,RIO,48.5821533203125
2021-01-01,RIO,49.35719680786133
2021-02-01,RIO,56.448822021484375
2021-03-01,RIO,50.151611328125
2021-04-01,RIO,57.480655670166016
2021-05-01,RIO,59.08222198486328
2021-06-01,RIO,56.69001007080078
2021-07-01,RIO,58.32535934448242
2021-08-01,RIO,50.729759216308594
2021-09-01,RIO,48.3018798828125
2021-10-01,RIO,45.735713958740234
2021-11-01,RIO,45.316444396972656
2021-12-01,RIO,48.388633728027344
2022-01-01,RIO,51.61260986328125
2022-02-01,RIO,56.80278396606445
2022-03-01,RIO,58.118408203125
2022-04-01,RIO,54.78679656982422
2022-05-01,RIO,56.573997497558594
2022-06-01,RIO,46.99093246459961
2022-07-01,RIO,47.014034271240234
2022-08-01,RIO,43.36260986328125
2022-09-01,RIO,44.333255767822266
2022-10-01,RIO,42.956390380859375
2022-11-01,RIO,55.267608642578125
2022-12-01,RIO,57.32886505126953
2023-01-01,RIO,63.891090393066406
2023-02-01,RIO,56.14525604248047
2023-03-01,RIO,55.23540115356445
2023-04-01,RIO,53.19563293457031
2023-05-01,RIO,49.088951110839844
2023-06-01,RIO,53.07093048095703
2023-07-01,RIO,55.32379150390625
2023-08-01,RIO,51.95697784423828
2023-09-01,RIO,54.41672134399414
2023-10-01,RIO,55.01526641845703
2023-11-01,RIO,59.07685089111328
2023-12-01,RIO,63.66859436035156
2024-01-01,RIO,59.230770111083984
2024-02-01,RIO,55.177730560302734
2024-03-01,RIO,54.502227783203125
2024-04-01,RIO,60.402530670166016
2024-05-01,RIO,62.42396545410156
2024-06-01,RIO,58.71058654785156
2024-07-01,RIO,58.024906158447266
2024-08-01,RIO,56.341861724853516
2024-09-01,RIO,65.21636962890625
2024-10-01,RIO,59.461708068847656
2024-11-01,RIO,57.58320236206055
2024-12-01,RIO,53.89032745361328
2025-01-01,RIO,55.35647964477539
2025-02-01,RIO,55.49393844604492
2025-03-01,RIO,55.0540885925293
2025-04-01,RIO,56.41621780395508
2025-05-01,RIO,56.44470977783203
2025-06-01,RIO,55.399967193603516
2025-07-01,RIO,56.76763153076172
2025-08-01,RIO,59.5694465637207
2025-09-01,RIO,64.21429443359375
2025-10-01,RIO,69.78841400146484
2025-11-01,RIO,69.9926986694336
2025-12-01,RIO,77.85289001464844
2013-01-01,SCCO,24.491853713989258
2013-02-01,SCCO,23.49700927734375
2013-03-01,SCCO,23.498247146606445
2013-04-01,SCCO,20.84632682800293
2013-05-01,SCCO,19.48284149169922
2013-06-01,SCCO,17.3763370513916
2013-07-01,SCCO,16.401206970214844
2013-08-01,SCCO,17.30084228515625
2013-09-01,SCCO,17.21470832824707
2013-10-01,SCCO,17.663402557373047
2013-11-01,SCCO,15.862299919128418
2013-12-01,SCCO,18.22068214416504
2014-01-01,SCCO,17.757387161254883
2014-02-01,SCCO,19.3630428314209
2014-03-01,SCCO,18.5455265045166
2014-04-01,SCCO,19.201725006103516
2014-05-01,SCCO,18.934144973754883
2014-06-01,SCCO,19.4132022857666
2014-07-01,SCCO,21.004859924316406
2014-08-01,SCCO,20.9729061126709
2014-09-01,SCCO,19.023365020751953
2014-10-01,SCCO,18.465190887451172
2014-11-01,SCCO,19.215850830078125
2014-12-01,SCCO,18.1682071685791
2015-01-01,SCCO,17.575489044189453
2015-02-01,SCCO,19.179706573486328
2015-03-01,SCCO,18.864032745361328
2015-04-01,SCCO,21.06203269958496
2015-05-01,SCCO,19.407073974609375
2015-06-01,SCCO,19.071491241455078
2015-07-01,SCCO,18.06636619567871
2015-08-01,SCCO,17.2882080078125
2015-09-01,SCCO,17.387758255004883
2015-10-01,SCCO,18.064525604248047
2015-11-01,SCCO,16.743528366088867
2015-12-01,SCCO,17.021974563598633
2016-01-01,SCCO,16.89164161682129
2016-02-01,SCCO,15.601311683654785
2016-03-01,SCCO,18.079755783081055
2016-04-01,SCCO,19.358591079711914
2016-05-01,SCCO,16.99667739868164
2016-06-01,SCCO,17.634689331054688
2016-07-01,SCCO,16.98760414123535
2016-08-01,SCCO,16.876487731933594
2016-09-01,SCCO,17.223373413085938
2016-10-01,SCCO,18.592071533203125
2016-11-01,SCCO,21.49974822998047
2016-12-01,SCCO,20.955242156982422
2017-01-01,SCCO,25.167285919189453
2017-02-01,SCCO,24.05194854736328
2017-03-01,SCCO,23.597211837768555
2017-04-01,SCCO,23.25532341003418
2017-05-01,SCCO,22.985746383666992
2017-06-01,SCCO,22.848018646240234
2017-07-01,SCCO,25.95556640625
2017-08-01,SCCO,26.85285186767578
2017-09-01,SCCO,26.327857971191406
2017-10-01,SCCO,28.440183639526367
2017-11-01,SCCO,27.84423065185547
2017-12-01,SCCO,31.59762954711914
2018-01-01,SCCO,32.33012390136719
2018-02-01,SCCO,35.1136474609375
2018-03-01,SCCO,36.313507080078125
2018-04-01,SCCO,35.39528274536133
2018-05-01,SCCO,32.7679328918457
2018-06-01,SCCO,31.59605598449707
2018-07-01,SCCO,33.274620056152344
2018-08-01,SCCO,29.418657302856445
2018-09-01,SCCO,29.33354949951172
2018-10-01,SCCO,26.069732666015625
2018-11-01,SCCO,22.76511573791504
2018-12-01,SCCO,21.1358585357666
2019-01-01,SCCO,23.09351348876953
2019-02-01,SCCO,24.460439682006836
2019-03-01,SCCO,27.972614288330078
2019-04-01,SCCO,27.08436393737793
2019-05-01,SCCO,23.77813148498535
2019-06-01,SCCO,27.689287185668945
2019-07-01,SCCO,25.50835609436035
2019-08-01,SCCO,22.522045135498047
2019-09-01,SCCO,24.629680633544922
2019-10-01,SCCO,25.676063537597656
2019-11-01,SCCO,27.444089889526367
2019-12-01,SCCO,30.981786727905273
2020-01-01,SCCO,27.48102378845215
2020-02-01,SCCO,24.54183578491211
2020-03-01,SCCO,20.537832260131836
2020-04-01,SCCO,23.930828094482422
2020-05-01,SCCO,26.778339385986328
2020-06-01,SCCO,29.51240348815918
2020-07-01,SCCO,32.43618392944336
2020-08-01,SCCO,35.693885803222656
2020-09-01,SCCO,33.88948440551758
2020-10-01,SCCO,39.18213653564453
2020-11-01,SCCO,44.444854736328125
2020-12-01,SCCO,49.195526123046875
2021-01-01,SCCO,50.170066833496094
2021-02-01,SCCO,53.88692855834961
2021-03-01,SCCO,51.708595275878906
2021-04-01,SCCO,52.881893157958984
2021-05-01,SCCO,53.13330841064453
2021-06-01,SCCO,49.45427703857422
2021-07-01,SCCO,50.46920394897461
2021-08-01,SCCO,48.12412643432617
2021-09-01,SCCO,43.75678253173828
2021-10-01,SCCO,46.7575569152832
2021-11-01,SCCO,45.59621810913086
2021-12-01,SCCO,48.889259338378906
2022-01-01,SCCO,50.6163444519043
2022-02-01,SCCO,54.973670959472656
2022-03-01,SCCO,61.0399055480957
2022-04-01,SCCO,50.07844924926758
2022-05-01,SCCO,49.68439483642578
2022-06-01,SCCO,40.98847961425781
2022-07-01,SCCO,40.98025131225586
2022-08-01,SCCO,38.73374938964844
2022-09-01,SCCO,37.486488342285156
2022-10-01,SCCO,39.26718521118164
2022-11-01,SCCO,51.01306915283203
2022-12-01,SCCO,50.966835021972656
2023-01-01,SCCO,63.47433853149414
2023-02-01,SCCO,62.191524505615234
2023-03-01,SCCO,65.23858642578125
2023-04-01,SCCO,65.73483276367188
2023-05-01,SCCO,57.127601623535156
2023-06-01,SCCO,62.16469192504883
2023-07-01,SCCO,75.76918029785156
2023-08-01,SCCO,69.89411926269531
2023-09-01,SCCO,66.02632904052734
2023-10-01,SCCO,62.176475524902344
2023-11-01,SCCO,63.079750061035156
2023-12-01,SCCO,76.51069641113281
2024-01-01,SCCO,72.98161315917969
2024-02-01,SCCO,71.87931823730469
2024-03-01,SCCO,95.6439437866211
2024-04-01,SCCO,104.7575912475586
2024-05-01,SCCO,106.51747131347656
2024-06-01,SCCO,96.7393798828125
2024-07-01,SCCO,95.72476196289062
2024-08-01,SCCO,91.79071044921875
2024-09-01,SCCO,105.00631713867188
2024-10-01,SCCO,99.45053100585938
2024-11-01,SCCO,91.64527893066406
2024-12-01,SCCO,83.7392807006836
2025-01-01,SCCO,84.18953704833984
2025-02-01,SCCO,81.71770477294922
2025-03-01,SCCO,86.49981689453125
2025-04-01,SCCO,82.85324096679688
2025-05-01,SCCO,84.8969955444336
2025-06-01,SCCO,95.21946716308594
2025-07-01,SCCO,88.62177276611328
2025-08-01,SCCO,91.34264373779297
2025-09-01,SCCO,116.31729125976562
2025-10-01,SCCO,133.0326385498047
2025-11-01,SCCO,130.21311950683594
2025-12-01,SCCO,139.51425170898438
2013-01-01,CLP=X,471.29998779296875
2013-02-01,CLP=X,472.0
2013-03-01,CLP=X,471.75
2013-04-01,CLP=X,471.45001220703125
2013-05-01,CLP=X,494.25
2013-06-01,CLP=X,506.6499938964844
2013-07-01,CLP=X,514.4000244140625
2013-08-01,CLP=X,509.95001220703125
2013-09-01,CLP=X,503.1499938964844
2013-10-01,CLP=X,508.29998779296875
2013-11-01,CLP=X,531.75
2013-12-01,CLP=X,525.5999755859375
2014-01-01,CLP=X,547.9000244140625
2014-02-01,CLP=X,561.3499755859375
2014-03-01,CLP=X,549.7000122070312
2014-04-01,CLP=X,561.5999755859375
2014-05-01,CLP=X,549.0
2014-06-01,CLP=X,550.6500244140625
2014-07-01,CLP=X,571.6500244140625
2014-08-01,CLP=X,586.25
2014-09-01,CLP=X,601.2999877929688
2014-10-01,CLP=X,576.4000244140625
2014-11-01,CLP=X,608.5999755859375
2014-12-01,CLP=X,605.4500122070312
2015-01-01,CLP=X,632.911376953125
2015-02-01,CLP=X,618.5
2015-03-01,CLP=X,626.4000244140625
2015-04-01,CLP=X,608.5999755859375
2015-05-01,CLP=X,616.0
2015-06-01,CLP=X,634.7000122070312
2015-07-01,CLP=X,672.0
2015-08-01,CLP=X,691.5
2015-09-01,CLP=X,703.7000122070312
2015-10-01,CLP=X,688.4000244140625
2015-11-01,CLP=X,712.5999755859375
2015-12-01,CLP=X,708.1500244140625
2016-01-01,CLP=X,712.9500122070312
2016-02-01,CLP=X,693.0
2016-03-01,CLP=X,667.0700073242188
2016-04-01,CLP=X,645.3599853515625
2016-05-01,CLP=X,675.6300048828125
2016-06-01,CLP=X,651.760009765625
2016-07-01,CLP=X,648.719970703125
2016-08-01,CLP=X,673.0999755859375
2016-09-01,CLP=X,646.469970703125
2016-10-01,CLP=X,650.7999877929688
2016-11-01,CLP=X,659.5999755859375
2016-12-01,CLP=X,668.5999755859375
2017-01-01,CLP=X,647.7000122070312
2017-02-01,CLP=X,646.3499755859375
2017-03-01,CLP=X,662.5999755859375
2017-04-01,CLP=X,666.5999755859375
2017-05-01,CLP=X,674.4000244140625
2017-06-01,CLP=X,664.7000122070312
2017-07-01,CLP=X,653.2000122070312
2017-08-01,CLP=X,631.4000244140625
2017-09-01,CLP=X,635.4000244140625
2017-10-01,CLP=X,621.02001953125
2017-11-01,CLP=X,643.7999877929688
2017-12-01,CLP=X,613.5
2018-01-01,CLP=X,606.4000244140625
2018-02-01,CLP=X,591.5
2018-03-01,CLP=X,603.4000244140625
2018-04-01,CLP=X,605.7000122070312
2018-05-01,CLP=X,627.2000122070312
2018-06-01,CLP=X,649.0
2018-07-01,CLP=X,638.0999755859375
2018-08-01,CLP=X,679.0
2018-09-01,CLP=X,657.2999877929688
2018-10-01,CLP=X,693.0
2018-11-01,CLP=X,670.0
2018-12-01,CLP=X,693.5
2019-01-01,CLP=X,663.4000244140625
2019-02-01,CLP=X,648.7000122070312
2019-03-01,CLP=X,680.0
2019-04-01,CLP=X,678.1400146484375
2019-05-01,CLP=X,709.6400146484375
2019-06-01,CLP=X,677.2999877929688
2019-07-01,CLP=X,699.0
2019-08-01,CLP=X,721.0700073242188
2019-09-01,CLP=X,725.989990234375
2019-10-01,CLP=X,741.7677001953125
2019-11-01,CLP=X,857.6843872070312
2019-12-01,CLP=X,732.2000122070312
2020-01-01,CLP=X,796.7999877929688
2020-02-01,CLP=X,814.0
2020-03-01,CLP=X,859.2000122070312
2020-04-01,CLP=X,834.0999755859375
2020-05-01,CLP=X,808.0999755859375
2020-06-01,CLP=X,821.0
2020-07-01,CLP=X,761.0
2020-08-01,CLP=X,779.0
2020-09-01,CLP=X,784.0999755859375
2020-10-01,CLP=X,771.5
2020-11-01,CLP=X,768.2000122070312
2020-12-01,CLP=X,711.0
2021-01-01,CLP=X,734.2999877929688
2021-02-01,CLP=X,715.5
2021-03-01,CLP=X,728.7999877929688
2021-04-01,CLP=X,708.9000244140625
2021-05-01,CLP=X,724.0
2021-06-01,CLP=X,727.2000122070312
2021-07-01,CLP=X,759.780029296875
2021-08-01,CLP=X,782.219970703125
2021-09-01,CLP=X,809.5
2021-10-01,CLP=X,805.3900146484375
2021-11-01,CLP=X,843.5
2021-12-01,CLP=X,851.5
2022-01-01,CLP=X,794.6881713867188
2022-02-01,CLP=X,791.4636840820312
2022-03-01,CLP=X,788.6300048828125
2022-04-01,CLP=X,857.510009765625
2022-05-01,CLP=X,829.989990234375
2022-06-01,CLP=X,926.2999877929688
2022-07-01,CLP=X,908.4500122070312
2022-08-01,CLP=X,889.9500122070312
2022-09-01,CLP=X,963.25
2022-10-01,CLP=X,942.9000244140625
2022-11-01,CLP=X,900.0499877929688
2022-12-01,CLP=X,848.0
2023-01-01,CLP=X,807.0
2023-02-01,CLP=X,833.1400146484375
2023-03-01,CLP=X,788.8200073242188
2023-04-01,CLP=X,806.5
2023-05-01,CLP=X,804.3499755859375
2023-06-01,CLP=X,802.8499755859375
2023-07-01,CLP=X,827.7899780273438
2023-08-01,CLP=X,851.8099975585938
2023-09-01,CLP=X,890.6500244140625
2023-10-01,CLP=X,906.9400024414062
2023-11-01,CLP=X,869.1500244140625
2023-12-01,CLP=X,871.8646850585938
2024-01-01,CLP=X,932.1500244140625
2024-02-01,CLP=X,978.6400146484375
2024-03-01,CLP=X,966.2176513671875
2024-04-01,CLP=X,941.5399780273438
2024-05-01,CLP=X,916.8400268554688
2024-06-01,CLP=X,946.5499877929688
2024-07-01,CLP=X,955.5399780273438
2024-08-01,CLP=X,914.5800170898438
2024-09-01,CLP=X,899.75
2024-10-01,CLP=X,961.3400268554688
2024-11-01,CLP=X,973.3499755859375
2024-12-01,CLP=X,993.3499755859375
2025-01-01,CLP=X,983.77001953125
2025-02-01,CLP=X,952.239990234375
2025-03-01,CLP=X,916.3352661132812
2025-04-01,CLP=X,945.1900024414062
2025-05-01,CLP=X,938.4299926757812
2025-06-01,CLP=X,919.1043090820312
2025-07-01,CLP=X,981.4299926757812
2025-08-01,CLP=X,954.1989135742188
2025-09-01,CLP=X,964.9400024414062
2025-10-01,CLP=X,942.02001953125
2025-11-01,CLP=X,926.8800048828125
2025-12-01,CLP=X,899.9400024414062
