Empresa,Unidad,Anio,Produccion
Chuquicamata,Miles TM,1960,231.1
Radomiro Tomic,Miles TM,1960,0.0
Ministro Hales,Miles TM,1960,0.0
Salvador,Miles TM,1960,78.8
Andina,Miles TM,1960,0.0
El Teniente,Miles TM,1960,169.3
Gaby,Miles TM,1960,0.0
Escondida,Miles TM,1960,0.0
Collahuasi,Miles TM,1960,0.0
Los Pelambres,Miles TM,1960,0.0
Anglo American Sur,Miles TM,1960,11.9
El Abra,Miles TM,1960,0.0
Candelaria,Miles TM,1960,0.0
Mantos Copper,Miles TM,1960,0.0
Zaldívar,Miles TM,1960,0.0
Cerro Colorado,Miles TM,1960,0.0
Centinela (Oxidos),Miles TM,1960,0.0
Quebrada Blanca,Miles TM,1960,0.0
Lomas Bayas,Miles TM,1960,0.0
Michilla,Miles TM,1960,0.0
Spence,Miles TM,1960,0.0
Centinela (Súlfuros),Miles TM,1960,0.0
Caserones,Miles TM,1960,0.0
Sierra Gorda,Miles TM,1960,0.0
Antucoya,Miles TM,1960,0.0
Andacollo,Miles TM,1960,0.0
Punta del Cobre,Miles TM,1960,0.0
Las Cenizas,Miles TM,1960,0.0
Chuquicamata,Miles TM,1961,249.6
Radomiro Tomic,Miles TM,1961,0.0
Ministro Hales,Miles TM,1961,0.0
Salvador,Miles TM,1961,72.6
Andina,Miles TM,1961,0.0
El Teniente,Miles TM,1961,158.9
Gaby,Miles TM,1961,0.0
Escondida,Miles TM,1961,0.0
Collahuasi,Miles TM,1961,0.0
Los Pelambres,Miles TM,1961,0.0
Anglo American Sur,Miles TM,1961,12.4
El Abra,Miles TM,1961,0.0
Candelaria,Miles TM,1961,0.0
Mantos Copper,Miles TM,1961,11.6
Zaldívar,Miles TM,1961,0.0
Cerro Colorado,Miles TM,1961,0.0
Centinela (Oxidos),Miles TM,1961,0.0
Quebrada Blanca,Miles TM,1961,0.0
Lomas Bayas,Miles TM,1961,0.0
Michilla,Miles TM,1961,0.0
Spence,Miles TM,1961,0.0
Centinela (Súlfuros),Miles TM,1961,0.0
Caserones,Miles TM,1961,0.0
Sierra Gorda,Miles TM,1961,0.0
Antucoya,Miles TM,1961,0.0
Andacollo,Miles TM,1961,0.0
Punta del Cobre,Miles TM,1961,0.0
Las Cenizas,Miles TM,1961,0.0
Chuquicamata,Miles TM,1962,275.8
Radomiro Tomic,Miles TM,1962,0.0
Ministro Hales,Miles TM,1962,0.0
Salvador,Miles TM,1962,82.4
Andina,Miles TM,1962,0.0
El Teniente,Miles TM,1962,152.0
Gaby,Miles TM,1962,0.0
Escondida,Miles TM,1962,0.0
Collahuasi,Miles TM,1962,0.0
Los Pelambres,Miles TM,1962,0.0
Anglo American Sur,Miles TM,1962,15.1
El Abra,Miles TM,1962,0.0
Candelaria,Miles TM,1962,0.0
Mantos Copper,Miles TM,1962,18.3
Zaldívar,Miles TM,1962,0.0
Cerro Colorado,Miles TM,1962,0.0
Centinela (Oxidos),Miles TM,1962,0.0
Quebrada Blanca,Miles TM,1962,0.0
Lomas Bayas,Miles TM,1962,0.0
Michilla,Miles TM,1962,0.0
Spence,Miles TM,1962,0.0
Centinela (Súlfuros),Miles TM,1962,0.0
Caserones,Miles TM,1962,0.0
Sierra Gorda,Miles TM,1962,0.0
Antucoya,Miles TM,1962,0.0
Andacollo,Miles TM,1962,0.0
Punta del Cobre,Miles TM,1962,0.0
Las Cenizas,Miles TM,1962,0.0
Chuquicamata,Miles TM,1963,274.8
Radomiro Tomic,Miles TM,1963,0.0
Ministro Hales,Miles TM,1963,0.0
Salvador,Miles TM,1963,88.2
Andina,Miles TM,1963,0.0
El Teniente,Miles TM,1963,144.4
Gaby,Miles TM,1963,0.0
Escondida,Miles TM,1963,0.0
Collahuasi,Miles TM,1963,0.0
Los Pelambres,Miles TM,1963,0.0
Anglo American Sur,Miles TM,1963,22.4
El Abra,Miles TM,1963,0.0
Candelaria,Miles TM,1963,0.0
Mantos Copper,Miles TM,1963,21.2
Zaldívar,Miles TM,1963,0.0
Cerro Colorado,Miles TM,1963,0.0
Centinela (Oxidos),Miles TM,1963,0.0
Quebrada Blanca,Miles TM,1963,0.0
Lomas Bayas,Miles TM,1963,0.0
Michilla,Miles TM,1963,0.0
Spence,Miles TM,1963,0.0
Centinela (Súlfuros),Miles TM,1963,0.0
Caserones,Miles TM,1963,0.0
Sierra Gorda,Miles TM,1963,0.0
Antucoya,Miles TM,1963,0.0
Andacollo,Miles TM,1963,0.0
Punta del Cobre,Miles TM,1963,0.0
Las Cenizas,Miles TM,1963,0.0
Chuquicamata,Miles TM,1964,288.0
Radomiro Tomic,Miles TM,1964,0.0
Ministro Hales,Miles TM,1964,0.0
Salvador,Miles TM,1964,76.7
Andina,Miles TM,1964,0.0
El Teniente,Miles TM,1964,163.1
Gaby,Miles TM,1964,0.0
Escondida,Miles TM,1964,0.0
Collahuasi,Miles TM,1964,0.0
Los Pelambres,Miles TM,1964,0.0
Anglo American Sur,Miles TM,1964,25.2
El Abra,Miles TM,1964,0.0
Candelaria,Miles TM,1964,0.0
Mantos Copper,Miles TM,1964,24.4
Zaldívar,Miles TM,1964,0.0
Cerro Colorado,Miles TM,1964,0.0
Centinela (Oxidos),Miles TM,1964,0.0
Quebrada Blanca,Miles TM,1964,0.0
Lomas Bayas,Miles TM,1964,0.0
Michilla,Miles TM,1964,0.0
Spence,Miles TM,1964,0.0
Centinela (Súlfuros),Miles TM,1964,0.0
Caserones,Miles TM,1964,0.0
Sierra Gorda,Miles TM,1964,0.0
Antucoya,Miles TM,1964,0.0
Andacollo,Miles TM,1964,0.0
Punta del Cobre,Miles TM,1964,0.0
Las Cenizas,Miles TM,1964,0.0
Chuquicamata,Miles TM,1965,252.7
Radomiro Tomic,Miles TM,1965,0.0
Ministro Hales,Miles TM,1965,0.0
Salvador,Miles TM,1965,74.1
Andina,Miles TM,1965,0.0
El Teniente,Miles TM,1965,152.4
Gaby,Miles TM,1965,0.0
Escondida,Miles TM,1965,0.0
Collahuasi,Miles TM,1965,0.0
Los Pelambres,Miles TM,1965,0.0
Anglo American Sur,Miles TM,1965,23.5
El Abra,Miles TM,1965,0.0
Candelaria,Miles TM,1965,0.0
Mantos Copper,Miles TM,1965,21.9
Zaldívar,Miles TM,1965,0.0
Cerro Colorado,Miles TM,1965,0.0
Centinela (Oxidos),Miles TM,1965,0.0
Quebrada Blanca,Miles TM,1965,0.0
Lomas Bayas,Miles TM,1965,0.0
Michilla,Miles TM,1965,0.0
Spence,Miles TM,1965,0.0
Centinela (Súlfuros),Miles TM,1965,0.0
Caserones,Miles TM,1965,0.0
Sierra Gorda,Miles TM,1965,0.0
Antucoya,Miles TM,1965,0.0
Andacollo,Miles TM,1965,0.0
Punta del Cobre,Miles TM,1965,0.0
Las Cenizas,Miles TM,1965,0.0
Chuquicamata,Miles TM,1966,303.5
Radomiro Tomic,Miles TM,1966,0.0
Ministro Hales,Miles TM,1966,0.0
Salvador,Miles TM,1966,76.8
Andina,Miles TM,1966,0.0
El Teniente,Miles TM,1966,144.6
Gaby,Miles TM,1966,0.0
Escondida,Miles TM,1966,0.0
Collahuasi,Miles TM,1966,0.0
Los Pelambres,Miles TM,1966,0.0
Anglo American Sur,Miles TM,1966,27.8
El Abra,Miles TM,1966,0.0
Candelaria,Miles TM,1966,0.0
Mantos Copper,Miles TM,1966,28.3
Zaldívar,Miles TM,1966,0.0
Cerro Colorado,Miles TM,1966,0.0
Centinela (Oxidos),Miles TM,1966,0.0
Quebrada Blanca,Miles TM,1966,0.0
Lomas Bayas,Miles TM,1966,0.0
Michilla,Miles TM,1966,0.0
Spence,Miles TM,1966,0.0
Centinela (Súlfuros),Miles TM,1966,0.0
Caserones,Miles TM,1966,0.0
Sierra Gorda,Miles TM,1966,0.0
Antucoya,Miles TM,1966,0.0
Andacollo,Miles TM,1966,0.0
Punta del Cobre,Miles TM,1966,0.0
Las Cenizas,Miles TM,1966,0.0
Chuquicamata,Miles TM,1967,276.9
Radomiro Tomic,Miles TM,1967,0.0
Ministro Hales,Miles TM,1967,0.0
Salvador,Miles TM,1967,78.0
Andina,Miles TM,1967,0.0
El Teniente,Miles TM,1967,181.5
Gaby,Miles TM,1967,0.0
Escondida,Miles TM,1967,0.0
Collahuasi,Miles TM,1967,0.0
Los Pelambres,Miles TM,1967,0.0
Anglo American Sur,Miles TM,1967,25.6
El Abra,Miles TM,1967,0.0
Candelaria,Miles TM,1967,0.0
Mantos Copper,Miles TM,1967,24.1
Zaldívar,Miles TM,1967,0.0
Cerro Colorado,Miles TM,1967,0.0
Centinela (Oxidos),Miles TM,1967,0.0
Quebrada Blanca,Miles TM,1967,0.0
Lomas Bayas,Miles TM,1967,0.0
Michilla,Miles TM,1967,0.0
Spence,Miles TM,1967,0.0
Centinela (Súlfuros),Miles TM,1967,0.0
Caserones,Miles TM,1967,0.0
Sierra Gorda,Miles TM,1967,0.0
Antucoya,Miles TM,1967,0.0
Andacollo,Miles TM,1967,0.0
Punta del Cobre,Miles TM,1967,0.0
Las Cenizas,Miles TM,1967,0.0
Chuquicamata,Miles TM,1968,279.2
Radomiro Tomic,Miles TM,1968,0.0
Ministro Hales,Miles TM,1968,0.0
Salvador,Miles TM,1968,86.2
Andina,Miles TM,1968,0.0
El Teniente,Miles TM,1968,154.3
Gaby,Miles TM,1968,0.0
Escondida,Miles TM,1968,0.0
Collahuasi,Miles TM,1968,0.0
Los Pelambres,Miles TM,1968,0.0
Anglo American Sur,Miles TM,1968,33.2
El Abra,Miles TM,1968,0.0
Candelaria,Miles TM,1968,0.0
Mantos Copper,Miles TM,1968,30.4
Zaldívar,Miles TM,1968,0.0
Cerro Colorado,Miles TM,1968,0.0
Centinela (Oxidos),Miles TM,1968,0.0
Quebrada Blanca,Miles TM,1968,0.0
Lomas Bayas,Miles TM,1968,0.0
Michilla,Miles TM,1968,0.0
Spence,Miles TM,1968,0.0
Centinela (Súlfuros),Miles TM,1968,0.0
Caserones,Miles TM,1968,0.0
Sierra Gorda,Miles TM,1968,0.0
Antucoya,Miles TM,1968,0.0
Andacollo,Miles TM,1968,0.0
Punta del Cobre,Miles TM,1968,0.0
Las Cenizas,Miles TM,1968,0.0
Chuquicamata,Miles TM,1969,283.4
Radomiro Tomic,Miles TM,1969,0.0
Ministro Hales,Miles TM,1969,0.0
Salvador,Miles TM,1969,77.1
Andina,Miles TM,1969,0.0
El Teniente,Miles TM,1969,179.9
Gaby,Miles TM,1969,0.0
Escondida,Miles TM,1969,0.0
Collahuasi,Miles TM,1969,0.0
Los Pelambres,Miles TM,1969,0.0
Anglo American Sur,Miles TM,1969,33.6
El Abra,Miles TM,1969,0.0
Candelaria,Miles TM,1969,0.0
Mantos Copper,Miles TM,1969,31.0
Zaldívar,Miles TM,1969,0.0
Cerro Colorado,Miles TM,1969,0.0
Centinela (Oxidos),Miles TM,1969,0.0
Quebrada Blanca,Miles TM,1969,0.0
Lomas Bayas,Miles TM,1969,0.0
Michilla,Miles TM,1969,0.0
Spence,Miles TM,1969,0.0
Centinela (Súlfuros),Miles TM,1969,0.0
Caserones,Miles TM,1969,0.0
Sierra Gorda,Miles TM,1969,0.0
Antucoya,Miles TM,1969,0.0
Andacollo,Miles TM,1969,0.0
Punta del Cobre,Miles TM,1969,0.0
Las Cenizas,Miles TM,1969,0.0
Chuquicamata,Miles TM,1970,264.9
Radomiro Tomic,Miles TM,1970,0.0
Ministro Hales,Miles TM,1970,0.0
Salvador,Miles TM,1970,93.0
Andina,Miles TM,1970,6.0
El Teniente,Miles TM,1970,176.6
Gaby,Miles TM,1970,0.0
Escondida,Miles TM,1970,0.0
Collahuasi,Miles TM,1970,0.0
Los Pelambres,Miles TM,1970,0.0
Anglo American Sur,Miles TM,1970,38.4
El Abra,Miles TM,1970,0.0
Candelaria,Miles TM,1970,0.0
Mantos Copper,Miles TM,1970,32.9
Zaldívar,Miles TM,1970,0.0
Cerro Colorado,Miles TM,1970,0.0
Centinela (Oxidos),Miles TM,1970,0.0
Quebrada Blanca,Miles TM,1970,0.0
Lomas Bayas,Miles TM,1970,0.0
Michilla,Miles TM,1970,0.0
Spence,Miles TM,1970,0.0
Centinela (Súlfuros),Miles TM,1970,0.0
Caserones,Miles TM,1970,0.0
Sierra Gorda,Miles TM,1970,0.0
Antucoya,Miles TM,1970,0.0
Andacollo,Miles TM,1970,0.0
Punta del Cobre,Miles TM,1970,0.0
Las Cenizas,Miles TM,1970,0.0
Chuquicamata,Miles TM,1971,285.5
Radomiro Tomic,Miles TM,1971,0.0
Ministro Hales,Miles TM,1971,0.0
Salvador,Miles TM,1971,84.9
Andina,Miles TM,1971,53.6
El Teniente,Miles TM,1971,147.3
Gaby,Miles TM,1971,0.0
Escondida,Miles TM,1971,0.0
Collahuasi,Miles TM,1971,0.0
Los Pelambres,Miles TM,1971,0.0
Anglo American Sur,Miles TM,1971,34.3
El Abra,Miles TM,1971,0.0
Candelaria,Miles TM,1971,0.0
Mantos Copper,Miles TM,1971,30.6
Zaldívar,Miles TM,1971,0.0
Cerro Colorado,Miles TM,1971,0.0
Centinela (Oxidos),Miles TM,1971,0.0
Quebrada Blanca,Miles TM,1971,0.0
Lomas Bayas,Miles TM,1971,0.0
Michilla,Miles TM,1971,0.0
Spence,Miles TM,1971,0.0
Centinela (Súlfuros),Miles TM,1971,0.0
Caserones,Miles TM,1971,0.0
Sierra Gorda,Miles TM,1971,0.0
Antucoya,Miles TM,1971,0.0
Andacollo,Miles TM,1971,0.0
Punta del Cobre,Miles TM,1971,0.0
Las Cenizas,Miles TM,1971,0.0
Chuquicamata,Miles TM,1972,265.5
Radomiro Tomic,Miles TM,1972,0.0
Ministro Hales,Miles TM,1972,0.0
Salvador,Miles TM,1972,82.9
Andina,Miles TM,1972,53.9
El Teniente,Miles TM,1972,190.3
Gaby,Miles TM,1972,0.0
Escondida,Miles TM,1972,0.0
Collahuasi,Miles TM,1972,0.0
Los Pelambres,Miles TM,1972,0.0
Anglo American Sur,Miles TM,1972,28.8
El Abra,Miles TM,1972,0.0
Candelaria,Miles TM,1972,0.0
Mantos Copper,Miles TM,1972,29.8
Zaldívar,Miles TM,1972,0.0
Cerro Colorado,Miles TM,1972,0.0
Centinela (Oxidos),Miles TM,1972,0.0
Quebrada Blanca,Miles TM,1972,0.0
Lomas Bayas,Miles TM,1972,0.0
Michilla,Miles TM,1972,0.0
Spence,Miles TM,1972,0.0
Centinela (Súlfuros),Miles TM,1972,0.0
Caserones,Miles TM,1972,0.0
Sierra Gorda,Miles TM,1972,0.0
Antucoya,Miles TM,1972,0.0
Andacollo,Miles TM,1972,0.0
Punta del Cobre,Miles TM,1972,0.0
Las Cenizas,Miles TM,1972,0.0
Chuquicamata,Miles TM,1973,297.1
Radomiro Tomic,Miles TM,1973,0.0
Ministro Hales,Miles TM,1973,0.0
Salvador,Miles TM,1973,84.0
Andina,Miles TM,1973,56.1
El Teniente,Miles TM,1973,178.1
Gaby,Miles TM,1973,0.0
Escondida,Miles TM,1973,0.0
Collahuasi,Miles TM,1973,0.0
Los Pelambres,Miles TM,1973,0.0
Anglo American Sur,Miles TM,1973,8.4
El Abra,Miles TM,1973,0.0
Candelaria,Miles TM,1973,0.0
Mantos Copper,Miles TM,1973,28.9
Zaldívar,Miles TM,1973,0.0
Cerro Colorado,Miles TM,1973,0.0
Centinela (Oxidos),Miles TM,1973,0.0
Quebrada Blanca,Miles TM,1973,0.0
Lomas Bayas,Miles TM,1973,0.0
Michilla,Miles TM,1973,0.0
Spence,Miles TM,1973,0.0
Centinela (Súlfuros),Miles TM,1973,0.0
Caserones,Miles TM,1973,0.0
Sierra Gorda,Miles TM,1973,0.0
Antucoya,Miles TM,1973,0.0
Andacollo,Miles TM,1973,0.0
Punta del Cobre,Miles TM,1973,0.0
Las Cenizas,Miles TM,1973,0.0
Chuquicamata,Miles TM,1974,389.0
Radomiro Tomic,Miles TM,1974,0.0
Ministro Hales,Miles TM,1974,0.0
Salvador,Miles TM,1974,80.0
Andina,Miles TM,1974,68.4
El Teniente,Miles TM,1974,225.5
Gaby,Miles TM,1974,0.0
Escondida,Miles TM,1974,0.0
Collahuasi,Miles TM,1974,0.0
Los Pelambres,Miles TM,1974,0.0
Anglo American Sur,Miles TM,1974,25.9
El Abra,Miles TM,1974,0.0
Candelaria,Miles TM,1974,0.0
Mantos Copper,Miles TM,1974,32.2
Zaldívar,Miles TM,1974,0.0
Cerro Colorado,Miles TM,1974,0.0
Centinela (Oxidos),Miles TM,1974,0.0
Quebrada Blanca,Miles TM,1974,0.0
Lomas Bayas,Miles TM,1974,0.0
Michilla,Miles TM,1974,0.0
Spence,Miles TM,1974,0.0
Centinela (Súlfuros),Miles TM,1974,0.0
Caserones,Miles TM,1974,0.0
Sierra Gorda,Miles TM,1974,0.0
Antucoya,Miles TM,1974,0.0
Andacollo,Miles TM,1974,0.0
Punta del Cobre,Miles TM,1974,0.0
Las Cenizas,Miles TM,1974,0.0
Chuquicamata,Miles TM,1975,304.6
Radomiro Tomic,Miles TM,1975,0.0
Ministro Hales,Miles TM,1975,0.0
Salvador,Miles TM,1975,81.3
Andina,Miles TM,1975,62.4
El Teniente,Miles TM,1975,234.0
Gaby,Miles TM,1975,0.0
Escondida,Miles TM,1975,0.0
Collahuasi,Miles TM,1975,0.0
Los Pelambres,Miles TM,1975,0.0
Anglo American Sur,Miles TM,1975,32.6
El Abra,Miles TM,1975,0.0
Candelaria,Miles TM,1975,0.0
Mantos Copper,Miles TM,1975,29.2
Zaldívar,Miles TM,1975,0.0
Cerro Colorado,Miles TM,1975,0.0
Centinela (Oxidos),Miles TM,1975,0.0
Quebrada Blanca,Miles TM,1975,0.0
Lomas Bayas,Miles TM,1975,0.0
Michilla,Miles TM,1975,0.0
Spence,Miles TM,1975,0.0
Centinela (Súlfuros),Miles TM,1975,0.0
Caserones,Miles TM,1975,0.0
Sierra Gorda,Miles TM,1975,0.0
Antucoya,Miles TM,1975,0.0
Andacollo,Miles TM,1975,0.0
Punta del Cobre,Miles TM,1975,0.0
Las Cenizas,Miles TM,1975,0.0
Chuquicamata,Miles TM,1976,445.5
Radomiro Tomic,Miles TM,1976,0.0
Ministro Hales,Miles TM,1976,0.0
Salvador,Miles TM,1976,82.7
Andina,Miles TM,1976,56.9
El Teniente,Miles TM,1976,261.7
Gaby,Miles TM,1976,0.0
Escondida,Miles TM,1976,0.0
Collahuasi,Miles TM,1976,0.0
Los Pelambres,Miles TM,1976,0.0
Anglo American Sur,Miles TM,1976,35.7
El Abra,Miles TM,1976,0.0
Candelaria,Miles TM,1976,0.0
Mantos Copper,Miles TM,1976,30.1
Zaldívar,Miles TM,1976,0.0
Cerro Colorado,Miles TM,1976,0.0
Centinela (Oxidos),Miles TM,1976,0.0
Quebrada Blanca,Miles TM,1976,0.0
Lomas Bayas,Miles TM,1976,0.0
Michilla,Miles TM,1976,0.0
Spence,Miles TM,1976,0.0
Centinela (Súlfuros),Miles TM,1976,0.0
Caserones,Miles TM,1976,0.0
Sierra Gorda,Miles TM,1976,0.0
Antucoya,Miles TM,1976,0.0
Andacollo,Miles TM,1976,0.0
Punta del Cobre,Miles TM,1976,0.0
Las Cenizas,Miles TM,1976,0.0
Chuquicamata,Miles TM,1977,477.8
Radomiro Tomic,Miles TM,1977,0.0
Ministro Hales,Miles TM,1977,0.0
Salvador,Miles TM,1977,80.7
Andina,Miles TM,1977,58.5
El Teniente,Miles TM,1977,275.7
Gaby,Miles TM,1977,0.0
Escondida,Miles TM,1977,0.0
Collahuasi,Miles TM,1977,0.0
Los Pelambres,Miles TM,1977,0.0
Anglo American Sur,Miles TM,1977,35.8
El Abra,Miles TM,1977,0.0
Candelaria,Miles TM,1977,0.0
Mantos Copper,Miles TM,1977,28.4
Zaldívar,Miles TM,1977,0.0
Cerro Colorado,Miles TM,1977,0.0
Centinela (Oxidos),Miles TM,1977,0.0
Quebrada Blanca,Miles TM,1977,0.0
Lomas Bayas,Miles TM,1977,0.0
Michilla,Miles TM,1977,0.0
Spence,Miles TM,1977,0.0
Centinela (Súlfuros),Miles TM,1977,0.0
Caserones,Miles TM,1977,0.0
Sierra Gorda,Miles TM,1977,0.0
Antucoya,Miles TM,1977,0.0
Andacollo,Miles TM,1977,0.0
Punta del Cobre,Miles TM,1977,0.0
Las Cenizas,Miles TM,1977,0.0
Chuquicamata,Miles TM,1978,500.7
Radomiro Tomic,Miles TM,1978,0.0
Ministro Hales,Miles TM,1978,0.0
Salvador,Miles TM,1978,77.5
Andina,Miles TM,1978,47.7
El Teniente,Miles TM,1978,250.6
Gaby,Miles TM,1978,0.0
Escondida,Miles TM,1978,0.0
Collahuasi,Miles TM,1978,0.0
Los Pelambres,Miles TM,1978,0.0
Anglo American Sur,Miles TM,1978,28.6
El Abra,Miles TM,1978,0.0
Candelaria,Miles TM,1978,0.0
Mantos Copper,Miles TM,1978,37.0
Zaldívar,Miles TM,1978,0.0
Cerro Colorado,Miles TM,1978,0.0
Centinela (Oxidos),Miles TM,1978,0.0
Quebrada Blanca,Miles TM,1978,0.0
Lomas Bayas,Miles TM,1978,0.0
Michilla,Miles TM,1978,0.0
Spence,Miles TM,1978,0.0
Centinela (Súlfuros),Miles TM,1978,0.0
Caserones,Miles TM,1978,0.0
Sierra Gorda,Miles TM,1978,0.0
Antucoya,Miles TM,1978,0.0
Andacollo,Miles TM,1978,0.0
Punta del Cobre,Miles TM,1978,0.0
Las Cenizas,Miles TM,1978,0.0
Chuquicamata,Miles TM,1979,507.2
Radomiro Tomic,Miles TM,1979,0.0
Ministro Hales,Miles TM,1979,0.0
Salvador,Miles TM,1979,78.1
Andina,Miles TM,1979,46.7
El Teniente,Miles TM,1979,278.2
Gaby,Miles TM,1979,0.0
Escondida,Miles TM,1979,0.0
Collahuasi,Miles TM,1979,0.0
Los Pelambres,Miles TM,1979,0.0
Anglo American Sur,Miles TM,1979,22.0
El Abra,Miles TM,1979,0.0
Candelaria,Miles TM,1979,0.0
Mantos Copper,Miles TM,1979,35.2
Zaldívar,Miles TM,1979,0.0
Cerro Colorado,Miles TM,1979,0.0
Centinela (Oxidos),Miles TM,1979,0.0
Quebrada Blanca,Miles TM,1979,0.0
Lomas Bayas,Miles TM,1979,0.0
Michilla,Miles TM,1979,0.0
Spence,Miles TM,1979,0.0
Centinela (Súlfuros),Miles TM,1979,0.0
Caserones,Miles TM,1979,0.0
Sierra Gorda,Miles TM,1979,0.0
Antucoya,Miles TM,1979,0.0
Andacollo,Miles TM,1979,0.0
Punta del Cobre,Miles TM,1979,0.0
Las Cenizas,Miles TM,1979,0.0
Chuquicamata,Miles TM,1980,510.9
Radomiro Tomic,Miles TM,1980,0.0
Ministro Hales,Miles TM,1980,0.0
Salvador,Miles TM,1980,74.8
Andina,Miles TM,1980,52.8
El Teniente,Miles TM,1980,266.0
Gaby,Miles TM,1980,0.0
Escondida,Miles TM,1980,0.0
Collahuasi,Miles TM,1980,0.0
Los Pelambres,Miles TM,1980,0.0
Anglo American Sur,Miles TM,1980,28.4
El Abra,Miles TM,1980,0.0
Candelaria,Miles TM,1980,0.0
Mantos Copper,Miles TM,1980,29.8
Zaldívar,Miles TM,1980,0.0
Cerro Colorado,Miles TM,1980,0.0
Centinela (Oxidos),Miles TM,1980,0.0
Quebrada Blanca,Miles TM,1980,0.0
Lomas Bayas,Miles TM,1980,0.0
Michilla,Miles TM,1980,0.0
Spence,Miles TM,1980,0.0
Centinela (Súlfuros),Miles TM,1980,0.0
Caserones,Miles TM,1980,0.0
Sierra Gorda,Miles TM,1980,0.0
Antucoya,Miles TM,1980,0.0
Andacollo,Miles TM,1980,0.0
Punta del Cobre,Miles TM,1980,0.0
Las Cenizas,Miles TM,1980,0.0
Chuquicamata,Miles TM,1981,472.4
Radomiro Tomic,Miles TM,1981,0.0
Ministro Hales,Miles TM,1981,0.0
Salvador,Miles TM,1981,76.5
Andina,Miles TM,1981,52.8
El Teniente,Miles TM,1981,291.9
Gaby,Miles TM,1981,0.0
Escondida,Miles TM,1981,0.0
Collahuasi,Miles TM,1981,0.0
Los Pelambres,Miles TM,1981,0.0
Anglo American Sur,Miles TM,1981,39.1
El Abra,Miles TM,1981,0.0
Candelaria,Miles TM,1981,0.0
Mantos Copper,Miles TM,1981,31.7
Zaldívar,Miles TM,1981,0.0
Cerro Colorado,Miles TM,1981,0.0
Centinela (Oxidos),Miles TM,1981,0.0
Quebrada Blanca,Miles TM,1981,0.0
Lomas Bayas,Miles TM,1981,0.0
Michilla,Miles TM,1981,0.0
Spence,Miles TM,1981,0.0
Centinela (Súlfuros),Miles TM,1981,0.0
Caserones,Miles TM,1981,0.0
Sierra Gorda,Miles TM,1981,0.0
Antucoya,Miles TM,1981,0.0
Andacollo,Miles TM,1981,0.0
Punta del Cobre,Miles TM,1981,0.0
Las Cenizas,Miles TM,1981,0.0
Chuquicamata,Miles TM,1982,552.8
Radomiro Tomic,Miles TM,1982,0.0
Ministro Hales,Miles TM,1982,0.0
Salvador,Miles TM,1982,89.8
Andina,Miles TM,1982,54.4
El Teniente,Miles TM,1982,335.9
Gaby,Miles TM,1982,0.0
Escondida,Miles TM,1982,0.0
Collahuasi,Miles TM,1982,0.0
Los Pelambres,Miles TM,1982,0.0
Anglo American Sur,Miles TM,1982,42.5
El Abra,Miles TM,1982,0.0
Candelaria,Miles TM,1982,0.0
Mantos Copper,Miles TM,1982,57.0
Zaldívar,Miles TM,1982,0.0
Cerro Colorado,Miles TM,1982,0.0
Centinela (Oxidos),Miles TM,1982,0.0
Quebrada Blanca,Miles TM,1982,0.0
Lomas Bayas,Miles TM,1982,0.0
Michilla,Miles TM,1982,0.0
Spence,Miles TM,1982,0.0
Centinela (Súlfuros),Miles TM,1982,0.0
Caserones,Miles TM,1982,0.0
Sierra Gorda,Miles TM,1982,0.0
Antucoya,Miles TM,1982,0.0
Andacollo,Miles TM,1982,0.0
Punta del Cobre,Miles TM,1982,0.0
Las Cenizas,Miles TM,1982,0.0
Chuquicamata,Miles TM,1983,558.8
Radomiro Tomic,Miles TM,1983,0.0
Ministro Hales,Miles TM,1983,0.0
Salvador,Miles TM,1983,87.0
Andina,Miles TM,1983,61.4
El Teniente,Miles TM,1983,304.9
Gaby,Miles TM,1983,0.0
Escondida,Miles TM,1983,0.0
Collahuasi,Miles TM,1983,0.0
Los Pelambres,Miles TM,1983,0.0
Anglo American Sur,Miles TM,1983,55.8
El Abra,Miles TM,1983,0.0
Candelaria,Miles TM,1983,0.0
Mantos Copper,Miles TM,1983,33.9
Zaldívar,Miles TM,1983,0.0
Cerro Colorado,Miles TM,1983,0.0
Centinela (Oxidos),Miles TM,1983,0.0
Quebrada Blanca,Miles TM,1983,0.0
Lomas Bayas,Miles TM,1983,0.0
Michilla,Miles TM,1983,0.0
Spence,Miles TM,1983,0.0
Centinela (Súlfuros),Miles TM,1983,0.0
Caserones,Miles TM,1983,0.0
Sierra Gorda,Miles TM,1983,0.0
Antucoya,Miles TM,1983,0.0
Andacollo,Miles TM,1983,0.0
Punta del Cobre,Miles TM,1983,0.0
Las Cenizas,Miles TM,1983,0.0
Chuquicamata,Miles TM,1984,563.0
Radomiro Tomic,Miles TM,1984,0.0
Ministro Hales,Miles TM,1984,0.0
Salvador,Miles TM,1984,96.3
Andina,Miles TM,1984,105.1
El Teniente,Miles TM,1984,285.4
Gaby,Miles TM,1984,0.0
Escondida,Miles TM,1984,0.0
Collahuasi,Miles TM,1984,0.0
Los Pelambres,Miles TM,1984,0.0
Anglo American Sur,Miles TM,1984,61.6
El Abra,Miles TM,1984,0.0
Candelaria,Miles TM,1984,0.0
Mantos Copper,Miles TM,1984,39.3
Zaldívar,Miles TM,1984,0.0
Cerro Colorado,Miles TM,1984,0.0
Centinela (Oxidos),Miles TM,1984,0.0
Quebrada Blanca,Miles TM,1984,0.0
Lomas Bayas,Miles TM,1984,0.0
Michilla,Miles TM,1984,0.0
Spence,Miles TM,1984,0.0
Centinela (Súlfuros),Miles TM,1984,0.0
Caserones,Miles TM,1984,0.0
Sierra Gorda,Miles TM,1984,0.0
Antucoya,Miles TM,1984,0.0
Andacollo,Miles TM,1984,0.0
Punta del Cobre,Miles TM,1984,0.0
Las Cenizas,Miles TM,1984,0.0
Chuquicamata,Miles TM,1985,549.1
Radomiro Tomic,Miles TM,1985,0.0
Ministro Hales,Miles TM,1985,0.0
Salvador,Miles TM,1985,95.1
Andina,Miles TM,1985,113.4
El Teniente,Miles TM,1985,319.1
Gaby,Miles TM,1985,0.0
Escondida,Miles TM,1985,0.0
Collahuasi,Miles TM,1985,0.0
Los Pelambres,Miles TM,1985,0.0
Anglo American Sur,Miles TM,1985,77.4
El Abra,Miles TM,1985,0.0
Candelaria,Miles TM,1985,0.0
Mantos Copper,Miles TM,1985,56.8
Zaldívar,Miles TM,1985,0.0
Cerro Colorado,Miles TM,1985,0.0
Centinela (Oxidos),Miles TM,1985,0.0
Quebrada Blanca,Miles TM,1985,0.0
Lomas Bayas,Miles TM,1985,0.0
Michilla,Miles TM,1985,0.0
Spence,Miles TM,1985,0.0
Centinela (Súlfuros),Miles TM,1985,0.0
Caserones,Miles TM,1985,0.0
Sierra Gorda,Miles TM,1985,0.0
Antucoya,Miles TM,1985,0.0
Andacollo,Miles TM,1985,0.0
Punta del Cobre,Miles TM,1985,0.0
Las Cenizas,Miles TM,1985,0.0
Chuquicamata,Miles TM,1986,515.8
Radomiro Tomic,Miles TM,1986,0.0
Ministro Hales,Miles TM,1986,0.0
Salvador,Miles TM,1986,102.8
Andina,Miles TM,1986,118.1
El Teniente,Miles TM,1986,365.3
Gaby,Miles TM,1986,0.0
Escondida,Miles TM,1986,0.0
Collahuasi,Miles TM,1986,0.0
Los Pelambres,Miles TM,1986,0.0
Anglo American Sur,Miles TM,1986,68.0
El Abra,Miles TM,1986,0.0
Candelaria,Miles TM,1986,0.0
Mantos Copper,Miles TM,1986,57.3
Zaldívar,Miles TM,1986,0.0
Cerro Colorado,Miles TM,1986,0.0
Centinela (Oxidos),Miles TM,1986,0.0
Quebrada Blanca,Miles TM,1986,0.0
Lomas Bayas,Miles TM,1986,0.0
Michilla,Miles TM,1986,0.0
Spence,Miles TM,1986,0.0
Centinela (Súlfuros),Miles TM,1986,0.0
Caserones,Miles TM,1986,0.0
Sierra Gorda,Miles TM,1986,0.0
Antucoya,Miles TM,1986,0.0
Andacollo,Miles TM,1986,0.0
Punta del Cobre,Miles TM,1986,0.0
Las Cenizas,Miles TM,1986,0.0
Chuquicamata,Miles TM,1987,502.9
Radomiro Tomic,Miles TM,1987,0.0
Ministro Hales,Miles TM,1987,0.0
Salvador,Miles TM,1987,97.1
Andina,Miles TM,1987,121.6
El Teniente,Miles TM,1987,369.0
Gaby,Miles TM,1987,0.0
Escondida,Miles TM,1987,0.0
Collahuasi,Miles TM,1987,0.0
Los Pelambres,Miles TM,1987,0.0
Anglo American Sur,Miles TM,1987,92.7
El Abra,Miles TM,1987,0.0
Candelaria,Miles TM,1987,0.0
Mantos Copper,Miles TM,1987,85.7
Zaldívar,Miles TM,1987,0.0
Cerro Colorado,Miles TM,1987,0.0
Centinela (Oxidos),Miles TM,1987,0.0
Quebrada Blanca,Miles TM,1987,0.0
Lomas Bayas,Miles TM,1987,0.0
Michilla,Miles TM,1987,0.0
Spence,Miles TM,1987,0.0
Centinela (Súlfuros),Miles TM,1987,0.0
Caserones,Miles TM,1987,0.0
Sierra Gorda,Miles TM,1987,0.0
Antucoya,Miles TM,1987,0.0
Andacollo,Miles TM,1987,0.0
Punta del Cobre,Miles TM,1987,0.0
Las Cenizas,Miles TM,1987,0.0
Chuquicamata,Miles TM,1988,519.0
Radomiro Tomic,Miles TM,1988,0.0
Ministro Hales,Miles TM,1988,0.0
Salvador,Miles TM,1988,86.3
Andina,Miles TM,1988,131.7
El Teniente,Miles TM,1988,354.1
Gaby,Miles TM,1988,0.0
Escondida,Miles TM,1988,0.0
Collahuasi,Miles TM,1988,0.0
Los Pelambres,Miles TM,1988,0.0
Anglo American Sur,Miles TM,1988,125.2
El Abra,Miles TM,1988,0.0
Candelaria,Miles TM,1988,0.0
Mantos Copper,Miles TM,1988,79.0
Zaldívar,Miles TM,1988,0.0
Cerro Colorado,Miles TM,1988,0.0
Centinela (Oxidos),Miles TM,1988,0.0
Quebrada Blanca,Miles TM,1988,0.0
Lomas Bayas,Miles TM,1988,0.0
Michilla,Miles TM,1988,0.0
Spence,Miles TM,1988,0.0
Centinela (Súlfuros),Miles TM,1988,0.0
Caserones,Miles TM,1988,0.0
Sierra Gorda,Miles TM,1988,0.0
Antucoya,Miles TM,1988,0.0
Andacollo,Miles TM,1988,0.0
Punta del Cobre,Miles TM,1988,0.0
Las Cenizas,Miles TM,1988,0.0
Chuquicamata,Miles TM,1989,660.4
Radomiro Tomic,Miles TM,1989,0.0
Ministro Hales,Miles TM,1989,0.0
Salvador,Miles TM,1989,129.9
Andina,Miles TM,1989,124.3
El Teniente,Miles TM,1989,328.5
Gaby,Miles TM,1989,0.0
Escondida,Miles TM,1989,0.0
Collahuasi,Miles TM,1989,0.0
Los Pelambres,Miles TM,1989,0.0
Anglo American Sur,Miles TM,1989,112.3
El Abra,Miles TM,1989,0.0
Candelaria,Miles TM,1989,0.0
Mantos Copper,Miles TM,1989,74.5
Zaldívar,Miles TM,1989,0.0
Cerro Colorado,Miles TM,1989,0.0
Centinela (Oxidos),Miles TM,1989,0.0
Quebrada Blanca,Miles TM,1989,0.0
Lomas Bayas,Miles TM,1989,0.0
Michilla,Miles TM,1989,0.0
Spence,Miles TM,1989,0.0
Centinela (Súlfuros),Miles TM,1989,0.0
Caserones,Miles TM,1989,0.0
Sierra Gorda,Miles TM,1989,0.0
Antucoya,Miles TM,1989,0.0
Andacollo,Miles TM,1989,0.0
Punta del Cobre,Miles TM,1989,0.0
Las Cenizas,Miles TM,1989,0.0
Chuquicamata,Miles TM,1990,680.7
Radomiro Tomic,Miles TM,1990,0.0
Ministro Hales,Miles TM,1990,0.0
Salvador,Miles TM,1990,95.0
Andina,Miles TM,1990,119.1
El Teniente,Miles TM,1990,300.5
Gaby,Miles TM,1990,0.0
Escondida,Miles TM,1990,8.9
Collahuasi,Miles TM,1990,0.0
Los Pelambres,Miles TM,1990,0.0
Anglo American Sur,Miles TM,1990,112.2
El Abra,Miles TM,1990,0.0
Candelaria,Miles TM,1990,0.0
Mantos Copper,Miles TM,1990,72.5
Zaldívar,Miles TM,1990,0.0
Cerro Colorado,Miles TM,1990,0.0
Centinela (Oxidos),Miles TM,1990,0.0
Quebrada Blanca,Miles TM,1990,0.0
Lomas Bayas,Miles TM,1990,0.0
Michilla,Miles TM,1990,0.0
Spence,Miles TM,1990,0.0
Centinela (Súlfuros),Miles TM,1990,0.0
Caserones,Miles TM,1990,0.0
Sierra Gorda,Miles TM,1990,0.0
Antucoya,Miles TM,1990,0.0
Andacollo,Miles TM,1990,0.0
Punta del Cobre,Miles TM,1990,0.0
Las Cenizas,Miles TM,1990,0.0
Chuquicamata,Miles TM,1991,641.4
Radomiro Tomic,Miles TM,1991,0.0
Ministro Hales,Miles TM,1991,0.0
Salvador,Miles TM,1991,91.1
Andina,Miles TM,1991,114.2
El Teniente,Miles TM,1991,278.8
Gaby,Miles TM,1991,0.0
Escondida,Miles TM,1991,298.4
Collahuasi,Miles TM,1991,0.0
Los Pelambres,Miles TM,1991,0.0
Anglo American Sur,Miles TM,1991,107.2
El Abra,Miles TM,1991,0.0
Candelaria,Miles TM,1991,0.0
Mantos Copper,Miles TM,1991,78.5
Zaldívar,Miles TM,1991,0.0
Cerro Colorado,Miles TM,1991,0.0
Centinela (Oxidos),Miles TM,1991,0.0
Quebrada Blanca,Miles TM,1991,0.0
Lomas Bayas,Miles TM,1991,0.0
Michilla,Miles TM,1991,0.0
Spence,Miles TM,1991,0.0
Centinela (Súlfuros),Miles TM,1991,0.0
Caserones,Miles TM,1991,0.0
Sierra Gorda,Miles TM,1991,0.0
Antucoya,Miles TM,1991,0.0
Andacollo,Miles TM,1991,0.0
Punta del Cobre,Miles TM,1991,0.0
Las Cenizas,Miles TM,1991,0.0
Chuquicamata,Miles TM,1992,628.2
Radomiro Tomic,Miles TM,1992,0.0
Ministro Hales,Miles TM,1992,0.0
Salvador,Miles TM,1992,85.0
Andina,Miles TM,1992,128.9
El Teniente,Miles TM,1992,314.2
Gaby,Miles TM,1992,0.0
Escondida,Miles TM,1992,336.1
Collahuasi,Miles TM,1992,0.0
Los Pelambres,Miles TM,1992,0.0
Anglo American Sur,Miles TM,1992,131.9
El Abra,Miles TM,1992,0.0
Candelaria,Miles TM,1992,0.0
Mantos Copper,Miles TM,1992,69.4
Zaldívar,Miles TM,1992,0.0
Cerro Colorado,Miles TM,1992,0.0
Centinela (Oxidos),Miles TM,1992,0.0
Quebrada Blanca,Miles TM,1992,0.0
Lomas Bayas,Miles TM,1992,0.0
Michilla,Miles TM,1992,0.0
Spence,Miles TM,1992,0.0
Centinela (Súlfuros),Miles TM,1992,0.0
Caserones,Miles TM,1992,0.0
Sierra Gorda,Miles TM,1992,0.0
Antucoya,Miles TM,1992,0.0
Andacollo,Miles TM,1992,0.0
Punta del Cobre,Miles TM,1992,0.0
Las Cenizas,Miles TM,1992,0.0
Chuquicamata,Miles TM,1993,616.7
Radomiro Tomic,Miles TM,1993,0.0
Ministro Hales,Miles TM,1993,0.0
Salvador,Miles TM,1993,84.1
Andina,Miles TM,1993,133.9
El Teniente,Miles TM,1993,304.7
Gaby,Miles TM,1993,0.0
Escondida,Miles TM,1993,388.8
Collahuasi,Miles TM,1993,0.0
Los Pelambres,Miles TM,1993,0.0
Anglo American Sur,Miles TM,1993,181.4
El Abra,Miles TM,1993,0.0
Candelaria,Miles TM,1993,0.0
Mantos Copper,Miles TM,1993,74.9
Zaldívar,Miles TM,1993,0.0
Cerro Colorado,Miles TM,1993,0.0
Centinela (Oxidos),Miles TM,1993,0.0
Quebrada Blanca,Miles TM,1993,0.0
Lomas Bayas,Miles TM,1993,0.0
Michilla,Miles TM,1993,0.0
Spence,Miles TM,1993,0.0
Centinela (Súlfuros),Miles TM,1993,0.0
Caserones,Miles TM,1993,0.0
Sierra Gorda,Miles TM,1993,0.0
Antucoya,Miles TM,1993,0.0
Andacollo,Miles TM,1993,0.0
Punta del Cobre,Miles TM,1993,0.0
Las Cenizas,Miles TM,1993,0.0
Chuquicamata,Miles TM,1994,606.2
Radomiro Tomic,Miles TM,1994,0.0
Ministro Hales,Miles TM,1994,0.0
Salvador,Miles TM,1994,82.6
Andina,Miles TM,1994,136.4
El Teniente,Miles TM,1994,308.9
Gaby,Miles TM,1994,0.0
Escondida,Miles TM,1994,483.6
Collahuasi,Miles TM,1994,0.0
Los Pelambres,Miles TM,1994,0.0
Anglo American Sur,Miles TM,1994,187.7
El Abra,Miles TM,1994,0.0
Candelaria,Miles TM,1994,30.9
Mantos Copper,Miles TM,1994,77.5
Zaldívar,Miles TM,1994,0.0
Cerro Colorado,Miles TM,1994,21.3
Centinela (Oxidos),Miles TM,1994,0.0
Quebrada Blanca,Miles TM,1994,6.9
Lomas Bayas,Miles TM,1994,0.0
Michilla,Miles TM,1994,26.8
Spence,Miles TM,1994,0.0
Centinela (Súlfuros),Miles TM,1994,0.0
Caserones,Miles TM,1994,0.0
Sierra Gorda,Miles TM,1994,0.0
Antucoya,Miles TM,1994,0.0
Andacollo,Miles TM,1994,0.0
Punta del Cobre,Miles TM,1994,0.0
Las Cenizas,Miles TM,1994,0.0
Chuquicamata,Miles TM,1995,610.2
Radomiro Tomic,Miles TM,1995,0.0
Ministro Hales,Miles TM,1995,0.0
Salvador,Miles TM,1995,85.9
Andina,Miles TM,1995,145.8
El Teniente,Miles TM,1995,322.8
Gaby,Miles TM,1995,0.0
Escondida,Miles TM,1995,466.9
Collahuasi,Miles TM,1995,0.0
Los Pelambres,Miles TM,1995,0.0
Anglo American Sur,Miles TM,1995,198.5
El Abra,Miles TM,1995,0.0
Candelaria,Miles TM,1995,150.3
Mantos Copper,Miles TM,1995,76.0
Zaldívar,Miles TM,1995,22.4
Cerro Colorado,Miles TM,1995,36.4
Centinela (Oxidos),Miles TM,1995,0.0
Quebrada Blanca,Miles TM,1995,46.4
Lomas Bayas,Miles TM,1995,0.0
Michilla,Miles TM,1995,56.4
Spence,Miles TM,1995,0.0
Centinela (Súlfuros),Miles TM,1995,0.0
Caserones,Miles TM,1995,0.0
Sierra Gorda,Miles TM,1995,0.0
Antucoya,Miles TM,1995,0.0
Andacollo,Miles TM,1995,0.0
Punta del Cobre,Miles TM,1995,0.0
Las Cenizas,Miles TM,1995,0.0
Chuquicamata,Miles TM,1996,632.3
Radomiro Tomic,Miles TM,1996,0.0
Ministro Hales,Miles TM,1996,0.0
Salvador,Miles TM,1996,89.9
Andina,Miles TM,1996,154.4
El Teniente,Miles TM,1996,344.7
Gaby,Miles TM,1996,0.0
Escondida,Miles TM,1996,841.4
Collahuasi,Miles TM,1996,0.0
Los Pelambres,Miles TM,1996,0.0
Anglo American Sur,Miles TM,1996,200.7
El Abra,Miles TM,1996,51.0
Candelaria,Miles TM,1996,136.8
Mantos Copper,Miles TM,1996,122.4
Zaldívar,Miles TM,1996,77.5
Cerro Colorado,Miles TM,1996,59.3
Centinela (Oxidos),Miles TM,1996,0.0
Quebrada Blanca,Miles TM,1996,67.7
Lomas Bayas,Miles TM,1996,0.0
Michilla,Miles TM,1996,63.0
Spence,Miles TM,1996,0.0
Centinela (Súlfuros),Miles TM,1996,0.0
Caserones,Miles TM,1996,0.0
Sierra Gorda,Miles TM,1996,0.0
Antucoya,Miles TM,1996,0.0
Andacollo,Miles TM,1996,0.0
Punta del Cobre,Miles TM,1996,0.0
Las Cenizas,Miles TM,1996,0.0
Chuquicamata,Miles TM,1997,650.2
Radomiro Tomic,Miles TM,1997,4.0
Ministro Hales,Miles TM,1997,0.0
Salvador,Miles TM,1997,88.3
Andina,Miles TM,1997,145.5
El Teniente,Miles TM,1997,343.2
Gaby,Miles TM,1997,0.0
Escondida,Miles TM,1997,932.7
Collahuasi,Miles TM,1997,0.0
Los Pelambres,Miles TM,1997,0.0
Anglo American Sur,Miles TM,1997,202.4
El Abra,Miles TM,1997,194.1
Candelaria,Miles TM,1997,155.7
Mantos Copper,Miles TM,1997,132.9
Zaldívar,Miles TM,1997,96.2
Cerro Colorado,Miles TM,1997,60.3
Centinela (Oxidos),Miles TM,1997,0.0
Quebrada Blanca,Miles TM,1997,66.8
Lomas Bayas,Miles TM,1997,0.0
Michilla,Miles TM,1997,62.7
Spence,Miles TM,1997,0.0
Centinela (Súlfuros),Miles TM,1997,0.0
Caserones,Miles TM,1997,0.0
Sierra Gorda,Miles TM,1997,0.0
Antucoya,Miles TM,1997,0.0
Andacollo,Miles TM,1997,0.0
Punta del Cobre,Miles TM,1997,0.0
Las Cenizas,Miles TM,1997,0.0
Chuquicamata,Miles TM,1998,650.2
Radomiro Tomic,Miles TM,1998,161.9
Ministro Hales,Miles TM,1998,0.0
Salvador,Miles TM,1998,88.1
Andina,Miles TM,1998,164.0
El Teniente,Miles TM,1998,338.6
Gaby,Miles TM,1998,0.0
Escondida,Miles TM,1998,867.6
Collahuasi,Miles TM,1998,48.1
Los Pelambres,Miles TM,1998,0.0
Anglo American Sur,Miles TM,1998,215.9
El Abra,Miles TM,1998,198.7
Candelaria,Miles TM,1998,215.0
Mantos Copper,Miles TM,1998,138.1
Zaldívar,Miles TM,1998,135.0
Cerro Colorado,Miles TM,1998,75.0
Centinela (Oxidos),Miles TM,1998,0.0
Quebrada Blanca,Miles TM,1998,71.1
Lomas Bayas,Miles TM,1998,19.3
Michilla,Miles TM,1998,62.1
Spence,Miles TM,1998,0.0
Centinela (Súlfuros),Miles TM,1998,0.0
Caserones,Miles TM,1998,0.0
Sierra Gorda,Miles TM,1998,0.0
Antucoya,Miles TM,1998,0.0
Andacollo,Miles TM,1998,0.0
Punta del Cobre,Miles TM,1998,0.0
Las Cenizas,Miles TM,1998,0.0
Chuquicamata,Miles TM,1999,630.1
Radomiro Tomic,Miles TM,1999,190.1
Ministro Hales,Miles TM,1999,0.0
Salvador,Miles TM,1999,91.7
Andina,Miles TM,1999,249.3
El Teniente,Miles TM,1999,346.3
Gaby,Miles TM,1999,0.0
Escondida,Miles TM,1999,958.5
Collahuasi,Miles TM,1999,434.6
Los Pelambres,Miles TM,1999,12.3
Anglo American Sur,Miles TM,1999,248.4
El Abra,Miles TM,1999,220.1
Candelaria,Miles TM,1999,226.9
Mantos Copper,Miles TM,1999,151.6
Zaldívar,Miles TM,1999,150.4
Cerro Colorado,Miles TM,1999,100.2
Centinela (Oxidos),Miles TM,1999,0.0
Quebrada Blanca,Miles TM,1999,73.1
Lomas Bayas,Miles TM,1999,44.6
Michilla,Miles TM,1999,60.6
Spence,Miles TM,1999,0.0
Centinela (Súlfuros),Miles TM,1999,0.0
Caserones,Miles TM,1999,0.0
Sierra Gorda,Miles TM,1999,0.0
Antucoya,Miles TM,1999,0.0
Andacollo,Miles TM,1999,0.0
Punta del Cobre,Miles TM,1999,0.0
Las Cenizas,Miles TM,1999,0.0
Chuquicamata,Miles TM,2000,630.1
Radomiro Tomic,Miles TM,2000,191.4
Ministro Hales,Miles TM,2000,0.0
Salvador,Miles TM,2000,80.5
Andina,Miles TM,2000,258.0
El Teniente,Miles TM,2000,355.7
Gaby,Miles TM,2000,0.0
Escondida,Miles TM,2000,916.6
Collahuasi,Miles TM,2000,436.0
Los Pelambres,Miles TM,2000,308.8
Anglo American Sur,Miles TM,2000,253.8
El Abra,Miles TM,2000,197.2
Candelaria,Miles TM,2000,203.9
Mantos Copper,Miles TM,2000,155.3
Zaldívar,Miles TM,2000,147.7
Cerro Colorado,Miles TM,2000,119.2
Centinela (Oxidos),Miles TM,2000,0.0
Quebrada Blanca,Miles TM,2000,68.6
Lomas Bayas,Miles TM,2000,51.3
Michilla,Miles TM,2000,52.2
Spence,Miles TM,2000,0.0
Centinela (Súlfuros),Miles TM,2000,0.0
Caserones,Miles TM,2000,0.0
Sierra Gorda,Miles TM,2000,0.0
Antucoya,Miles TM,2000,0.0
Andacollo,Miles TM,2000,0.0
Punta del Cobre,Miles TM,2000,0.0
Las Cenizas,Miles TM,2000,0.0
Chuquicamata,Miles TM,2001,641.9
Radomiro Tomic,Miles TM,2001,260.3
Ministro Hales,Miles TM,2001,0.0
Salvador,Miles TM,2001,81.2
Andina,Miles TM,2001,253.3
El Teniente,Miles TM,2001,355.6
Gaby,Miles TM,2001,0.0
Escondida,Miles TM,2001,794.1
Collahuasi,Miles TM,2001,452.7
Los Pelambres,Miles TM,2001,373.8
Anglo American Sur,Miles TM,2001,251.6
El Abra,Miles TM,2001,217.6
Candelaria,Miles TM,2001,220.6
Mantos Copper,Miles TM,2001,156.9
Zaldívar,Miles TM,2001,140.4
Cerro Colorado,Miles TM,2001,133.9
Centinela (Oxidos),Miles TM,2001,43.0
Quebrada Blanca,Miles TM,2001,74.6
Lomas Bayas,Miles TM,2001,56.3
Michilla,Miles TM,2001,49.6
Spence,Miles TM,2001,0.0
Centinela (Súlfuros),Miles TM,2001,0.0
Caserones,Miles TM,2001,0.0
Sierra Gorda,Miles TM,2001,0.0
Antucoya,Miles TM,2001,0.0
Andacollo,Miles TM,2001,0.0
Punta del Cobre,Miles TM,2001,0.0
Las Cenizas,Miles TM,2001,0.0
Chuquicamata,Miles TM,2002,596.8
Radomiro Tomic,Miles TM,2002,297.1
Ministro Hales,Miles TM,2002,0.0
Salvador,Miles TM,2002,72.8
Andina,Miles TM,2002,218.7
El Teniente,Miles TM,2002,334.3
Gaby,Miles TM,2002,0.0
Escondida,Miles TM,2002,758.0
Collahuasi,Miles TM,2002,433.5
Los Pelambres,Miles TM,2002,335.5
Anglo American Sur,Miles TM,2002,249.8
El Abra,Miles TM,2002,225.2
Candelaria,Miles TM,2002,199.1
Mantos Copper,Miles TM,2002,153.4
Zaldívar,Miles TM,2002,147.8
Cerro Colorado,Miles TM,2002,128.3
Centinela (Oxidos),Miles TM,2002,84.3
Quebrada Blanca,Miles TM,2002,73.8
Lomas Bayas,Miles TM,2002,59.3
Michilla,Miles TM,2002,51.8
Spence,Miles TM,2002,0.0
Centinela (Súlfuros),Miles TM,2002,0.0
Caserones,Miles TM,2002,0.0
Sierra Gorda,Miles TM,2002,0.0
Antucoya,Miles TM,2002,0.0
Andacollo,Miles TM,2002,0.0
Punta del Cobre,Miles TM,2002,0.0
Las Cenizas,Miles TM,2002,0.0
Chuquicamata,Miles TM,2003,601.1
Radomiro Tomic,Miles TM,2003,306.1
Ministro Hales,Miles TM,2003,0.0
Salvador,Miles TM,2003,80.1
Andina,Miles TM,2003,235.8
El Teniente,Miles TM,2003,339.4
Gaby,Miles TM,2003,0.0
Escondida,Miles TM,2003,994.7
Collahuasi,Miles TM,2003,394.7
Los Pelambres,Miles TM,2003,337.8
Anglo American Sur,Miles TM,2003,277.9
El Abra,Miles TM,2003,226.6
Candelaria,Miles TM,2003,212.7
Mantos Copper,Miles TM,2003,147.1
Zaldívar,Miles TM,2003,150.5
Cerro Colorado,Miles TM,2003,131.5
Centinela (Oxidos),Miles TM,2003,92.4
Quebrada Blanca,Miles TM,2003,80.1
Lomas Bayas,Miles TM,2003,60.4
Michilla,Miles TM,2003,52.7
Spence,Miles TM,2003,0.0
Centinela (Súlfuros),Miles TM,2003,0.0
Caserones,Miles TM,2003,0.0
Sierra Gorda,Miles TM,2003,0.0
Antucoya,Miles TM,2003,0.0
Andacollo,Miles TM,2003,0.0
Punta del Cobre,Miles TM,2003,0.0
Las Cenizas,Miles TM,2003,0.0
Chuquicamata,Miles TM,2004,691.8
Radomiro Tomic,Miles TM,2004,291.0
Ministro Hales,Miles TM,2004,0.0
Salvador,Miles TM,2004,74.9
Andina,Miles TM,2004,239.9
El Teniente,Miles TM,2004,435.6
Gaby,Miles TM,2004,0.0
Escondida,Miles TM,2004,1195.1
Collahuasi,Miles TM,2004,481.0
Los Pelambres,Miles TM,2004,362.6
Anglo American Sur,Miles TM,2004,300.6
El Abra,Miles TM,2004,218.0
Candelaria,Miles TM,2004,200.0
Mantos Copper,Miles TM,2004,155.0
Zaldívar,Miles TM,2004,147.6
Cerro Colorado,Miles TM,2004,119.5
Centinela (Oxidos),Miles TM,2004,97.8
Quebrada Blanca,Miles TM,2004,76.3
Lomas Bayas,Miles TM,2004,62.0
Michilla,Miles TM,2004,50.0
Spence,Miles TM,2004,0.0
Centinela (Súlfuros),Miles TM,2004,0.0
Caserones,Miles TM,2004,0.0
Sierra Gorda,Miles TM,2004,0.0
Antucoya,Miles TM,2004,0.0
Andacollo,Miles TM,2004,0.0
Punta del Cobre,Miles TM,2004,0.0
Las Cenizas,Miles TM,2004,0.0
Chuquicamata,Miles TM,2005,676.1
Radomiro Tomic,Miles TM,2005,288.8
Ministro Hales,Miles TM,2005,0.0
Salvador,Miles TM,2005,77.5
Andina,Miles TM,2005,248.2
El Teniente,Miles TM,2005,437.4
Gaby,Miles TM,2005,0.0
Escondida,Miles TM,2005,1271.5
Collahuasi,Miles TM,2005,427.0
Los Pelambres,Miles TM,2005,333.8
Anglo American Sur,Miles TM,2005,293.7
El Abra,Miles TM,2005,210.6
Candelaria,Miles TM,2005,162.7
Mantos Copper,Miles TM,2005,149.7
Zaldívar,Miles TM,2005,123.3
Cerro Colorado,Miles TM,2005,90.4
Centinela (Oxidos),Miles TM,2005,98.1
Quebrada Blanca,Miles TM,2005,81.0
Lomas Bayas,Miles TM,2005,63.2
Michilla,Miles TM,2005,46.4
Spence,Miles TM,2005,0.0
Centinela (Súlfuros),Miles TM,2005,0.0
Caserones,Miles TM,2005,0.0
Sierra Gorda,Miles TM,2005,0.0
Antucoya,Miles TM,2005,0.0
Andacollo,Miles TM,2005,0.0
Punta del Cobre,Miles TM,2005,0.0
Las Cenizas,Miles TM,2005,0.0
Chuquicamata,Miles TM,2006,634.0
Radomiro Tomic,Miles TM,2006,306.6
Ministro Hales,Miles TM,2006,0.0
Salvador,Miles TM,2006,80.6
Andina,Miles TM,2006,236.4
El Teniente,Miles TM,2006,418.3
Gaby,Miles TM,2006,0.0
Escondida,Miles TM,2006,1255.6
Collahuasi,Miles TM,2006,440.0
Los Pelambres,Miles TM,2006,335.2
Anglo American Sur,Miles TM,2006,294.8
El Abra,Miles TM,2006,218.6
Candelaria,Miles TM,2006,169.6
Mantos Copper,Miles TM,2006,152.1
Zaldívar,Miles TM,2006,146.3
Cerro Colorado,Miles TM,2006,115.5
Centinela (Oxidos),Miles TM,2006,94.0
Quebrada Blanca,Miles TM,2006,82.4
Lomas Bayas,Miles TM,2006,64.3
Michilla,Miles TM,2006,47.3
Spence,Miles TM,2006,4.3
Centinela (Súlfuros),Miles TM,2006,0.0
Caserones,Miles TM,2006,0.0
Sierra Gorda,Miles TM,2006,0.0
Antucoya,Miles TM,2006,0.0
Andacollo,Miles TM,2006,0.0
Punta del Cobre,Miles TM,2006,0.0
Las Cenizas,Miles TM,2006,0.0
Chuquicamata,Miles TM,2007,615.0
Radomiro Tomic,Miles TM,2007,281.3
Ministro Hales,Miles TM,2007,0.0
Salvador,Miles TM,2007,63.9
Andina,Miles TM,2007,218.4
El Teniente,Miles TM,2007,404.7
Gaby,Miles TM,2007,0.0
Escondida,Miles TM,2007,1483.9
Collahuasi,Miles TM,2007,452.0
Los Pelambres,Miles TM,2007,300.1
Anglo American Sur,Miles TM,2007,302.1
El Abra,Miles TM,2007,166.0
Candelaria,Miles TM,2007,181.0
Mantos Copper,Miles TM,2007,151.6
Zaldívar,Miles TM,2007,142.9
Cerro Colorado,Miles TM,2007,98.7
Centinela (Oxidos),Miles TM,2007,93.0
Quebrada Blanca,Miles TM,2007,82.9
Lomas Bayas,Miles TM,2007,61.5
Michilla,Miles TM,2007,45.1
Spence,Miles TM,2007,128.1
Centinela (Súlfuros),Miles TM,2007,0.0
Caserones,Miles TM,2007,0.0
Sierra Gorda,Miles TM,2007,0.0
Antucoya,Miles TM,2007,0.0
Andacollo,Miles TM,2007,0.0
Punta del Cobre,Miles TM,2007,0.0
Las Cenizas,Miles TM,2007,0.0
Chuquicamata,Miles TM,2008,469.9
Radomiro Tomic,Miles TM,2008,285.4
Ministro Hales,Miles TM,2008,0.0
Salvador,Miles TM,2008,42.7
Andina,Miles TM,2008,219.5
El Teniente,Miles TM,2008,381.2
Gaby,Miles TM,2008,67.69999999999999
Escondida,Miles TM,2008,1254.0
Collahuasi,Miles TM,2008,464.4
Los Pelambres,Miles TM,2008,351.2
Anglo American Sur,Miles TM,2008,283.5
El Abra,Miles TM,2008,165.8
Candelaria,Miles TM,2008,173.50000000000003
Mantos Copper,Miles TM,2008,148.9
Zaldívar,Miles TM,2008,133.5
Cerro Colorado,Miles TM,2008,104.2
Centinela (Oxidos),Miles TM,2008,90.8
Quebrada Blanca,Miles TM,2008,85.39999999999999
Lomas Bayas,Miles TM,2008,59.2
Michilla,Miles TM,2008,47.7
Spence,Miles TM,2008,164.79999999999998
Centinela (Súlfuros),Miles TM,2008,0.0
Caserones,Miles TM,2008,0.0
Sierra Gorda,Miles TM,2008,0.0
Antucoya,Miles TM,2008,0.0
Andacollo,Miles TM,2008,21.061
Punta del Cobre,Miles TM,2008,28.718
Las Cenizas,Miles TM,2008,9.586
Chuquicamata,Miles TM,2009,574.0
Radomiro Tomic,Miles TM,2009,300.7
Ministro Hales,Miles TM,2009,0.0
Salvador,Miles TM,2009,65.5
Andina,Miles TM,2009,209.7
El Teniente,Miles TM,2009,404.1
Gaby,Miles TM,2009,148.0
Escondida,Miles TM,2009,1103.7
Collahuasi,Miles TM,2009,535.9
Los Pelambres,Miles TM,2009,322.6
Anglo American Sur,Miles TM,2009,276.90000000000003
El Abra,Miles TM,2009,164.1
Candelaria,Miles TM,2009,134.20000000000002
Mantos Copper,Miles TM,2009,151.6
Zaldívar,Miles TM,2009,136.99999999999997
Cerro Colorado,Miles TM,2009,93.7
Centinela (Oxidos),Miles TM,2009,90.2
Quebrada Blanca,Miles TM,2009,87.39999999999999
Lomas Bayas,Miles TM,2009,73.1
Michilla,Miles TM,2009,40.6
Spence,Miles TM,2009,162.3
Centinela (Súlfuros),Miles TM,2009,0.0
Caserones,Miles TM,2009,0.0
Sierra Gorda,Miles TM,2009,0.0
Antucoya,Miles TM,2009,0.0
Andacollo,Miles TM,2009,17.916
Punta del Cobre,Miles TM,2009,33.541999999999994
Las Cenizas,Miles TM,2009,2.68479
Chuquicamata,Miles TM,2010,528.4
Radomiro Tomic,Miles TM,2010,375.3
Ministro Hales,Miles TM,2010,0.0
Salvador,Miles TM,2010,76.19999999999999
Andina,Miles TM,2010,188.5
El Teniente,Miles TM,2010,403.6
Gaby,Miles TM,2010,117.1
Escondida,Miles TM,2010,1086.7
Collahuasi,Miles TM,2010,504.0000000000001
Los Pelambres,Miles TM,2010,398.0
Anglo American Sur,Miles TM,2010,257.7
El Abra,Miles TM,2010,145.2
Candelaria,Miles TM,2010,136.4
Mantos Copper,Miles TM,2010,139.6
Zaldívar,Miles TM,2010,144.39999999999998
Cerro Colorado,Miles TM,2010,88.99999999999999
Centinela (Oxidos),Miles TM,2010,95.29999999999998
Quebrada Blanca,Miles TM,2010,86.2
Lomas Bayas,Miles TM,2010,71.8
Michilla,Miles TM,2010,41.2
Spence,Miles TM,2010,178.1
Centinela (Súlfuros),Miles TM,2010,0.0
Caserones,Miles TM,2010,0.0
Sierra Gorda,Miles TM,2010,0.0
Antucoya,Miles TM,2010,0.0
Andacollo,Miles TM,2010,45.102
Punta del Cobre,Miles TM,2010,33.021
Las Cenizas,Miles TM,2010,2.1594
Chuquicamata,Miles TM,2011,443.4
Radomiro Tomic,Miles TM,2011,470.1
Ministro Hales,Miles TM,2011,0.0
Salvador,Miles TM,2011,68.99999999999999
Andina,Miles TM,2011,234.39999999999995
El Teniente,Miles TM,2011,400.2999999999999
Gaby,Miles TM,2011,118.0
Escondida,Miles TM,2011,817.7
Collahuasi,Miles TM,2011,453.3
Los Pelambres,Miles TM,2011,426.1
Anglo American Sur,Miles TM,2011,264.0
El Abra,Miles TM,2011,123.4
Candelaria,Miles TM,2011,148.4
Mantos Copper,Miles TM,2011,130.89999999999998
Zaldívar,Miles TM,2011,132.3
Cerro Colorado,Miles TM,2011,94.3
Centinela (Oxidos),Miles TM,2011,97.1
Quebrada Blanca,Miles TM,2011,63.400000000000006
Lomas Bayas,Miles TM,2011,73.60000000000001
Michilla,Miles TM,2011,41.6
Spence,Miles TM,2011,181.0
Centinela (Súlfuros),Miles TM,2011,96.6
Caserones,Miles TM,2011,0.0
Sierra Gorda,Miles TM,2011,0.0
Antucoya,Miles TM,2011,0.0
Andacollo,Miles TM,2011,72.31700000000001
Punta del Cobre,Miles TM,2011,30.712000000000003
Las Cenizas,Miles TM,2011,1.414
Chuquicamata,Miles TM,2012,355.9
Radomiro Tomic,Miles TM,2012,427.8
Ministro Hales,Miles TM,2012,0.0
Salvador,Miles TM,2012,62.7
Andina,Miles TM,2012,249.90000000000003
El Teniente,Miles TM,2012,417.2
Gaby,Miles TM,2012,132.99999999999997
Escondida,Miles TM,2012,1075.9
Collahuasi,Miles TM,2012,282.1
Los Pelambres,Miles TM,2012,417.7000000000001
Anglo American Sur,Miles TM,2012,416.6
El Abra,Miles TM,2012,153.7
Candelaria,Miles TM,2012,122.79999999999998
Mantos Copper,Miles TM,2012,115.0
Zaldívar,Miles TM,2012,131.10000000000002
Cerro Colorado,Miles TM,2012,73.1
Centinela (Oxidos),Miles TM,2012,105.0
Quebrada Blanca,Miles TM,2012,62.39999999999999
Lomas Bayas,Miles TM,2012,73.3
Michilla,Miles TM,2012,37.7
Spence,Miles TM,2012,166.70000000000002
Centinela (Súlfuros),Miles TM,2012,173.20000000000002
Caserones,Miles TM,2012,0.0
Sierra Gorda,Miles TM,2012,0.0
Antucoya,Miles TM,2012,0.0
Andacollo,Miles TM,2012,79.8
Punta del Cobre,Miles TM,2012,33.68
Las Cenizas,Miles TM,2012,4.578
Chuquicamata,Miles TM,2013,339.0
Radomiro Tomic,Miles TM,2013,379.6
Ministro Hales,Miles TM,2013,33.5
Salvador,Miles TM,2013,54.3
Andina,Miles TM,2013,236.7
El Teniente,Miles TM,2013,450.4
Gaby,Miles TM,2013,128.20000000000002
Escondida,Miles TM,2013,1193.7
Collahuasi,Miles TM,2013,444.49999999999994
Los Pelambres,Miles TM,2013,419.2000000000001
Anglo American Sur,Miles TM,2013,467.3
El Abra,Miles TM,2013,155.6
Candelaria,Miles TM,2013,167.99999999999997
Mantos Copper,Miles TM,2013,111.3
Zaldívar,Miles TM,2013,126.5
Cerro Colorado,Miles TM,2013,73.60000000000001
Centinela (Oxidos),Miles TM,2013,102.6
Quebrada Blanca,Miles TM,2013,56.2
Lomas Bayas,Miles TM,2013,74.19999999999999
Michilla,Miles TM,2013,38.3
Spence,Miles TM,2013,151.6
Centinela (Súlfuros),Miles TM,2013,177.1
Caserones,Miles TM,2013,16.2
Sierra Gorda,Miles TM,2013,0.0
Antucoya,Miles TM,2013,0.0
Andacollo,Miles TM,2013,81.10000000000001
Punta del Cobre,Miles TM,2013,39.404
Las Cenizas,Miles TM,2013,8.737
Chuquicamata,Miles TM,2014,340.4
Radomiro Tomic,Miles TM,2014,327.3
Ministro Hales,Miles TM,2014,141.20000000000002
Salvador,Miles TM,2014,53.99999999999999
Andina,Miles TM,2014,232.40000000000003
El Teniente,Miles TM,2014,455.5
Gaby,Miles TM,2014,121.0
Escondida,Miles TM,2014,1165.4
Collahuasi,Miles TM,2014,470.4
Los Pelambres,Miles TM,2014,404.6
Anglo American Sur,Miles TM,2014,436.8999999999999
El Abra,Miles TM,2014,166.40000000000003
Candelaria,Miles TM,2014,134.70000000000002
Mantos Copper,Miles TM,2014,104.2
Zaldívar,Miles TM,2014,100.59999999999998
Cerro Colorado,Miles TM,2014,79.6
Centinela (Oxidos),Miles TM,2014,93.8
Quebrada Blanca,Miles TM,2014,48.099999999999994
Lomas Bayas,Miles TM,2014,66.4
Michilla,Miles TM,2014,47.00000000000001
Spence,Miles TM,2014,176.1
Centinela (Súlfuros),Miles TM,2014,180.69999999999996
Caserones,Miles TM,2014,44.6
Sierra Gorda,Miles TM,2014,12.7
Antucoya,Miles TM,2014,0.0
Andacollo,Miles TM,2014,71.8
Punta del Cobre,Miles TM,2014,38.12
Las Cenizas,Miles TM,2014,4.842
Chuquicamata,Miles TM,2015,308.6
Radomiro Tomic,Miles TM,2015,315.7
Ministro Hales,Miles TM,2015,238.3
Salvador,Miles TM,2015,48.6
Andina,Miles TM,2015,224.29999999999995
El Teniente,Miles TM,2015,471.2000000000001
Gaby,Miles TM,2015,125.0
Escondida,Miles TM,2015,1152.5
Collahuasi,Miles TM,2015,455.3
Los Pelambres,Miles TM,2015,375.80000000000007
Anglo American Sur,Miles TM,2015,437.7999999999999
El Abra,Miles TM,2015,147.2
Candelaria,Miles TM,2015,150.2
Mantos Copper,Miles TM,2015,106.3
Zaldívar,Miles TM,2015,103.4
Cerro Colorado,Miles TM,2015,74.39999999999999
Centinela (Oxidos),Miles TM,2015,75.9
Quebrada Blanca,Miles TM,2015,39.1
Lomas Bayas,Miles TM,2015,70.6
Michilla,Miles TM,2015,29.4
Spence,Miles TM,2015,175.6
Centinela (Súlfuros),Miles TM,2015,145.20000000000002
Caserones,Miles TM,2015,74.89999999999999
Sierra Gorda,Miles TM,2015,87.9
Antucoya,Miles TM,2015,12.2
Andacollo,Miles TM,2015,73.00000000000001
Punta del Cobre,Miles TM,2015,39.613
Las Cenizas,Miles TM,2015,8.971
Chuquicamata,Miles TM,2016,302.0
Radomiro Tomic,Miles TM,2016,318.3
Ministro Hales,Miles TM,2016,237.0
Salvador,Miles TM,2016,59.8
Andina,Miles TM,2016,193.4
El Teniente,Miles TM,2016,475.2999999999999
Gaby,Miles TM,2016,121.70000000000002
Escondida,Miles TM,2016,1002.0
Collahuasi,Miles TM,2016,506.5
Los Pelambres,Miles TM,2016,367.7999999999999
Anglo American Sur,Miles TM,2016,354.2
El Abra,Miles TM,2016,99.9
Candelaria,Miles TM,2016,135.39999999999998
Mantos Copper,Miles TM,2016,99.1
Zaldívar,Miles TM,2016,103.4
Cerro Colorado,Miles TM,2016,74.0
Centinela (Oxidos),Miles TM,2016,55.8
Quebrada Blanca,Miles TM,2016,34.7
Lomas Bayas,Miles TM,2016,80.1
Michilla,Miles TM,2016,0.0
Spence,Miles TM,2016,167.4
Centinela (Súlfuros),Miles TM,2016,180.4
Caserones,Miles TM,2016,117.3
Sierra Gorda,Miles TM,2016,98.09999999999998
Antucoya,Miles TM,2016,66.2
Andacollo,Miles TM,2016,73.19999999999999
Punta del Cobre,Miles TM,2016,39.077
Las Cenizas,Miles TM,2016,6.9879999999999995
Chuquicamata,Miles TM,2017,330.9
Radomiro Tomic,Miles TM,2017,318.9
Ministro Hales,Miles TM,2017,215.1
Salvador,Miles TM,2017,62.0
Andina,Miles TM,2017,220.00000000000003
El Teniente,Miles TM,2017,464.3
Gaby,Miles TM,2017,122.7
Escondida,Miles TM,2017,925.4
Collahuasi,Miles TM,2017,524.0
Los Pelambres,Miles TM,2017,356.30000000000007
Anglo American Sur,Miles TM,2017,348.69999999999993
El Abra,Miles TM,2017,78.4
Candelaria,Miles TM,2017,150.30000000000004
Mantos Copper,Miles TM,2017,87.80000000000001
Zaldívar,Miles TM,2017,103.29999999999998
Cerro Colorado,Miles TM,2017,66.19999999999999
Centinela (Oxidos),Miles TM,2017,64.5
Quebrada Blanca,Miles TM,2017,23.399999999999995
Lomas Bayas,Miles TM,2017,78.0
Michilla,Miles TM,2017,0.0
Spence,Miles TM,2017,198.59999999999997
Centinela (Súlfuros),Miles TM,2017,163.8
Caserones,Miles TM,2017,122.8
Sierra Gorda,Miles TM,2017,101.7
Antucoya,Miles TM,2017,80.50000000000001
Andacollo,Miles TM,2017,76.0
Punta del Cobre,Miles TM,2017,37.492999999999995
Las Cenizas,Miles TM,2017,9.592
Chuquicamata,Miles TM,2018,320.7
Radomiro Tomic,Miles TM,2018,332.70000000000005
Ministro Hales,Miles TM,2018,195.49999999999997
Salvador,Miles TM,2018,60.8
Andina,Miles TM,2018,195.5
El Teniente,Miles TM,2018,465.0
Gaby,Miles TM,2018,107.3
Escondida,Miles TM,2018,1242.7
Collahuasi,Miles TM,2018,559.1999999999999
Los Pelambres,Miles TM,2018,370.50000000000006
Anglo American Sur,Miles TM,2018,422.2000000000001
El Abra,Miles TM,2018,91.3
Candelaria,Miles TM,2018,101.7
Mantos Copper,Miles TM,2018,83.5
Zaldívar,Miles TM,2018,94.5
Cerro Colorado,Miles TM,2018,66.19999999999999
Centinela (Oxidos),Miles TM,2018,92.6
Quebrada Blanca,Miles TM,2018,25.5
Lomas Bayas,Miles TM,2018,72.69999999999999
Michilla,Miles TM,2018,0.0
Spence,Miles TM,2018,176.4
Centinela (Súlfuros),Miles TM,2018,155.4
Caserones,Miles TM,2018,136.5
Sierra Gorda,Miles TM,2018,101.9
Antucoya,Miles TM,2018,72.2
Andacollo,Miles TM,2018,67.2
Punta del Cobre,Miles TM,2018,40.56
Las Cenizas,Miles TM,2018,5.619999999999998
Chuquicamata,Miles TM,2019,385.3
Radomiro Tomic,Miles TM,2019,266.4
Ministro Hales,Miles TM,2019,151.79999999999998
Salvador,Miles TM,2019,50.599999999999994
Andina,Miles TM,2019,170.29999999999998
El Teniente,Miles TM,2019,459.7
Gaby,Miles TM,2019,104.1
Escondida,Miles TM,2019,1187.8
Collahuasi,Miles TM,2019,565.4
Los Pelambres,Miles TM,2019,375.8999999999999
Anglo American Sur,Miles TM,2019,389.2000000000001
El Abra,Miles TM,2019,81.9
Candelaria,Miles TM,2019,111.4
Mantos Copper,Miles TM,2019,86.3
Zaldívar,Miles TM,2019,116.1
Cerro Colorado,Miles TM,2019,71.7
Centinela (Oxidos),Miles TM,2019,81.10000000000001
Quebrada Blanca,Miles TM,2019,21.1
Lomas Bayas,Miles TM,2019,78.9
Michilla,Miles TM,2019,12.499999999999998
Spence,Miles TM,2019,193.4
Centinela (Súlfuros),Miles TM,2019,195.5
Caserones,Miles TM,2019,145.5
Sierra Gorda,Miles TM,2019,114.0
Antucoya,Miles TM,2019,71.9
Andacollo,Miles TM,2019,54.000000000000014
Punta del Cobre,Miles TM,2019,42.38
Las Cenizas,Miles TM,2019,2.66
Chuquicamata,Miles TM,2020,400.7
Radomiro Tomic,Miles TM,2020,260.6
Ministro Hales,Miles TM,2020,170.60000000000002
Salvador,Miles TM,2020,56.3
Andina,Miles TM,2020,184.5
El Teniente,Miles TM,2020,443.1999999999999
Gaby,Miles TM,2020,102.1
Escondida,Miles TM,2020,1187.3
Collahuasi,Miles TM,2020,629.1000000000001
Los Pelambres,Miles TM,2020,372.1
Anglo American Sur,Miles TM,2020,370.5
El Abra,Miles TM,2020,71.89999999999999
Candelaria,Miles TM,2020,94.79999999999998
Mantos Copper,Miles TM,2020,78.60000000000001
Zaldívar,Miles TM,2020,96.5
Cerro Colorado,Miles TM,2020,68.9
Centinela (Oxidos),Miles TM,2020,93.3
Quebrada Blanca,Miles TM,2020,13.4
Lomas Bayas,Miles TM,2020,73.9
Michilla,Miles TM,2020,19.5
Spence,Miles TM,2020,146.7
Centinela (Súlfuros),Miles TM,2020,153.5
Caserones,Miles TM,2020,126.40000000000002
Sierra Gorda,Miles TM,2020,156.10000000000002
Antucoya,Miles TM,2020,79.3
Andacollo,Miles TM,2020,57.39999999999999
Punta del Cobre,Miles TM,2020,45.03084258
Las Cenizas,Miles TM,2020,3.3989999999999996
Chuquicamata,Miles TM,2021,319.28
Radomiro Tomic,Miles TM,2021,326.457
Ministro Hales,Miles TM,2021,181.705
Salvador,Miles TM,2021,52.885
Andina,Miles TM,2021,177.215
El Teniente,Miles TM,2021,459.818
Gaby,Miles TM,2021,100.909
Escondida,Miles TM,2021,1011.327
Collahuasi,Miles TM,2021,630.041
Los Pelambres,Miles TM,2021,336.338
Anglo American Sur,Miles TM,2021,369.982
El Abra,Miles TM,2021,72.654
Candelaria,Miles TM,2021,118.626
Mantos Copper,Miles TM,2021,94.718
Zaldívar,Miles TM,2021,86.92
Cerro Colorado,Miles TM,2021,57.438
Centinela (Oxidos),Miles TM,2021,88.843
Quebrada Blanca,Miles TM,2021,11.504
Lomas Bayas,Miles TM,2021,64.281
Michilla,Miles TM,2021,21.228202999999997
Spence,Miles TM,2021,203.033
Centinela (Súlfuros),Miles TM,2021,185.352
Caserones,Miles TM,2021,109.675
Sierra Gorda,Miles TM,2021,198.218
Antucoya,Miles TM,2021,78.578
Andacollo,Miles TM,2021,44.779
Punta del Cobre,Miles TM,2021,39.226
Las Cenizas,Miles TM,2021,8.017
Chuquicamata,Miles TM,2022,268.349
Radomiro Tomic,Miles TM,2022,301.063
Ministro Hales,Miles TM,2022,152.167
Salvador,Miles TM,2022,32.099999999999994
Andina,Miles TM,2022,176.99999999999997
El Teniente,Miles TM,2022,405.2999999999999
Gaby,Miles TM,2022,109.5
Escondida,Miles TM,2022,1054.271
Collahuasi,Miles TM,2022,570.702
Los Pelambres,Miles TM,2022,284.133
Anglo American Sur,Miles TM,2022,311.036
El Abra,Miles TM,2022,91.649
Candelaria,Miles TM,2022,126.382
Mantos Copper,Miles TM,2022,98.031
Zaldívar,Miles TM,2022,88.909
Cerro Colorado,Miles TM,2022,51.262
Centinela (Oxidos),Miles TM,2022,98.201
Quebrada Blanca,Miles TM,2022,9.595
Lomas Bayas,Miles TM,2022,72.465
Michilla,Miles TM,2022,16.008939
Spence,Miles TM,2022,245.477
Centinela (Súlfuros),Miles TM,2022,149.305
Caserones,Miles TM,2022,124.13
Sierra Gorda,Miles TM,2022,172.683
Antucoya,Miles TM,2022,79.233
Andacollo,Miles TM,2022,39.468
Punta del Cobre,Miles TM,2022,37.33565824625007
Las Cenizas,Miles TM,2022,10.79098
Chuquicamata,Miles TM,2023,248.496
Radomiro Tomic,Miles TM,2023,314.806
Ministro Hales,Miles TM,2023,126.01
Salvador,Miles TM,2023,13.0
Andina,Miles TM,2023,164.54399999999998
El Teniente,Miles TM,2023,351.874
Gaby,Miles TM,2023,105.825
Escondida,Miles TM,2023,1101.361
Collahuasi,Miles TM,2023,573.182
Los Pelambres,Miles TM,2023,310.563
Anglo American Sur,Miles TM,2023,255.042
El Abra,Miles TM,2023,98.412878
Candelaria,Miles TM,2023,130.91899999999998
Mantos Copper,Miles TM,2023,85.512
Zaldívar,Miles TM,2023,80.91499999999999
Cerro Colorado,Miles TM,2023,35.354
Centinela (Oxidos),Miles TM,2023,79.290387
Quebrada Blanca,Miles TM,2023,64.31712499999999
Lomas Bayas,Miles TM,2023,65.805
Michilla,Miles TM,2023,19.067011
Spence,Miles TM,2023,249.04299999999995
Centinela (Súlfuros),Miles TM,2023,162.6809796457114
Caserones,Miles TM,2023,137.148
Sierra Gorda,Miles TM,2023,150.235
Antucoya,Miles TM,2023,77.841
Andacollo,Miles TM,2023,39.607
Punta del Cobre,Miles TM,2023,37.04032415983561
Las Cenizas,Miles TM,2023,11.886863121044978
Chuquicamata,Miles TM,2024,289.01300000000003
Radomiro Tomic,Miles TM,2024,270.479
Ministro Hales,Miles TM,2024,122.208
Salvador,Miles TM,2024,5.673
Andina,Miles TM,2024,181.609
El Teniente,Miles TM,2024,356.37300000000005
Gaby,Miles TM,2024,103.075
Escondida,Miles TM,2024,1277.539311
Collahuasi,Miles TM,2024,558.611
Los Pelambres,Miles TM,2024,331.22799999999995
Anglo American Sur,Miles TM,2024,220.615
El Abra,Miles TM,2024,99.097
Candelaria,Miles TM,2024,142.066
Mantos Copper,Miles TM,2024,102.27664868240932
Zaldívar,Miles TM,2024,82.84596187731034
Cerro Colorado,Miles TM,2024,0.0
Centinela (Oxidos),Miles TM,2024,102.003
Quebrada Blanca,Miles TM,2024,207.768
Lomas Bayas,Miles TM,2024,74.393
Michilla,Miles TM,2024,19.913000000000004
Spence,Miles TM,2024,255.586
Centinela (Súlfuros),Miles TM,2024,121.839
Caserones,Miles TM,2024,124.612
Sierra Gorda,Miles TM,2024,154.55900000000003
Antucoya,Miles TM,2024,80.379
Andacollo,Miles TM,2024,39.745
Punta del Cobre,Miles TM,2024,39.192
Las Cenizas,Miles TM,2024,32.077999999999996
