Match_Key,Unidad,Anio,Produccion,Inversion_MMUSD,Capital_Stock,Precio_Cobre,Precio_Dolar
altos de punitaqui,Miles TM,2014,11.5,0.0,0.0,414.891,570.005903614458
altos de punitaqui,Miles TM,2015,8.1,0.0,0.0,414.891,654.249
altos de punitaqui,Miles TM,2016,7.2,0.0,0.0,414.891,676.83242063492
altos de punitaqui,Miles TM,2017,5.5,0.0,0.0,414.891,649.3287854251
altos de punitaqui,Miles TM,2018,3.8,0.0,0.0,414.891,640.290772357724
altos de punitaqui,Miles TM,2019,4.723,0.0,0.0,414.891,702.631048387097
andacollo,Miles TM,1982,0.0,0.0,0.0,414.891,66.0208910891089
andacollo,Miles TM,1983,0.0,0.0,0.0,414.891,78.7665612648221
andacollo,Miles TM,1984,0.0,0.0,0.0,414.891,98.2334939759036
andacollo,Miles TM,1985,0.0,0.0,0.0,414.891,160.72584
andacollo,Miles TM,1986,0.0,0.0,0.0,414.891,192.868112449799
andacollo,Miles TM,1987,0.0,0.0,0.0,414.891,219.456129032258
andacollo,Miles TM,1988,0.0,0.0,0.0,414.891,244.98796812749
andacollo,Miles TM,1989,0.0,0.0,0.0,414.891,266.494777327935
andacollo,Miles TM,1990,0.0,0.0,0.0,414.891,304.67975708502
andacollo,Miles TM,1991,0.0,0.0,0.0,414.891,349.114859437751
andacollo,Miles TM,1992,0.0,0.0,242.44,414.891,362.696144578313
andacollo,Miles TM,1993,0.0,0.0,230.318,414.891,404.255238095238E
andacollo,Miles TM,1994,0.0,0.0,218.8021,414.891,420.252420634921
andacollo,Miles TM,1995,0.0,63.8,271.66199499999993,414.891,396.782056451613
andacollo,Miles TM,1996,0.0,0.0,258.0788952499999,414.891,412.21904
andacollo,Miles TM,1997,0.0,0.0,245.1749504874999,414.891,419.248795180723
andacollo,Miles TM,1998,0.0,0.0,232.9162029631249,414.891,460.319718875502
andacollo,Miles TM,1999,0.0,0.0,221.27039281496863,414.891,508.897250996016
andacollo,Miles TM,2000,0.0,0.03,210.23687317422025,414.891,538.871129032258
andacollo,Miles TM,2001,0.0,0.0,199.7250295155092,414.891,634.428502024292
andacollo,Miles TM,2002,0.0,0.03,189.7687780397337,414.891,689.242449799197
andacollo,Miles TM,2003,0.0,2.5,182.78033913774703,414.891,691.53556
andacollo,Miles TM,2004,0.0,4.4,178.04132218085968,414.891,609.54996031746
andacollo,Miles TM,2005,0.0,1.0,170.13925607181667,414.891,559.862777777778
andacollo,Miles TM,2006,0.0,350.05,511.68229326822586,414.891,530.263052208836
andacollo,Miles TM,2007,0.0,1.524,487.62217860481456,414.891,522.690688259109
andacollo,Miles TM,2008,21.061,0.0,463.2410696745738,414.891,521.78956
andacollo,Miles TM,2009,17.916,1.39,441.4690161908451,414.891,559.66732
andacollo,Miles TM,2010,45.102,0.0,419.3955653813028,414.891,510.37664
andacollo,Miles TM,2011,72.31700000000001,0.0,398.4257871122376,414.891,483.364047619048
andacollo,Miles TM,2012,79.8,0.0,378.5044977566257,414.891,486.746558704453
andacollo,Miles TM,2013,81.10000000000001,0.0,359.5792728687944,414.891,494.995161290323
andacollo,Miles TM,2014,71.8,0.0,341.6003092253547,414.891,570.005903614458
andacollo,Miles TM,2015,73.00000000000001,8.3,332.8202937640869,414.891,654.249
andacollo,Miles TM,2016,73.19999999999999,0.0,316.1792790758826,414.891,676.83242063492
andacollo,Miles TM,2017,76.0,3.9,304.27031512208845,414.891,649.3287854251
andacollo,Miles TM,2018,67.2,0.0,289.05679936598403,414.891,640.290772357724
andacollo,Miles TM,2019,54.000000000000014,100.0,374.6039593976848,414.891,702.631048387097
andacollo,Miles TM,2020,57.39999999999999,0.0,355.87376142780056,414.891,792.221832669323
andacollo,Miles TM,2021,44.779,0.0,338.08007335641054,414.891,759.27284
andacollo,Miles TM,2022,39.468,0.0,321.17606968859,414.891,872.33152
andacollo,Miles TM,2023,39.607,0.0,305.1172662041605,414.891,839.073400809716
andacollo,Miles TM,2024,39.745,0.0,289.86140289395246,414.891,943.582419354839
andacollo,Miles TM,2025,50.48100000000001,0.0,275.3683327492548,414.891,951.641209677419
andina,Miles TM,1982,54.4,0.0,0.0,414.891,66.0208910891089
andina,Miles TM,1983,61.4,0.0,0.0,414.891,78.7665612648221
andina,Miles TM,1984,105.1,0.0,0.0,414.891,98.2334939759036
andina,Miles TM,1985,113.4,0.0,0.0,414.891,160.72584
andina,Miles TM,1986,118.1,0.0,0.0,414.891,192.868112449799
andina,Miles TM,1987,121.6,0.0,0.0,414.891,219.456129032258
andina,Miles TM,1988,131.7,0.0,0.0,414.891,244.98796812749
andina,Miles TM,1989,124.3,0.0,0.0,414.891,266.494777327935
andina,Miles TM,1990,119.1,0.0,0.0,414.891,304.67975708502
andina,Miles TM,1991,114.2,0.0,0.0,414.891,349.114859437751
andina,Miles TM,1992,128.9,0.0,646.0,414.891,362.696144578313
andina,Miles TM,1993,133.9,170.0,783.6999999999999,414.891,404.255238095238
andina,Miles TM,1994,136.4,0.0,744.5149999999999,414.891,420.252420634921
andina,Miles TM,1995,145.8,0.0,707.2892499999998,414.891,396.782056451613
andina,Miles TM,1996,154.4,0.0,671.9247874999998,414.891,412.21904
andina,Miles TM,1997,145.5,0.0,638.3285481249998,414.891,419.248795180723
andina,Miles TM,1998,164.0,0.0,606.4121207187497,414.891,460.319718875502
andina,Miles TM,1999,249.3,0.0,576.0915146828122,414.891,508.897250996016
andina,Miles TM,2000,258.0,0.0,547.2869389486716,414.891,538.871129032258
andina,Miles TM,2001,253.3,650.0,1169.922592001238,414.891,634.428502024292
andina,Miles TM,2002,218.7,0.0,1111.426462401176,414.891,689.242449799197
andina,Miles TM,2003,235.8,2.45,1058.3051392811171,414.891,691.53556
andina,Miles TM,2004,239.9,19.5,1024.8898823170612,414.891,609.54996031746
andina,Miles TM,2005,248.2,500.0,1473.645388201208,414.891,559.862777777778
andina,Miles TM,2006,236.4,0.0,1399.9631187911475,414.891,530.263052208836
andina,Miles TM,2007,218.4,0.0,1329.9649628515904,414.891,522.690688259109
andina,Miles TM,2008,219.5,214.0,1477.4667147090108,414.891,521.78956
andina,Miles TM,2009,209.7,3.0,1406.5933789735602,414.891,559.66732
andina,Miles TM,2010,188.5,328.9,1665.1637100248822,414.891,510.37664
andina,Miles TM,2011,234.39999999999995,7264.0,8845.905524523638,414.891,483.364047619048
andina,Miles TM,2012,249.90000000000003,1600.0,10003.610248297457,414.891,486.746558704453
andina,Miles TM,2013,236.7,6800.0,16303.429735882582,414.891,494.995161290323
andina,Miles TM,2014,232.40000000000003,0.0,15488.258249088452,414.891,570.005903614458
andina,Miles TM,2015,224.29999999999995,0.0,14713.845336634027,414.891,654.249
andina,Miles TM,2016,193.4,14.0,13992.153069802329,414.891,676.83242063492
andina,Miles TM,2017,220.00000000000003,76.5,13369.04541631221,414.891,649.3287854251
andina,Miles TM,2018,195.5,250.0,12950.5931454966,414.891,640.290772357724
andina,Miles TM,2019,170.29999999999998,0.0,12303.06348822177,414.891,702.631048387097
andina,Miles TM,2020,184.5,0.0,11687.91031381068,414.891,792.221832669323
andina,Miles TM,2021,177.215,0.0,11103.514798120146,414.891,759.27284
andina,Miles TM,2022,176.99999999999997,0.0,10548.339058214138,414.891,872.33152
andina,Miles TM,2023,164.54399999999998,0.2,10021.122105303431,414.891,839.073400809716
andina,Miles TM,2024,181.609,0.0,9520.06600003826,414.891,943.582419354839
andina,Miles TM,2025,181.62,0.0,9044.062700036346,414.891,951.641209677419
antucoya,Miles TM,1982,0.0,0.0,0.0,414.891,66.0208910891089
antucoya,Miles TM,1983,0.0,0.0,0.0,414.891,78.7665612648221
antucoya,Miles TM,1984,0.0,0.0,0.0,414.891,98.2334939759036
antucoya,Miles TM,1985,0.0,0.0,0.0,414.891,160.72584
antucoya,Miles TM,1986,0.0,0.0,0.0,414.891,192.868112449799
antucoya,Miles TM,1987,0.0,0.0,0.0,414.891,219.456129032258
antucoya,Miles TM,1988,0.0,0.0,0.0,414.891,244.98796812749
antucoya,Miles TM,1989,0.0,0.0,0.0,414.891,266.494777327935
antucoya,Miles TM,1990,0.0,0.0,0.0,414.891,304.67975708502
antucoya,Miles TM,1991,0.0,0.0,0.0,414.891,349.114859437751
antucoya,Miles TM,1992,0.0,0.0,0.0,414.891,362.696144578313
antucoya,Miles TM,1993,0.0,0.0,0.0,414.891,404.255238095238
antucoya,Miles TM,1994,0.0,0.0,0.0,414.891,420.252420634921
antucoya,Miles TM,1995,0.0,0.0,0.0,414.891,396.782056451613
antucoya,Miles TM,1996,0.0,0.0,0.0,414.891,412.21904
antucoya,Miles TM,1997,0.0,0.0,0.0,414.891,419.248795180723
antucoya,Miles TM,1998,0.0,0.0,0.0,414.891,460.319718875502
antucoya,Miles TM,1999,0.0,0.0,0.0,414.891,508.897250996016
antucoya,Miles TM,2000,0.0,0.0,0.0,414.891,538.871129032258
antucoya,Miles TM,2001,0.0,0.0,0.0,414.891,634.428502024292
antucoya,Miles TM,2002,0.0,0.0,0.0,414.891,689.242449799197
antucoya,Miles TM,2003,0.0,0.0,0.0,414.891,691.53556
antucoya,Miles TM,2004,0.0,0.0,0.0,414.891,609.54996031746
antucoya,Miles TM,2005,0.0,0.0,0.0,414.891,559.862777777778
antucoya,Miles TM,2006,0.0,0.0,0.0,414.891,530.263052208836
antucoya,Miles TM,2007,0.0,0.0,0.0,414.891,522.690688259109
antucoya,Miles TM,2008,0.0,0.0,0.0,414.891,521.78956
antucoya,Miles TM,2009,0.0,8.0,8.0,414.891,559.66732
antucoya,Miles TM,2010,0.0,950.0,957.6,414.891,510.37664
antucoya,Miles TM,2011,0.0,0.0,909.72,414.891,483.364047619048
antucoya,Miles TM,2012,0.0,0.0,864.234,414.891,486.746558704453
antucoya,Miles TM,2013,0.0,0.0,821.0223,414.891,494.995161290323
antucoya,Miles TM,2014,0.0,0.0,779.971185,414.891,570.005903614458
antucoya,Miles TM,2015,12.2,0.0,740.9726257499999,414.891,654.249
antucoya,Miles TM,2016,66.2,0.0,703.9239944624999,414.891,676.83242063492
antucoya,Miles TM,2017,80.50000000000001,0.0,668.7277947393749,414.891,649.3287854251
antucoya,Miles TM,2018,72.2,0.0,635.2914050024061,414.891,640.290772357724
antucoya,Miles TM,2019,71.9,0.0,603.5268347522858,414.891,702.631048387097
antucoya,Miles TM,2020,79.3,208.0,781.3504930146715,414.891,792.221832669323
antucoya,Miles TM,2021,78.578,0.0,742.2829683639379,414.891,759.27284
antucoya,Miles TM,2022,79.233,0.0,705.168819945741,414.891,872.33152
antucoya,Miles TM,2023,77.841,0.0,669.910378948454,414.891,839.073400809716
antucoya,Miles TM,2024,80.379,0.0,636.4148600010312,414.891,943.582419354839
antucoya,Miles TM,2025,81.159,0.0,604.5941170009796,414.891,951.641209677419
atacama kozan,Miles TM,2014,13.7,0.0,0.0,414.891,570.005903614458
atacama kozan,Miles TM,2015,14.1,0.0,0.0,414.891,654.249
atacama kozan,Miles TM,2016,13.1,0.0,0.0,414.891,676.83242063492
atacama kozan,Miles TM,2017,10.1,0.0,0.0,414.891,649.3287854251
atacama kozan,Miles TM,2018,12.2,0.0,0.0,414.891,640.290772357724
atacama kozan,Miles TM,2019,12.5,0.0,0.0,414.891,702.631048387097
atacama kozan,Miles TM,2020,13.209,0.0,0.0,414.891,792.221832669323
atacama kozan,Miles TM,2021,12.215,0.0,0.0,414.891,759.27284
atacama kozan,Miles TM,2022,13.793,0.0,0.0,414.891,872.33152
atacama kozan,Miles TM,2023,13.665,0.0,0.0,414.891,839.073400809716
atacama kozan,Miles TM,2024,11.501,0.0,0.0,414.891,943.582419354839
atacama kozan,Miles TM,2025,11.623,0.0,0.0,414.891,951.641209677419
candelaria,Miles TM,1982,0.0,0.0,0.0,414.891,66.0208910891089
candelaria,Miles TM,1983,0.0,0.0,0.0,414.891,78.7665612648221
candelaria,Miles TM,1984,0.0,0.0,0.0,414.891,98.2334939759036
candelaria,Miles TM,1985,0.0,0.0,0.0,414.891,160.72584
candelaria,Miles TM,1986,0.0,0.0,0.0,414.891,192.868112449799
candelaria,Miles TM,1987,0.0,0.0,0.0,414.891,219.456129032258
candelaria,Miles TM,1988,0.0,0.0,0.0,414.891,244.98796812749
candelaria,Miles TM,1989,0.0,0.0,0.0,414.891,266.494777327935
candelaria,Miles TM,1990,0.0,0.0,0.0,414.891,304.67975708502
candelaria,Miles TM,1991,0.0,0.0,0.0,414.891,349.114859437751
candelaria,Miles TM,1992,0.0,560.0,3968.6,414.891,362.696144578313
candelaria,Miles TM,1993,0.0,0.0,3770.17,414.891,404.255238095238
candelaria,Miles TM,1994,30.9,0.0,3581.6615,414.891,420.252420634921
candelaria,Miles TM,1995,150.3,0.0,3402.5784249999992,414.891,396.782056451613
candelaria,Miles TM,1996,136.8,337.0,3569.449503749999,414.891,412.21904
candelaria,Miles TM,1997,155.7,0.0,3390.977028562499,414.891,419.248795180723
candelaria,Miles TM,1998,215.0,0.0,3221.428177134374,414.891,460.319718875502
candelaria,Miles TM,1999,226.9,0.0,3060.356768277655,414.891,508.897250996016
candelaria,Miles TM,2000,203.9,0.0,2907.338929863772,414.891,538.871129032258
candelaria,Miles TM,2001,220.6,2.0,2763.9719833705835,414.891,634.428502024292
candelaria,Miles TM,2002,199.1,0.0,2625.7733842020543,414.891,689.242449799197
candelaria,Miles TM,2003,212.7,32.0,2526.4847149919515,414.891,691.53556
candelaria,Miles TM,2004,200.0,0.0,2400.1604792423536,414.891,609.54996031746
candelaria,Miles TM,2005,162.7,14.144,2294.2964552802355,414.891,559.862777777778
candelaria,Miles TM,2006,169.6,0.0,2179.581632516224,414.891,530.263052208836
candelaria,Miles TM,2007,181.0,53.504000000000005,2124.106550890412,414.891,522.690688259109
candelaria,Miles TM,2008,173.50000000000003,0.0,2017.901223345892,414.891,521.78956
candelaria,Miles TM,2009,134.20000000000002,0.0,1917.0061621785967,414.891,559.66732
candelaria,Miles TM,2010,136.4,0.0,1821.1558540696667,414.891,510.37664
candelaria,Miles TM,2011,148.4,14.5,1744.5980613661832,414.891,483.364047619048
candelaria,Miles TM,2012,122.79999999999998,0.0,1657.3681582978738,414.891,486.746558704453
candelaria,Miles TM,2013,167.99999999999997,460.0,2034.49975038298,414.891,494.995161290323
candelaria,Miles TM,2014,134.70000000000002,0.0,1932.7747628638308,414.891,570.005903614458
candelaria,Miles TM,2015,150.2,0.0,1836.1360247206392,414.891,654.249
candelaria,Miles TM,2016,135.39999999999998,0.0,1744.3292234846072,414.891,676.83242063492
candelaria,Miles TM,2017,150.30000000000004,0.0,1657.1127623103766,414.891,649.3287854251
candelaria,Miles TM,2018,101.7,0.0,1574.2571241948576,414.891,640.290772357724
candelaria,Miles TM,2019,111.4,0.0,1495.5442679851146,414.891,702.631048387097
candelaria,Miles TM,2020,94.79999999999998,600.0,2020.767054585859,414.891,792.221832669323
candelaria,Miles TM,2021,118.626,0.0,1919.7287018565653,414.891,759.27284
candelaria,Miles TM,2022,126.382,0.0,1823.7422667637368,414.891,872.33152
candelaria,Miles TM,2023,130.91899999999998,0.0,1732.5551534255503,414.891,839.073400809716
candelaria,Miles TM,2024,142.066,0.0,1645.927395754273,414.891,943.582419354839
candelaria,Miles TM,2025,125.182,0.0,1563.6310259665593,414.891,951.641209677419
capstone copper (4),Miles TM,1982,57.0,0.0,0.0,414.891,66.0208910891089
capstone copper (4),Miles TM,1983,33.9,0.0,0.0,414.891,78.7665612648221
capstone copper (4),Miles TM,1984,39.3,0.0,0.0,414.891,98.2334939759036
capstone copper (4),Miles TM,1985,56.8,0.0,0.0,414.891,160.72584
capstone copper (4),Miles TM,1986,57.3,0.0,0.0,414.891,192.868112449799
capstone copper (4),Miles TM,1987,85.7,0.0,0.0,414.891,219.456129032258
capstone copper (4),Miles TM,1988,79.0,0.0,0.0,414.891,244.98796812749
capstone copper (4),Miles TM,1989,74.5,0.0,0.0,414.891,266.494777327935
capstone copper (4),Miles TM,1990,72.5,0.0,0.0,414.891,304.67975708502
capstone copper (4),Miles TM,1991,78.5,0.0,0.0,414.891,349.114859437751
capstone copper (4),Miles TM,1992,69.4,0.0,0.0,414.891,362.696144578313
capstone copper (4),Miles TM,1993,74.9,0.0,0.0,414.891,404.255238095238
capstone copper (4),Miles TM,1994,77.5,0.0,0.0,414.891,420.252420634921
capstone copper (4),Miles TM,1995,76.0,0.0,0.0,414.891,396.782056451613
capstone copper (4),Miles TM,1996,122.4,0.0,0.0,414.891,412.21904
capstone copper (4),Miles TM,1997,132.9,0.0,0.0,414.891,419.248795180723
capstone copper (4),Miles TM,1998,138.1,0.0,0.0,414.891,460.319718875502
capstone copper (4),Miles TM,1999,151.6,0.0,0.0,414.891,508.897250996016
capstone copper (4),Miles TM,2000,155.3,0.0,0.0,414.891,538.871129032258
capstone copper (4),Miles TM,2001,156.9,0.0,0.0,414.891,634.428502024292
capstone copper (4),Miles TM,2002,153.4,0.0,0.0,414.891,689.242449799197
capstone copper (4),Miles TM,2003,147.1,0.0,0.0,414.891,691.53556
capstone copper (4),Miles TM,2004,155.0,0.0,0.0,414.891,609.54996031746
capstone copper (4),Miles TM,2005,149.7,0.0,0.0,414.891,559.862777777778
capstone copper (4),Miles TM,2006,152.1,0.0,0.0,414.891,530.263052208836
capstone copper (4),Miles TM,2007,151.6,0.0,0.0,414.891,522.690688259109
capstone copper (4),Miles TM,2008,148.9,0.0,0.0,414.891,521.78956
capstone copper (4),Miles TM,2009,151.6,0.0,0.0,414.891,559.66732
capstone copper (4),Miles TM,2010,139.6,0.0,0.0,414.891,510.37664
capstone copper (4),Miles TM,2011,130.89999999999998,0.0,0.0,414.891,483.364047619048
capstone copper (4),Miles TM,2012,115.0,0.0,0.0,414.891,486.746558704453
capstone copper (4),Miles TM,2013,111.3,0.0,0.0,414.891,494.995161290323
capstone copper (4),Miles TM,2014,104.2,0.0,0.0,414.891,570.005903614458
capstone copper (4),Miles TM,2015,106.3,0.0,0.0,414.891,654.249
capstone copper (4),Miles TM,2016,99.1,0.0,0.0,414.891,676.83242063492
capstone copper (4),Miles TM,2017,87.80000000000001,0.0,0.0,414.891,649.3287854251
capstone copper (4),Miles TM,2018,83.5,0.0,0.0,414.891,640.290772357724
capstone copper (4),Miles TM,2019,86.3,0.0,0.0,414.891,702.631048387097
capstone copper (4),Miles TM,2020,78.60000000000001,0.0,0.0,414.891,792.221832669323
capstone copper (4),Miles TM,2021,94.718,0.0,0.0,414.891,759.27284
capstone copper (4),Miles TM,2022,98.031,0.0,0.0,414.891,872.33152
capstone copper (4),Miles TM,2023,85.512,0.0,0.0,414.891,839.073400809716
capstone copper (4),Miles TM,2024,102.27664868240932,0.0,0.0,414.891,943.582419354839
capstone copper (4),Miles TM,2025,157.0339196678543,0.0,0.0,414.891,951.641209677419
caserones,Miles TM,1982,0.0,0.0,0.0,414.891,66.0208910891089
caserones,Miles TM,1983,0.0,0.0,0.0,414.891,78.7665612648221
caserones,Miles TM,1984,0.0,0.0,0.0,414.891,98.2334939759036
caserones,Miles TM,1985,0.0,0.0,0.0,414.891,160.72584
caserones,Miles TM,1986,0.0,0.0,0.0,414.891,192.868112449799
caserones,Miles TM,1987,0.0,0.0,0.0,414.891,219.456129032258
caserones,Miles TM,1988,0.0,0.0,0.0,414.891,244.98796812749
caserones,Miles TM,1989,0.0,0.0,0.0,414.891,266.494777327935
caserones,Miles TM,1990,0.0,0.0,0.0,414.891,304.67975708502
caserones,Miles TM,1991,0.0,0.0,0.0,414.891,349.114859437751
caserones,Miles TM,1992,0.0,0.0,0.0,414.891,362.696144578313
caserones,Miles TM,1993,0.0,0.0,0.0,414.891,404.255238095238
caserones,Miles TM,1994,0.0,0.0,0.0,414.891,420.252420634921
caserones,Miles TM,1995,0.0,0.0,0.0,414.891,396.782056451613
caserones,Miles TM,1996,0.0,0.0,0.0,414.891,412.21904
caserones,Miles TM,1997,0.0,0.0,0.0,414.891,419.248795180723
caserones,Miles TM,1998,0.0,0.0,0.0,414.891,460.319718875502
caserones,Miles TM,1999,0.0,0.0,0.0,414.891,508.897250996016
caserones,Miles TM,2000,0.0,0.0,0.0,414.891,538.871129032258
caserones,Miles TM,2001,0.0,0.0,0.0,414.891,634.428502024292
caserones,Miles TM,2002,0.0,0.0,0.0,414.891,689.242449799197
caserones,Miles TM,2003,0.0,0.0,0.0,414.891,691.53556
caserones,Miles TM,2004,0.0,0.0,0.0,414.891,609.54996031746
caserones,Miles TM,2005,0.0,0.0,0.0,414.891,559.862777777778
caserones,Miles TM,2006,0.0,0.0,0.0,414.891,530.263052208836
caserones,Miles TM,2007,0.0,0.0,0.0,414.891,522.690688259109
caserones,Miles TM,2008,0.0,0.0,0.0,414.891,521.78956
caserones,Miles TM,2009,0.0,0.0,0.0,414.891,559.66732
caserones,Miles TM,2010,0.0,0.0,0.0,414.891,510.37664
caserones,Miles TM,2011,0.0,0.0,0.0,414.891,483.364047619048
caserones,Miles TM,2012,0.0,0.0,0.0,414.891,486.746558704453
caserones,Miles TM,2013,16.2,0.0,0.0,414.891,494.995161290323
caserones,Miles TM,2014,44.6,0.0,0.0,414.891,570.005903614458
caserones,Miles TM,2015,74.89999999999999,0.0,0.0,414.891,654.249
caserones,Miles TM,2016,117.3,0.0,0.0,414.891,676.83242063492
caserones,Miles TM,2017,122.8,0.0,0.0,414.891,649.3287854251
caserones,Miles TM,2018,136.5,0.0,0.0,414.891,640.290772357724
caserones,Miles TM,2019,145.5,0.0,0.0,414.891,702.631048387097
caserones,Miles TM,2020,126.40000000000002,0.0,0.0,414.891,792.221832669323
caserones,Miles TM,2021,109.675,0.0,0.0,414.891,759.27284
caserones,Miles TM,2022,124.13,0.0,0.0,414.891,872.33152
caserones,Miles TM,2023,137.148,0.0,0.0,414.891,839.073400809716
caserones,Miles TM,2024,124.612,0.0,0.0,414.891,943.582419354839
caserones,Miles TM,2025,132.882,0.0,0.0,414.891,951.641209677419
centinela_centinela_sulfuros_,Miles TM,1982,0.0,0.0,0.0,414.891,66.0208910891089
centinela_centinela_sulfuros_,Miles TM,1983,0.0,0.0,0.0,414.891,78.7665612648221
centinela_centinela_sulfuros_,Miles TM,1984,0.0,0.0,0.0,414.891,98.2334939759036
centinela_centinela_sulfuros_,Miles TM,1985,0.0,0.0,0.0,414.891,160.72584
centinela_centinela_sulfuros_,Miles TM,1986,0.0,0.0,0.0,414.891,192.868112449799
centinela_centinela_sulfuros_,Miles TM,1987,0.0,0.0,0.0,414.891,219.456129032258
centinela_centinela_sulfuros_,Miles TM,1988,0.0,0.0,0.0,414.891,244.98796812749
centinela_centinela_sulfuros_,Miles TM,1989,0.0,0.0,0.0,414.891,266.494777327935
centinela_centinela_sulfuros_,Miles TM,1990,0.0,0.0,0.0,414.891,304.67975708502
centinela_centinela_sulfuros_,Miles TM,1991,0.0,0.0,0.0,414.891,349.114859437751
centinela_centinela_sulfuros_,Miles TM,1992,0.0,0.0,0.0,414.891,362.696144578313
centinela_centinela_sulfuros_,Miles TM,1993,0.0,0.0,0.0,414.891,404.255238095238
centinela_centinela_sulfuros_,Miles TM,1994,0.0,0.0,0.0,414.891,420.252420634921
centinela_centinela_sulfuros_,Miles TM,1995,0.0,0.0,0.0,414.891,396.782056451613
centinela_centinela_sulfuros_,Miles TM,1996,0.0,0.0,0.0,414.891,412.21904
centinela_centinela_sulfuros_,Miles TM,1997,0.0,121.00907849784647,121.00907849784647,414.891,419.248795180723
centinela_centinela_sulfuros_,Miles TM,1998,0.0,0.0,114.95862457295416,414.891,460.319718875502
centinela_centinela_sulfuros_,Miles TM,1999,0.0,0.0,109.21069334430643,414.891,508.897250996016
centinela_centinela_sulfuros_,Miles TM,2000,0.0,0.0,103.75015867709112,414.891,538.871129032258
centinela_centinela_sulfuros_,Miles TM,2001,0.0,0.0,98.56265074323656,414.891,634.428502024292
centinela_centinela_sulfuros_,Miles TM,2002,0.0,0.0,93.63451820607474,414.891,689.242449799197
centinela_centinela_sulfuros_,Miles TM,2003,0.0,0.0,88.95279229577099,414.891,691.53556
centinela_centinela_sulfuros_,Miles TM,2004,0.0,0.0,84.50515268098243,414.891,609.54996031746
centinela_centinela_sulfuros_,Miles TM,2005,0.0,1.052252856503013e-05,80.27990556946187,414.891,559.862777777778
centinela_centinela_sulfuros_,Miles TM,2006,0.0,0.0,76.26591029098877,414.891,530.263052208836
centinela_centinela_sulfuros_,Miles TM,2007,0.0,838.2404092831476,910.693024059587,414.891,522.690688259109
centinela_centinela_sulfuros_,Miles TM,2008,0.0,39.45948211886299,904.6178549754704,414.891,521.78956
centinela_centinela_sulfuros_,Miles TM,2009,0.0,0.0,859.3869622266969,414.891,559.66732
centinela_centinela_sulfuros_,Miles TM,2010,0.0,41.379843581980985,857.7974576973431,414.891,510.37664
centinela_centinela_sulfuros_,Miles TM,2011,96.6,105.22528565030127,920.1328704627772,414.891,483.364047619048
centinela_centinela_sulfuros_,Miles TM,2012,173.20000000000002,315.6758569509039,1189.8020838905425,414.891,486.746558704453
centinela_centinela_sulfuros_,Miles TM,2013,177.1,184.14424988802728,1314.4562295840426,414.891,494.995161290323
centinela_centinela_sulfuros_,Miles TM,2014,180.7,68.39643567269584,1317.1298537775365,414.891,570.005903614458
centinela_centinela_sulfuros_,Miles TM,2015,145.20000000000002,2330.7401297668166,3582.013490855476,414.891,654.249
centinela_centinela_sulfuros_,Miles TM,2016,180.4,15.257666419293688,3418.1704827319954,414.891,676.83242063492
centinela_centinela_sulfuros_,Miles TM,2017,163.8,242.01815699569292,3489.280115591089,414.891,649.3287854251
centinela_centinela_sulfuros_,Miles TM,2018,155.4,8.94414928027561,3323.76025909181,414.891,640.290772357724
centinela_centinela_sulfuros_,Miles TM,2019,195.5,0.0,3157.572246137219,414.891,702.631048387097
centinela_centinela_sulfuros_,Miles TM,2020,153.5,157.83792847545195,3157.53156230581,414.891,792.221832669323
centinela_centinela_sulfuros_,Miles TM,2021,185.352,235.7046398566749,3235.3596240471943,414.891,759.27284
centinela_centinela_sulfuros_,Miles TM,2022,149.305,0.0,3073.5916428448345,414.891,872.33152
centinela_centinela_sulfuros_,Miles TM,2023,162.6809796457114,0.0,2919.9120607025925,414.891,839.073400809716
centinela_centinela_sulfuros_,Miles TM,2024,121.839,0.0,2773.916457667463,414.891,943.582419354839
centinela_centinela_sulfuros_,Miles TM,2025,174.32299999999998,3.760751709141768,2638.981386493231,414.891,951.641209677419
centinela_centinela_óxidos_,Miles TM,1982,0.0,0.0,0.0,414.891,66.0208910891089
centinela_centinela_óxidos_,Miles TM,1983,0.0,0.0,0.0,414.891,78.7665612648221
centinela_centinela_óxidos_,Miles TM,1984,0.0,0.0,0.0,414.891,98.2334939759036
centinela_centinela_óxidos_,Miles TM,1985,0.0,0.0,0.0,414.891,160.72584
centinela_centinela_óxidos_,Miles TM,1986,0.0,0.0,0.0,414.891,192.868112449799
centinela_centinela_óxidos_,Miles TM,1987,0.0,0.0,0.0,414.891,219.456129032258
centinela_centinela_óxidos_,Miles TM,1988,0.0,0.0,0.0,414.891,244.98796812749
centinela_centinela_óxidos_,Miles TM,1989,0.0,0.0,0.0,414.891,266.494777327935
centinela_centinela_óxidos_,Miles TM,1990,0.0,0.0,0.0,414.891,304.67975708502
centinela_centinela_óxidos_,Miles TM,1991,0.0,0.0,0.0,414.891,349.114859437751
centinela_centinela_óxidos_,Miles TM,1992,0.0,0.0,0.0,414.891,362.696144578313
centinela_centinela_óxidos_,Miles TM,1993,0.0,0.0,0.0,414.891,404.255238095238
centinela_centinela_óxidos_,Miles TM,1994,0.0,0.0,0.0,414.891,420.252420634921
centinela_centinela_óxidos_,Miles TM,1995,0.0,0.0,0.0,414.891,396.782056451613
centinela_centinela_óxidos_,Miles TM,1996,0.0,0.0,0.0,414.891,412.21904
centinela_centinela_óxidos_,Miles TM,1997,0.0,108.99092150215348,108.99092150215348,414.891,419.248795180723
centinela_centinela_óxidos_,Miles TM,1998,0.0,0.0,103.5413754270458,414.891,460.319718875502
centinela_centinela_óxidos_,Miles TM,1999,0.0,0.0,98.36430665569353,414.891,508.897250996016
centinela_centinela_óxidos_,Miles TM,2000,0.0,0.0,93.44609132290884,414.891,538.871129032258
centinela_centinela_óxidos_,Miles TM,2001,43.0,0.0,88.7737867567634,414.891,634.428502024292
centinela_centinela_óxidos_,Miles TM,2002,84.3,0.0,84.33509741892523,414.891,689.242449799197
centinela_centinela_óxidos_,Miles TM,2003,92.4,0.0,80.11834254797895,414.891,691.53556
centinela_centinela_óxidos_,Miles TM,2004,97.8,0.0,76.11242542058001,414.891,609.54996031746
centinela_centinela_óxidos_,Miles TM,2005,98.1,9.47747143496987e-06,72.30681362702244,414.891,559.862777777778
centinela_centinela_óxidos_,Miles TM,2006,94.0,0.0,68.69147294567131,414.891,530.263052208836
centinela_centinela_óxidos_,Miles TM,2007,93.0,754.9895907168521,820.2464900152398,414.891,522.690688259109
centinela_centinela_óxidos_,Miles TM,2008,90.8,35.540517881137006,814.7746833956148,414.891,521.78956
centinela_centinela_óxidos_,Miles TM,2009,90.2,0.0,774.0359492258341,414.891,559.66732
centinela_centinela_óxidos_,Miles TM,2010,95.29999999999998,37.27015641801901,772.6043081825615,414.891,510.37664
centinela_centinela_óxidos_,Miles TM,2011,97.1,94.77471434969868,828.748807123132,414.891,483.364047619048
centinela_centinela_óxidos_,Miles TM,2012,105.0,284.32414304909605,1071.6355098160716,414.891,486.746558704453
centinela_centinela_óxidos_,Miles TM,2013,102.6,165.8557501119727,1183.9094844372407,414.891,494.995161290323
centinela_centinela_óxidos_,Miles TM,2014,93.8,61.60356432730415,1186.317574542683,414.891,570.005903614458
centinela_centinela_óxidos_,Miles TM,2015,75.9,2099.259970233183,3226.261666048732,414.891,654.249
centinela_centinela_óxidos_,Miles TM,2016,55.8,13.74233358070631,3078.690916327001,414.891,676.83242063492
centinela_centinela_óxidos_,Miles TM,2017,64.5,217.98184300430697,3142.7382135149583,414.891,649.3287854251
centinela_centinela_óxidos_,Miles TM,2018,92.6,8.055850719724388,2993.6571535589346,414.891,640.290772357724
centinela_centinela_óxidos_,Miles TM,2019,81.10000000000001,0.0,2843.9742958809875,414.891,702.631048387097
centinela_centinela_óxidos_,Miles TM,2020,93.3,142.16207152454805,2843.937652611486,414.891,792.221832669323
centinela_centinela_óxidos_,Miles TM,2021,88.843,212.29536014332507,2914.036130124237,414.891,759.27284
centinela_centinela_óxidos_,Miles TM,2022,98.201,0.0,2768.334323618025,414.891,872.33152
centinela_centinela_óxidos_,Miles TM,2023,79.290387,0.0,2629.9176074371235,414.891,839.073400809716
centinela_centinela_óxidos_,Miles TM,2024,102.003,0.0,2498.4217270652675,414.891,943.582419354839
centinela_centinela_óxidos_,Miles TM,2025,66.124,3.387248290858231,2376.887889002862,414.891,951.641209677419
cerro colorado,Miles TM,1982,0.0,0.0,0.0,414.891,66.0208910891089
cerro colorado,Miles TM,1983,0.0,0.0,0.0,414.891,78.7665612648221
cerro colorado,Miles TM,1984,0.0,0.0,0.0,414.891,98.2334939759036
cerro colorado,Miles TM,1985,0.0,0.0,0.0,414.891,160.72584
cerro colorado,Miles TM,1986,0.0,0.0,0.0,414.891,192.868112449799
cerro colorado,Miles TM,1987,0.0,0.0,0.0,414.891,219.456129032258
cerro colorado,Miles TM,1988,0.0,0.0,0.0,414.891,244.98796812749
cerro colorado,Miles TM,1989,0.0,0.0,0.0,414.891,266.494777327935
cerro colorado,Miles TM,1990,0.0,0.0,0.0,414.891,304.67975708502
cerro colorado,Miles TM,1991,0.0,0.0,0.0,414.891,349.114859437751
cerro colorado,Miles TM,1992,0.0,0.0,0.0,414.891,362.696144578313
cerro colorado,Miles TM,1993,0.0,0.0,0.0,414.891,404.255238095238
cerro colorado,Miles TM,1994,21.3,0.0,0.0,414.891,420.252420634921
cerro colorado,Miles TM,1995,36.4,0.0,0.0,414.891,396.782056451613
cerro colorado,Miles TM,1996,59.3,0.0,0.0,414.891,412.21904
cerro colorado,Miles TM,1997,60.3,190.0,190.0,414.891,419.248795180723
cerro colorado,Miles TM,1998,75.0,0.0,180.5,414.891,460.319718875502
cerro colorado,Miles TM,1999,100.2,0.0,171.475,414.891,508.897250996016
cerro colorado,Miles TM,2000,119.2,0.0,162.90124999999998,414.891,538.871129032258
cerro colorado,Miles TM,2001,133.9,0.0,154.75618749999998,414.891,634.428502024292
cerro colorado,Miles TM,2002,128.3,3.54,150.55837812499996,414.891,689.242449799197
cerro colorado,Miles TM,2003,131.5,0.0,143.03045921874997,414.891,691.53556
cerro colorado,Miles TM,2004,119.5,0.0,135.87893625781246,414.891,609.54996031746
cerro colorado,Miles TM,2005,90.4,0.0,129.08498944492183,414.891,559.862777777778
cerro colorado,Miles TM,2006,115.5,30.0,152.6307399726757,414.891,530.263052208836
cerro colorado,Miles TM,2007,98.7,64.0,208.9992029740419,414.891,522.690688259109
cerro colorado,Miles TM,2008,104.2,0.0,198.5492428253398,414.891,521.78956
cerro colorado,Miles TM,2009,93.7,9.0,197.6217806840728,414.891,559.66732
cerro colorado,Miles TM,2010,88.99999999999999,0.0,187.74069164986915,414.891,510.37664
cerro colorado,Miles TM,2011,94.3,1.67,180.02365706737567,414.891,483.364047619048
cerro colorado,Miles TM,2012,73.1,0.0,171.02247421400688,414.891,486.746558704453
cerro colorado,Miles TM,2013,73.60000000000001,467.2,629.6713505033065,414.891,494.995161290323
cerro colorado,Miles TM,2014,79.6,0.0,598.1877829781412,414.891,570.005903614458
cerro colorado,Miles TM,2015,74.39999999999999,0.0,568.2783938292341,414.891,654.249
cerro colorado,Miles TM,2016,74.0,0.0,539.8644741377724,414.891,676.83242063492
cerro colorado,Miles TM,2017,66.19999999999999,0.0,512.8712504308837,414.891,649.3287854251
cerro colorado,Miles TM,2018,66.19999999999999,12.7,499.9276879093395,414.891,640.290772357724
cerro colorado,Miles TM,2019,71.7,0.0,474.9313035138725,414.891,702.631048387097
cerro colorado,Miles TM,2020,68.9,0.0,451.1847383381789,414.891,792.221832669323
cerro colorado,Miles TM,2021,57.438,0.0,428.6255014212699,414.891,759.27284
cerro colorado,Miles TM,2022,51.262,0.0,407.1942263502064,414.891,872.33152
cerro colorado,Miles TM,2023,35.354,0.0,386.83451503269606,414.891,839.073400809716
cerro colorado,Miles TM,2024,0.0,60.0,427.4927892810612,414.891,943.582419354839
cerro colorado,Miles TM,2025,0.0,60.0,466.11814981700815,414.891,951.641209677419
cerro negro,Miles TM,2014,5.979,0.0,0.0,414.891,570.005903614458
cerro negro,Miles TM,2015,5.473,0.0,0.0,414.891,654.249
cerro negro,Miles TM,2016,5.229,0.0,0.0,414.891,676.83242063492
cerro negro,Miles TM,2017,3.58,0.0,0.0,414.891,649.3287854251
cerro negro,Miles TM,2018,4.636,0.0,0.0,414.891,640.290772357724
cerro negro,Miles TM,2019,5.225,0.0,0.0,414.891,702.631048387097
cerro negro,Miles TM,2020,4.772,0.0,0.0,414.891,792.221832669323
cerro negro,Miles TM,2021,4.57,0.0,0.0,414.891,759.27284
cerro negro,Miles TM,2022,4.139,0.0,0.0,414.891,872.33152
cerro negro,Miles TM,2023,4.29,0.0,0.0,414.891,839.073400809716
cerro negro,Miles TM,2024,4.182,0.0,0.0,414.891,943.582419354839
cerro negro,Miles TM,2025,4.072,0.0,0.0,414.891,951.641209677419
chuquicamata,Miles TM,1982,552.8,0.0,0.0,414.891,66.0208910891089
chuquicamata,Miles TM,1983,558.8,0.0,0.0,414.891,78.7665612648221
chuquicamata,Miles TM,1984,563.0,0.0,0.0,414.891,98.2334939759036
chuquicamata,Miles TM,1985,549.1,0.0,0.0,414.891,160.72584
chuquicamata,Miles TM,1986,515.8,0.0,0.0,414.891,192.868112449799
chuquicamata,Miles TM,1987,502.9,0.0,0.0,414.891,219.456129032258
chuquicamata,Miles TM,1988,519.0,0.0,0.0,414.891,244.98796812749
chuquicamata,Miles TM,1989,660.4,0.0,0.0,414.891,266.494777327935
chuquicamata,Miles TM,1990,680.7,0.0,0.0,414.891,304.67975708502
chuquicamata,Miles TM,1991,641.4,0.0,0.0,414.891,349.114859437751
chuquicamata,Miles TM,1992,628.2,0.0,152.0,414.891,362.696144578313
chuquicamata,Miles TM,1993,616.7,0.0,144.4,414.891,404.255238095238
chuquicamata,Miles TM,1994,606.2,0.0,137.18,414.891,420.252420634921
chuquicamata,Miles TM,1995,610.2,40.0,170.321,414.891,396.782056451613
chuquicamata,Miles TM,1996,632.3,0.0,161.80495,414.891,412.21904
chuquicamata,Miles TM,1997,650.2,0.0,153.7147025,414.891,419.248795180723
chuquicamata,Miles TM,1998,650.2,11.1,157.12896737499997,414.891,460.319718875502
chuquicamata,Miles TM,1999,630.1,0.0,149.27251900624998,414.891,508.897250996016
chuquicamata,Miles TM,2000,630.1,16.91,158.71889305593746,414.891,538.871129032258
chuquicamata,Miles TM,2001,641.9,83.74000000000001,234.5229484031406,414.891,634.428502024292
chuquicamata,Miles TM,2002,596.8,0.0,222.7968009829836,414.891,689.242449799197
chuquicamata,Miles TM,2003,601.1,188.697,400.3539609338344,414.891,691.53556
chuquicamata,Miles TM,2004,691.8,0.0,380.3362628871426,414.891,609.54996031746
chuquicamata,Miles TM,2005,676.1,0.0,361.3194497427854,414.891,559.862777777778
chuquicamata,Miles TM,2006,634.0,0.0,343.25347725564615,414.891,530.263052208836
chuquicamata,Miles TM,2007,615.0,0.0,326.09080339286385,414.891,522.690688259109
chuquicamata,Miles TM,2008,469.9,101.97167,411.7579332232207,414.891,521.78956
chuquicamata,Miles TM,2009,574.0,83.584128,474.75416456205966,414.891,559.66732
chuquicamata,Miles TM,2010,528.4,2089.102,2540.1184563339566,414.891,510.37664
chuquicamata,Miles TM,2011,443.4,244.0,2657.1125335172587,414.891,483.364047619048
chuquicamata,Miles TM,2012,355.9,0.0,2524.2569068413954,414.891,486.746558704453
chuquicamata,Miles TM,2013,339.0,73.58800000000001,2471.6320614993256,414.891,494.995161290323
chuquicamata,Miles TM,2014,340.4,20.456000000000003,2368.506458424359,414.891,570.005903614458
chuquicamata,Miles TM,2015,308.6,77.753,2327.834135503141,414.891,654.249
chuquicamata,Miles TM,2016,302.0,118.241,2329.683428727984,414.891,676.83242063492
chuquicamata,Miles TM,2017,330.9,1400.0,3613.1992572915847,414.891,649.3287854251
chuquicamata,Miles TM,2018,320.7,0.0,3432.539294427005,414.891,640.290772357724
chuquicamata,Miles TM,2019,385.3,0.0,3260.912329705655,414.891,702.631048387097
chuquicamata,Miles TM,2020,400.7,0.0,3097.866713220372,414.891,792.221832669323
chuquicamata,Miles TM,2021,319.28,4.8,2947.7733775593533,414.891,759.27284
chuquicamata,Miles TM,2022,268.349,0.0,2800.3847086813857,414.891,872.33152
chuquicamata,Miles TM,2023,248.496,720.0,3380.3654732473165,414.891,839.073400809716
chuquicamata,Miles TM,2024,289.01300000000003,724.0,3935.3471995849504,414.891,943.582419354839
chuquicamata,Miles TM,2025,265.756,0.0,3738.579839605703,414.891,951.641209677419
collahuasi,Miles TM,1982,0.0,0.0,0.0,414.891,66.0208910891089
collahuasi,Miles TM,1983,0.0,0.0,0.0,414.891,78.7665612648221
collahuasi,Miles TM,1984,0.0,0.0,0.0,414.891,98.2334939759036
collahuasi,Miles TM,1985,0.0,0.0,0.0,414.891,160.72584
collahuasi,Miles TM,1986,0.0,0.0,0.0,414.891,192.868112449799
collahuasi,Miles TM,1987,0.0,0.0,0.0,414.891,219.456129032258
collahuasi,Miles TM,1988,0.0,0.0,0.0,414.891,244.98796812749
collahuasi,Miles TM,1989,0.0,0.0,0.0,414.891,266.494777327935
collahuasi,Miles TM,1990,0.0,0.0,0.0,414.891,304.67975708502
collahuasi,Miles TM,1991,0.0,0.0,0.0,414.891,349.114859437751
collahuasi,Miles TM,1992,0.0,0.0,6460.0,414.891,362.696144578313
collahuasi,Miles TM,1993,0.0,0.0,6137.0,414.891,404.255238095238
collahuasi,Miles TM,1994,0.0,0.0,5830.15,414.891,420.252420634921
collahuasi,Miles TM,1995,0.0,1700.0,7238.642499999999,414.891,396.782056451613
collahuasi,Miles TM,1996,0.0,0.0,6876.710374999999,414.891,412.21904
collahuasi,Miles TM,1997,0.0,0.0,6532.874856249999,414.891,419.248795180723
collahuasi,Miles TM,1998,48.1,0.0,6206.231113437499,414.891,460.319718875502
collahuasi,Miles TM,1999,434.6,0.0,5895.919557765624,414.891,508.897250996016
collahuasi,Miles TM,2000,436.0,0.0,5601.123579877342,414.891,538.871129032258
collahuasi,Miles TM,2001,452.7,600.0,5921.067400883475,414.891,634.428502024292
collahuasi,Miles TM,2002,433.5,0.0,5625.014030839301,414.891,689.242449799197
collahuasi,Miles TM,2003,394.7,5e-06,5343.763334297336,414.891,691.53556
collahuasi,Miles TM,2004,481.0,40.0007,5116.575867582468,414.891,609.54996031746
collahuasi,Miles TM,2005,427.0,7.5,4868.247074203345,414.891,559.862777777778
collahuasi,Miles TM,2006,440.0,22.0,4646.834720493177,414.891,530.263052208836
collahuasi,Miles TM,2007,452.0,70.0,4484.4929844685175,414.891,522.690688259109
collahuasi,Miles TM,2008,464.4,15.0,4275.268335245091,414.891,521.78956
collahuasi,Miles TM,2009,535.9,1.5,4063.0049184828367,414.891,559.66732
collahuasi,Miles TM,2010,504.0000000000001,50.0,3909.854672558695,414.891,510.37664
collahuasi,Miles TM,2011,453.3,470.0,4184.3619389307605,414.891,483.364047619048
collahuasi,Miles TM,2012,282.1,35.0,4010.143841984224,414.891,486.746558704453
collahuasi,Miles TM,2013,444.5,0.0,3809.636649885011,414.891,494.995161290323
collahuasi,Miles TM,2014,470.4,70.0,3689.15481739076,414.891,570.005903614458
collahuasi,Miles TM,2015,455.3,50.0,3554.6970765212222,414.891,654.249
collahuasi,Miles TM,2016,506.5,0.0,3376.962222695161,414.891,676.83242063492
collahuasi,Miles TM,2017,524.0,302.0,3510.1141115604028,414.891,649.3287854251
collahuasi,Miles TM,2018,559.1999999999999,3200.0,6534.608405982383,414.891,640.290772357724
collahuasi,Miles TM,2019,565.4,3200.0,9407.877985683264,414.891,702.631048387097
collahuasi,Miles TM,2020,629.1000000000001,0.0,8937.4840863991,414.891,792.221832669323
collahuasi,Miles TM,2021,630.041,0.0,8490.609882079145,414.891,759.27284
collahuasi,Miles TM,2022,570.702,0.0,8066.079387975187,414.891,872.33152
collahuasi,Miles TM,2023,573.182,5.0,7667.775418576428,414.891,839.073400809716
collahuasi,Miles TM,2024,558.611,0.0,7284.386647647606,414.891,943.582419354839
collahuasi,Miles TM,2025,406.016,0.0,6920.167315265226,414.891,951.641209677419
el abra,Miles TM,1982,0.0,0.0,0.0,414.891,66.0208910891089
el abra,Miles TM,1983,0.0,0.0,0.0,414.891,78.7665612648221
el abra,Miles TM,1984,0.0,0.0,0.0,414.891,98.2334939759036
el abra,Miles TM,1985,0.0,0.0,0.0,414.891,160.72584
el abra,Miles TM,1986,0.0,0.0,0.0,414.891,192.868112449799
el abra,Miles TM,1987,0.0,0.0,0.0,414.891,219.456129032258
el abra,Miles TM,1988,0.0,0.0,0.0,414.891,244.98796812749
el abra,Miles TM,1989,0.0,0.0,0.0,414.891,266.494777327935
el abra,Miles TM,1990,0.0,0.0,0.0,414.891,304.67975708502
el abra,Miles TM,1991,0.0,0.0,0.0,414.891,349.114859437751
el abra,Miles TM,1992,0.0,0.0,1330.0,414.891,362.696144578313
el abra,Miles TM,1993,0.0,0.0,1263.5,414.891,404.255238095238
el abra,Miles TM,1994,0.0,350.0,1550.325,414.891,420.252420634921
el abra,Miles TM,1995,0.0,0.0,1472.80875,414.891,396.782056451613
el abra,Miles TM,1996,51.0,0.0,1399.1683125,414.891,412.21904
el abra,Miles TM,1997,194.1,0.0,1329.209896875,414.891,419.248795180723
el abra,Miles TM,1998,198.7,0.0,1262.74940203125,414.891,460.319718875502
el abra,Miles TM,1999,220.1,0.0,1199.6119319296874,414.891,508.897250996016
el abra,Miles TM,2000,197.2,77.0,1216.631335333203,414.891,538.871129032258
el abra,Miles TM,2001,217.6,5.3,1161.0997685665427,414.891,634.428502024292
el abra,Miles TM,2002,225.2,0.0,1103.0447801382156,414.891,689.242449799197
el abra,Miles TM,2003,226.6,0.0,1047.8925411313048,414.891,691.53556
el abra,Miles TM,2004,218.0,18.5,1013.9979140747396,414.891,609.54996031746
el abra,Miles TM,2005,210.6,0.0,963.2980183710024,414.891,559.862777777778
el abra,Miles TM,2006,218.6,0.38,915.5131174524524,414.891,530.263052208836
el abra,Miles TM,2007,166.0,686.0,1555.7374615798296,414.891,522.690688259109
el abra,Miles TM,2008,165.8,0.0,1477.9505885008382,414.891,521.78956
el abra,Miles TM,2009,164.1,0.0,1404.0530590757962,414.891,559.66732
el abra,Miles TM,2010,145.2,0.0,1333.8504061220065,414.891,510.37664
el abra,Miles TM,2011,123.4,0.0,1267.1578858159062,414.891,483.364047619048
el abra,Miles TM,2012,153.7,0.0,1203.7999915251107,414.891,486.746558704453
el abra,Miles TM,2013,155.6,0.0,1143.6099919488552,414.891,494.995161290323
el abra,Miles TM,2014,166.40000000000003,0.0,1086.4294923514124,414.891,570.005903614458
el abra,Miles TM,2015,147.2,0.6,1032.7080177338416,414.891,654.249
el abra,Miles TM,2016,99.9,0.0,981.0726168471496,414.891,676.83242063492
el abra,Miles TM,2017,78.4,0.0,932.018986004792,414.891,649.3287854251
el abra,Miles TM,2018,91.3,0.6,886.0180367045524,414.891,640.290772357724
el abra,Miles TM,2019,81.9,0.0,841.7171348693247,414.891,702.631048387097
el abra,Miles TM,2020,71.89999999999999,0.0,799.6312781258584,414.891,792.221832669323
el abra,Miles TM,2021,72.654,0.0,759.6497142195655,414.891,759.27284
el abra,Miles TM,2022,91.649,0.0,721.6672285085872,414.891,872.33152
el abra,Miles TM,2023,98.412878,0.0,685.5838670831578,414.891,839.073400809716
el abra,Miles TM,2024,99.097,741.0,1392.304673729,414.891,943.582419354839
el abra,Miles TM,2025,91.376,3.5,1326.18944004255,414.891,951.641209677419
el soldado,Miles TM,2014,32.413,,,414.891,570.005903614458
el soldado,Miles TM,2015,36.067,,,414.891,654.249
el soldado,Miles TM,2016,47.011,,,414.891,676.83242063492
el soldado,Miles TM,2017,40.463,,,414.891,649.3287854251
el soldado,Miles TM,2018,52.709,,,414.891,640.290772357724
el soldado,Miles TM,2019,54.188,,,414.891,702.631048387097
el soldado,Miles TM,2020,45.815,,,414.891,792.221832669323
el soldado,Miles TM,2021,42.262,,,414.891,759.27284
el soldado,Miles TM,2022,40.181,,,414.891,872.33152
el soldado,Miles TM,2023,39.505,,,414.891,839.073400809716
el soldado,Miles TM,2024,48.17,,,414.891,943.582419354839
el soldado,Miles TM,2025,42.604,,,414.891,951.641209677419
el teniente,Miles TM,1982,335.9,0.0,0.0,414.891,66.0208910891089
el teniente,Miles TM,1983,304.9,0.0,0.0,414.891,78.7665612648221
el teniente,Miles TM,1984,285.4,0.0,0.0,414.891,98.2334939759036
el teniente,Miles TM,1985,319.1,0.0,0.0,414.891,160.72584
el teniente,Miles TM,1986,365.3,0.0,0.0,414.891,192.868112449799
el teniente,Miles TM,1987,369.0,0.0,0.0,414.891,219.456129032258
el teniente,Miles TM,1988,354.1,0.0,0.0,414.891,244.98796812749
el teniente,Miles TM,1989,328.5,0.0,0.0,414.891,266.494777327935
el teniente,Miles TM,1990,300.5,0.0,0.0,414.891,304.67975708502
el teniente,Miles TM,1991,278.8,0.0,0.0,414.891,349.114859437751
el teniente,Miles TM,1992,314.2,0.0,0.0,414.891,362.696144578313
el teniente,Miles TM,1993,304.7,0.0,0.0,414.891,404.255238095238
el teniente,Miles TM,1994,308.9,0.0,0.0,414.891,420.252420634921
el teniente,Miles TM,1995,322.8,0.0,0.0,414.891,396.782056451613
el teniente,Miles TM,1996,344.7,0.0,0.0,414.891,412.21904
el teniente,Miles TM,1997,343.2,0.0,0.0,414.891,419.248795180723
el teniente,Miles TM,1998,338.6,7.0,7.0,414.891,460.319718875502
el teniente,Miles TM,1999,346.3,295.36,302.01,414.891,508.897250996016
el teniente,Miles TM,2000,355.7,1.2,288.1095,414.891,538.871129032258
el teniente,Miles TM,2001,355.6,150.0,423.704025,414.891,634.428502024292
el teniente,Miles TM,2002,334.3,0.0,402.5188237499999,414.891,689.242449799197
el teniente,Miles TM,2003,339.4,16.0,398.3928825624999,414.891,691.53556
el teniente,Miles TM,2004,435.6,0.0,378.4732384343749,414.891,609.54996031746
el teniente,Miles TM,2005,437.4,0.0,359.54957651265613,414.891,559.862777777778
el teniente,Miles TM,2006,418.3,8.68,350.2520976870233,414.891,530.263052208836
el teniente,Miles TM,2007,404.7,25.53403,358.2735228026721,414.891,522.690688259109
el teniente,Miles TM,2008,381.2,70.9,411.2598466625385,414.891,521.78956
el teniente,Miles TM,2009,404.1,134.0,524.6968543294115,414.891,559.66732
el teniente,Miles TM,2010,403.6,3290.0001,3788.462111612941,414.891,510.37664
el teniente,Miles TM,2011,400.3,38.1,3637.1390060322938,414.891,483.364047619048
el teniente,Miles TM,2012,417.2,215.6,3670.882055730679,414.891,486.746558704453
el teniente,Miles TM,2013,450.4,74.2,3561.5379529441448,414.891,494.995161290323
el teniente,Miles TM,2014,455.5,62.5,3445.961055296937,414.891,570.005903614458
el teniente,Miles TM,2015,471.2000000000001,834.0,4107.66300253209,414.891,654.249
el teniente,Miles TM,2016,475.3,50.0,3952.2798524054856,414.891,676.83242063492
el teniente,Miles TM,2017,464.3,1361.0,5115.665859785211,414.891,649.3287854251
el teniente,Miles TM,2018,465.0,0.0,4859.88256679595,414.891,640.290772357724
el teniente,Miles TM,2019,459.7,0.0,4616.8884384561525,414.891,702.631048387097
el teniente,Miles TM,2020,443.1999999999999,498.0,4884.044016533345,414.891,792.221832669323
el teniente,Miles TM,2021,459.818,92.0,4731.841815706677,414.891,759.27284
el teniente,Miles TM,2022,405.3,0.0,4495.249724921343,414.891,872.33152
el teniente,Miles TM,2023,351.874,0.0,4270.487238675276,414.891,839.073400809716
el teniente,Miles TM,2024,356.37300000000005,0.0,4056.962876741512,414.891,943.582419354839
el teniente,Miles TM,2025,310.146,0.0,3854.114732904436,414.891,951.641209677419
escondida,Miles TM,1982,0.0,0.0,0.0,414.891,66.0208910891089
escondida,Miles TM,1983,0.0,0.0,0.0,414.891,78.7665612648221
escondida,Miles TM,1984,0.0,0.0,0.0,414.891,98.2334939759036
escondida,Miles TM,1985,0.0,0.0,0.0,414.891,160.72584
escondida,Miles TM,1986,0.0,0.0,0.0,414.891,192.868112449799
escondida,Miles TM,1987,0.0,0.0,0.0,414.891,219.456129032258
escondida,Miles TM,1988,0.0,0.0,0.0,414.891,244.98796812749
escondida,Miles TM,1989,0.0,0.0,0.0,414.891,266.494777327935
escondida,Miles TM,1990,8.9,0.0,0.0,414.891,304.67975708502
escondida,Miles TM,1991,298.4,0.0,0.0,414.891,349.114859437751
escondida,Miles TM,1992,336.1,250.0,4304.6,414.891,362.696144578313
escondida,Miles TM,1993,388.8,0.0,4089.37,414.891,404.255238095238
escondida,Miles TM,1994,483.6,0.0,3884.9015,414.891,420.252420634921
escondida,Miles TM,1995,466.9,0.0,3690.656425,414.891,396.782056451613
escondida,Miles TM,1996,841.4,817.0,4323.123603749999,414.891,412.21904
escondida,Miles TM,1997,932.7,801.4,4908.3674235624985,414.891,419.248795180723
escondida,Miles TM,1998,867.6,0.0,4662.949052384373,414.891,460.319718875502
escondida,Miles TM,1999,958.5,400.0,4829.801599765155,414.891,508.897250996016
escondida,Miles TM,2000,916.6,3.0,4591.311519776897,414.891,538.871129032258
escondida,Miles TM,2001,794.1,401.7,4763.445943788051,414.891,634.428502024292
escondida,Miles TM,2002,758.0,1133.0,5658.273646598649,414.891,689.242449799197
escondida,Miles TM,2003,994.7,10.065,5385.424964268716,414.891,691.53556
escondida,Miles TM,2004,1195.1,0.0,5116.153716055281,414.891,609.54996031746
escondida,Miles TM,2005,1271.5,0.0,4860.346030252516,414.891,559.862777777778
escondida,Miles TM,2006,1255.6,12.0,4629.328728739891,414.891,530.263052208836
escondida,Miles TM,2007,1483.9,300.0,4697.862292302896,414.891,522.690688259109
escondida,Miles TM,2008,1254.0,3382.60002,7845.569197687751,414.891,521.78956
escondida,Miles TM,2009,1103.7,0.8,7454.090737803363,414.891,559.66732
escondida,Miles TM,2010,1086.7,54.0,7135.386200913194,414.891,510.37664
escondida,Miles TM,2011,817.7,717.0,7495.6168908675345,414.891,483.364047619048
escondida,Miles TM,2012,1075.9,0.0,7120.836046324157,414.891,486.746558704453
escondida,Miles TM,2013,1193.7,291.0,7055.794244007949,414.891,494.995161290323
escondida,Miles TM,2014,1165.4,0.0,6703.004531807551,414.891,570.005903614458
escondida,Miles TM,2015,1152.5,0.0,6367.854305217173,414.891,654.249
escondida,Miles TM,2016,1002.0,0.0,6049.461589956314,414.891,676.83242063492
escondida,Miles TM,2017,925.4,8.2,5755.188510458498,414.891,649.3287854251
escondida,Miles TM,2018,1242.7,0.0,5467.429084935573,414.891,640.290772357724
escondida,Miles TM,2019,1187.8,9.2,5203.257630688794,414.891,702.631048387097
escondida,Miles TM,2020,1187.3,0.0,4943.094749154354,414.891,792.221832669323
escondida,Miles TM,2021,1011.327,470.0,5165.940011696636,414.891,759.27284
escondida,Miles TM,2022,1054.271,0.0,4907.643011111804,414.891,872.33152
escondida,Miles TM,2023,1101.361,632.836616,5295.097476556213,414.891,839.073400809716
escondida,Miles TM,2024,1277.539311,0.0,5030.342602728402,414.891,943.582419354839
escondida,Miles TM,2025,1345.132,3651.0001,8429.82557259198,414.891,951.641209677419
franke,Miles TM,2014,19.2,0.0,0.0,414.891,570.005903614458
franke,Miles TM,2015,20.1,0.0,0.0,414.891,654.249
franke,Miles TM,2016,17.8,0.0,0.0,414.891,676.83242063492
franke,Miles TM,2017,19.6,0.0,0.0,414.891,649.3287854251
franke,Miles TM,2018,20.1,0.0,0.0,414.891,640.290772357724
franke,Miles TM,2019,19.025,0.0,0.0,414.891,702.631048387097
franke,Miles TM,2020,12.501,0.0,0.0,414.891,792.221832669323
franke,Miles TM,2021,10.735,0.0,0.0,414.891,759.27284
franke,Miles TM,2022,10.663,0.0,0.0,414.891,872.33152
franke,Miles TM,2023,13.221,0.0,0.0,414.891,839.073400809716
franke,Miles TM,2024,12.189,0.0,0.0,414.891,943.582419354839
franke,Miles TM,2025,10.894,0.0,0.0,414.891,951.641209677419
gabriela mistral,Miles TM,1982,0.0,0.0,0.0,414.891,66.0208910891089
gabriela mistral,Miles TM,1983,0.0,0.0,0.0,414.891,78.7665612648221
gabriela mistral,Miles TM,1984,0.0,0.0,0.0,414.891,98.2334939759036
gabriela mistral,Miles TM,1985,0.0,0.0,0.0,414.891,160.72584
gabriela mistral,Miles TM,1986,0.0,0.0,0.0,414.891,192.868112449799
gabriela mistral,Miles TM,1987,0.0,0.0,0.0,414.891,219.456129032258
gabriela mistral,Miles TM,1988,0.0,0.0,0.0,414.891,244.98796812749
gabriela mistral,Miles TM,1989,0.0,0.0,0.0,414.891,266.494777327935
gabriela mistral,Miles TM,1990,0.0,0.0,0.0,414.891,304.67975708502
gabriela mistral,Miles TM,1991,0.0,0.0,0.0,414.891,349.114859437751
gabriela mistral,Miles TM,1992,0.0,0.0,0.0,414.891,362.696144578313
gabriela mistral,Miles TM,1993,0.0,0.0,0.0,414.891,404.255238095238
gabriela mistral,Miles TM,1994,0.0,0.0,0.0,414.891,420.252420634921
gabriela mistral,Miles TM,1995,0.0,0.0,0.0,414.891,396.782056451613
gabriela mistral,Miles TM,1996,0.0,0.0,0.0,414.891,412.21904
gabriela mistral,Miles TM,1997,0.0,0.0,0.0,414.891,419.248795180723
gabriela mistral,Miles TM,1998,0.0,0.0,0.0,414.891,460.319718875502
gabriela mistral,Miles TM,1999,0.0,0.0,0.0,414.891,508.897250996016
gabriela mistral,Miles TM,2000,0.0,0.0,0.0,414.891,538.871129032258
gabriela mistral,Miles TM,2001,0.0,0.0,0.0,414.891,634.428502024292
gabriela mistral,Miles TM,2002,0.0,0.0,0.0,414.891,689.242449799197
gabriela mistral,Miles TM,2003,0.0,0.0,0.0,414.891,691.53556
gabriela mistral,Miles TM,2004,0.0,0.0,0.0,414.891,609.54996031746
gabriela mistral,Miles TM,2005,0.0,0.0,0.0,414.891,559.862777777778
gabriela mistral,Miles TM,2006,0.0,0.0,0.0,414.891,530.263052208836
gabriela mistral,Miles TM,2007,0.0,0.0,0.0,414.891,522.690688259109
gabriela mistral,Miles TM,2008,67.69999999999999,0.0,0.0,414.891,521.78956
gabriela mistral,Miles TM,2009,148.0,0.0,0.0,414.891,559.66732
gabriela mistral,Miles TM,2010,117.1,0.0,0.0,414.891,510.37664
gabriela mistral,Miles TM,2011,118.0,0.0,0.0,414.891,483.364047619048
gabriela mistral,Miles TM,2012,132.99999999999997,0.0,0.0,414.891,486.746558704453
gabriela mistral,Miles TM,2013,128.20000000000002,0.0,0.0,414.891,494.995161290323
gabriela mistral,Miles TM,2014,121.0,0.0,0.0,414.891,570.005903614458
gabriela mistral,Miles TM,2015,125.0,0.0,0.0,414.891,654.249
gabriela mistral,Miles TM,2016,121.70000000000002,0.0,0.0,414.891,676.83242063492
gabriela mistral,Miles TM,2017,122.7,0.0,0.0,414.891,649.3287854251
gabriela mistral,Miles TM,2018,107.3,0.0,0.0,414.891,640.290772357724
gabriela mistral,Miles TM,2019,104.1,0.0,0.0,414.891,702.631048387097
gabriela mistral,Miles TM,2020,102.1,0.0,0.0,414.891,792.221832669323
gabriela mistral,Miles TM,2021,100.909,0.0,0.0,414.891,759.27284
gabriela mistral,Miles TM,2022,109.5,0.0,0.0,414.891,872.33152
gabriela mistral,Miles TM,2023,105.825,0.0,0.0,414.891,839.073400809716
gabriela mistral,Miles TM,2024,103.075,0.0,0.0,414.891,943.582419354839
gabriela mistral,Miles TM,2025,81.66399999999999,0.0,0.0,414.891,951.641209677419
haldeman,Miles TM,2014,10.0,0.0,0.0,414.891,570.005903614458
haldeman,Miles TM,2015,9.7,0.0,0.0,414.891,654.249
lomas bayas,Miles TM,1982,0.0,0.0,0.0,414.891,66.0208910891089
lomas bayas,Miles TM,1983,0.0,0.0,0.0,414.891,78.7665612648221
lomas bayas,Miles TM,1984,0.0,0.0,0.0,414.891,98.2334939759036
lomas bayas,Miles TM,1985,0.0,0.0,0.0,414.891,160.72584
lomas bayas,Miles TM,1986,0.0,0.0,0.0,414.891,192.868112449799
lomas bayas,Miles TM,1987,0.0,0.0,0.0,414.891,219.456129032258
lomas bayas,Miles TM,1988,0.0,0.0,0.0,414.891,244.98796812749
lomas bayas,Miles TM,1989,0.0,0.0,0.0,414.891,266.494777327935
lomas bayas,Miles TM,1990,0.0,0.0,0.0,414.891,304.67975708502
lomas bayas,Miles TM,1991,0.0,0.0,0.0,414.891,349.114859437751
lomas bayas,Miles TM,1992,0.0,0.0,646.0,414.891,362.696144578313
lomas bayas,Miles TM,1993,0.0,0.0,613.6999999999999,414.891,404.255238095238
lomas bayas,Miles TM,1994,0.0,0.0,583.0149999999999,414.891,420.252420634921
lomas bayas,Miles TM,1995,0.0,170.0,723.8642499999999,414.891,396.782056451613
lomas bayas,Miles TM,1996,0.0,0.0,687.6710374999998,414.891,412.21904
lomas bayas,Miles TM,1997,0.0,3.5,656.7874856249998,414.891,419.248795180723
lomas bayas,Miles TM,1998,19.3,1.0,624.9481113437498,414.891,460.319718875502
lomas bayas,Miles TM,1999,44.6,0.0,593.7007057765622,414.891,508.897250996016
lomas bayas,Miles TM,2000,51.3,0.0,564.0156704877342,414.891,538.871129032258
lomas bayas,Miles TM,2001,56.3,0.05,535.8648869633474,414.891,634.428502024292
lomas bayas,Miles TM,2002,59.3,15.0,524.07164261518,414.891,689.242449799197
lomas bayas,Miles TM,2003,60.4,0.0,497.86806048442105,414.891,691.53556
lomas bayas,Miles TM,2004,62.0,5.95,478.9246574602,414.891,609.54996031746
lomas bayas,Miles TM,2005,63.2,0.0,454.9784245871899,414.891,559.862777777778
lomas bayas,Miles TM,2006,64.3,335.0,767.2295033578305,414.891,530.263052208836
lomas bayas,Miles TM,2007,61.5,0.0,728.868028189939,414.891,522.690688259109
lomas bayas,Miles TM,2008,59.2,0.0,692.4246267804419,414.891,521.78956
lomas bayas,Miles TM,2009,73.1,0.0,657.8033954414199,414.891,559.66732
lomas bayas,Miles TM,2010,71.8,0.0,624.9132256693489,414.891,510.37664
lomas bayas,Miles TM,2011,73.60000000000001,0.0,593.6675643858814,414.891,483.364047619048
lomas bayas,Miles TM,2012,73.3,0.0,563.9841861665873,414.891,486.746558704453
lomas bayas,Miles TM,2013,74.19999999999999,0.0,535.7849768582579,414.891,494.995161290323
lomas bayas,Miles TM,2014,66.4,0.0,508.995728015345,414.891,570.005903614458
lomas bayas,Miles TM,2015,70.6,0.0,483.5459416145777,414.891,654.249
lomas bayas,Miles TM,2016,80.1,19.5,478.8686445338488,414.891,676.83242063492
lomas bayas,Miles TM,2017,78.0,0.0,454.9252123071564,414.891,649.3287854251
lomas bayas,Miles TM,2018,72.69999999999999,0.0,432.17895169179855,414.891,640.290772357724
lomas bayas,Miles TM,2019,78.9,0.7304,411.3004041072086,414.891,702.631048387097
lomas bayas,Miles TM,2020,73.9,254.53915,645.2745339018481,414.891,792.221832669323
lomas bayas,Miles TM,2021,64.281,0.0,613.0108072067557,414.891,759.27284
lomas bayas,Miles TM,2022,72.465,254.0,836.3602668464179,414.891,872.33152
lomas bayas,Miles TM,2023,65.805,0.0,794.542253504097,414.891,839.073400809716
lomas bayas,Miles TM,2024,74.393,0.0,754.815140828892,414.891,943.582419354839
lomas bayas,Miles TM,2025,60.578,103.0,820.0743837874473,414.891,951.641209677419
los bronces,Miles TM,1982,42.5,0.0,0.0,414.891,66.0208910891089
los bronces,Miles TM,1983,55.8,0.0,0.0,414.891,78.7665612648221
los bronces,Miles TM,1984,61.6,0.0,0.0,414.891,98.2334939759036
los bronces,Miles TM,1985,77.4,0.0,0.0,414.891,160.72584
los bronces,Miles TM,1986,68.0,0.0,0.0,414.891,192.868112449799
los bronces,Miles TM,1987,92.7,0.0,0.0,414.891,219.456129032258
los bronces,Miles TM,1988,125.2,0.0,0.0,414.891,244.98796812749
los bronces,Miles TM,1989,112.3,0.0,0.0,414.891,266.494777327935
los bronces,Miles TM,1990,112.2,0.0,0.0,414.891,304.67975708502
los bronces,Miles TM,1991,107.2,0.0,0.0,414.891,349.114859437751
los bronces,Miles TM,1992,131.9,0.0,2173.6,414.891,362.696144578313
los bronces,Miles TM,1993,181.4,0.0,2064.92,414.891,404.255238095238
los bronces,Miles TM,1994,187.7,0.0,1961.6739999999995,414.891,420.252420634921
los bronces,Miles TM,1995,198.5,0.0,1863.5903,414.891,396.782056451613
los bronces,Miles TM,1996,200.7,572.0,2342.410784999999,414.891,412.21904
los bronces,Miles TM,1997,202.4,0.0,2225.290245749999,414.891,419.248795180723
los bronces,Miles TM,1998,215.9,570.0,2684.025733462499,414.891,460.319718875502
los bronces,Miles TM,1999,248.4,0.0,2549.8244467893737,414.891,508.897250996016
los bronces,Miles TM,2000,253.8,0.0,2422.3332244499047,414.891,538.871129032258
los bronces,Miles TM,2001,251.6,254.0,2555.2165632274096,414.891,634.428502024292
los bronces,Miles TM,2002,249.8,58.0,2485.455735066039,414.891,689.242449799197
los bronces,Miles TM,2003,277.9,42.8,2403.982948312737,414.891,691.53556
los bronces,Miles TM,2004,300.6,0.0,2283.7838008971,414.891,609.54996031746
los bronces,Miles TM,2005,293.7,0.0,2169.594610852245,414.891,559.862777777778
los bronces,Miles TM,2006,294.8,1014.9,3076.0148803096326,414.891,530.263052208836
los bronces,Miles TM,2007,302.1,70.9,2993.1141362941507,414.891,522.690688259109
los bronces,Miles TM,2008,283.5,8.0,2851.458429479443,414.891,521.78956
los bronces,Miles TM,2009,276.90000000000003,16.1,2724.985508005471,414.891,559.66732
los bronces,Miles TM,2010,257.7,50.0,2638.736232605197,414.891,510.37664
los bronces,Miles TM,2011,264.0,300.0,2806.799420974937,414.891,483.364047619048
los bronces,Miles TM,2012,416.6,0.0,2666.4594499261902,414.891,486.746558704453
los bronces,Miles TM,2013,467.3,4.2,2537.33647742988,414.891,494.995161290323
los bronces,Miles TM,2014,436.8999999999999,114.0,2524.469653558386,414.891,570.005903614458
los bronces,Miles TM,2015,437.8,0.0,2398.2461708804667,414.891,654.249
los bronces,Miles TM,2016,354.2,1.4,2279.7338623364435,414.891,676.83242063492
los bronces,Miles TM,2017,348.69999999999993,0.0,2165.7471692196214,414.891,649.3287854251
los bronces,Miles TM,2018,422.2000000000001,0.0,2057.4598107586403,414.891,640.290772357724
los bronces,Miles TM,2019,389.2000000000001,3000.0,4954.586820220708,414.891,702.631048387097
los bronces,Miles TM,2020,370.5,40.0,4746.857479209672,414.891,792.221832669323
los bronces,Miles TM,2021,369.982,320.0,4829.514605249188,414.891,759.27284
los bronces,Miles TM,2022,311.036,0.0,4588.038874986729,414.891,872.33152
los bronces,Miles TM,2023,255.042,36.0,4394.636931237392,414.891,839.073400809716
los bronces,Miles TM,2024,220.615,1194.0,5368.905084675522,414.891,943.582419354839
los bronces,Miles TM,2025,207.207,0.0,5100.459830441745,414.891,951.641209677419
los pelambres,Miles TM,1982,0.0,0.0,0.0,414.891,66.0208910891089
los pelambres,Miles TM,1983,0.0,0.0,0.0,414.891,78.7665612648221
los pelambres,Miles TM,1984,0.0,0.0,0.0,414.891,98.2334939759036
los pelambres,Miles TM,1985,0.0,0.0,0.0,414.891,160.72584
los pelambres,Miles TM,1986,0.0,0.0,0.0,414.891,192.868112449799
los pelambres,Miles TM,1987,0.0,0.0,0.0,414.891,219.456129032258
los pelambres,Miles TM,1988,0.0,0.0,0.0,414.891,244.98796812749
los pelambres,Miles TM,1989,0.0,0.0,0.0,414.891,266.494777327935
los pelambres,Miles TM,1990,0.0,0.0,0.0,414.891,304.67975708502
los pelambres,Miles TM,1991,0.0,0.0,0.0,414.891,349.114859437751
los pelambres,Miles TM,1992,0.0,0.0,0.0,414.891,362.696144578313
los pelambres,Miles TM,1993,0.0,0.0,0.0,414.891,404.255238095238
los pelambres,Miles TM,1994,0.0,0.0,0.0,414.891,420.252420634921
los pelambres,Miles TM,1995,0.0,0.0,0.0,414.891,396.782056451613
los pelambres,Miles TM,1996,0.0,0.0,0.0,414.891,412.21904
los pelambres,Miles TM,1997,0.0,1040.0,1040.0,414.891,419.248795180723
los pelambres,Miles TM,1998,0.0,0.0,988.0,414.891,460.319718875502
los pelambres,Miles TM,1999,12.3,0.0,938.6,414.891,508.897250996016
los pelambres,Miles TM,2000,308.8,0.0,891.6699999999998,414.891,538.871129032258
los pelambres,Miles TM,2001,373.8,24.0,871.0864999999998,414.891,634.428502024292
los pelambres,Miles TM,2002,335.5,45.0,872.5321749999997,414.891,689.242449799197
los pelambres,Miles TM,2003,337.8,750.0,1578.9055662499995,414.891,691.53556
los pelambres,Miles TM,2004,362.6,0.0,1499.9602879374995,414.891,609.54996031746
los pelambres,Miles TM,2005,333.8,0.0,1424.9622735406244,414.891,559.862777777778
los pelambres,Miles TM,2006,335.2,0.0,1353.714159863593,414.891,530.263052208836
los pelambres,Miles TM,2007,300.1,0.0,1286.0284518704134,414.891,522.690688259109
los pelambres,Miles TM,2008,351.2,0.0,1221.7270292768926,414.891,521.78956
los pelambres,Miles TM,2009,322.6,0.0,1160.640677813048,414.891,559.66732
los pelambres,Miles TM,2010,398.0,0.0,1102.6086439223957,414.891,510.37664
los pelambres,Miles TM,2011,426.1,33.7,1081.1782117262758,414.891,483.364047619048
los pelambres,Miles TM,2012,417.7000000000001,0.0,1027.119301139962,414.891,486.746558704453
los pelambres,Miles TM,2013,419.2000000000001,0.0,975.7633360829636,414.891,494.995161290323
los pelambres,Miles TM,2014,404.6,0.0,926.9751692788157,414.891,570.005903614458
los pelambres,Miles TM,2015,375.80000000000007,70.0,950.6264108148748,414.891,654.249
los pelambres,Miles TM,2016,367.8,2243.0,3146.095090274131,414.891,676.83242063492
los pelambres,Miles TM,2017,356.30000000000007,0.0,2988.790335760425,414.891,649.3287854251
los pelambres,Miles TM,2018,370.50000000000006,15.237338,2854.588156972404,414.891,640.290772357724
los pelambres,Miles TM,2019,375.8999999999999,0.0,2711.858749123783,414.891,702.631048387097
los pelambres,Miles TM,2020,372.1,0.0,2576.265811667594,414.891,792.221832669323
los pelambres,Miles TM,2021,336.338,1000.0,3447.452521084214,414.891,759.27284
los pelambres,Miles TM,2022,284.133,0.0,3275.079895030003,414.891,872.33152
los pelambres,Miles TM,2023,310.563,0.0,3111.325900278503,414.891,839.073400809716
los pelambres,Miles TM,2024,331.22799999999995,2000.0,4955.759605264578,414.891,943.582419354839
los pelambres,Miles TM,2025,305.873,0.0,4707.971625001349,414.891,951.641209677419
mantos blancos,Miles TM,2014,52.418,0.0,0.0,414.891,570.005903614458
mantos blancos,Miles TM,2015,56.599,0.0,0.0,414.891,654.249
mantos blancos,Miles TM,2016,49.38,0.0,0.0,414.891,676.83242063492
mantos blancos,Miles TM,2017,45.698,0.0,0.0,414.891,649.3287854251
mantos blancos,Miles TM,2018,41.726,0.0,0.0,414.891,640.290772357724
mantos blancos,Miles TM,2019,43.312,0.0,0.0,414.891,702.631048387097
mantos blancos,Miles TM,2020,41.982,0.0,0.0,414.891,792.221832669323
mantos blancos,Miles TM,2021,45.704,0.0,0.0,414.891,759.27284
mantos blancos,Miles TM,2022,50.667,0.0,0.0,414.891,872.33152
mantos blancos,Miles TM,2023,50.112,0.0,0.0,414.891,839.073400809716
mantos blancos,Miles TM,2024,44.57,0.0,0.0,414.891,943.582419354839
mantos blancos,Miles TM,2025,61.919,0.0,0.0,414.891,951.641209677419
mantoverde,Miles TM,2014,51.797,0.0,0.0,414.891,570.005903614458
mantoverde,Miles TM,2015,49.694,0.0,0.0,414.891,654.249
mantoverde,Miles TM,2016,49.739,0.0,0.0,414.891,676.83242063492
mantoverde,Miles TM,2017,42.113,0.0,0.0,414.891,649.3287854251
mantoverde,Miles TM,2018,41.772,0.0,0.0,414.891,640.290772357724
mantoverde,Miles TM,2019,42.938,0.0,0.0,414.891,702.631048387097
mantoverde,Miles TM,2020,36.641,0.0,0.0,414.891,792.221832669323
mantoverde,Miles TM,2021,49.014,0.0,0.0,414.891,759.27284
mantoverde,Miles TM,2022,47.364,0.0,0.0,414.891,872.33152
mantoverde,Miles TM,2023,35.4,0.0,0.0,414.891,839.073400809716
mantoverde,Miles TM,2024,57.706,0.0,0.0,414.891,943.582419354839
mantoverde,Miles TM,2025,95.115,0.0,0.0,414.891,951.641209677419
michilla,Miles TM,1982,0.0,0.0,0.0,414.891,66.0208910891089
michilla,Miles TM,1983,0.0,0.0,0.0,414.891,78.7665612648221
michilla,Miles TM,1984,0.0,0.0,0.0,414.891,98.2334939759036
michilla,Miles TM,1985,0.0,0.0,0.0,414.891,160.72584
michilla,Miles TM,1986,0.0,0.0,0.0,414.891,192.868112449799
michilla,Miles TM,1987,0.0,0.0,0.0,414.891,219.456129032258
michilla,Miles TM,1988,0.0,0.0,0.0,414.891,244.98796812749
michilla,Miles TM,1989,0.0,0.0,0.0,414.891,266.494777327935
michilla,Miles TM,1990,0.0,0.0,0.0,414.891,304.67975708502
michilla,Miles TM,1991,0.0,0.0,0.0,414.891,349.114859437751
michilla,Miles TM,1992,0.0,0.0,7.6,414.891,362.696144578313
michilla,Miles TM,1993,0.0,0.0,7.22,414.891,404.255238095238
michilla,Miles TM,1994,26.8,2.0,8.858999999999998,414.891,420.252420634921
michilla,Miles TM,1995,56.4,0.0,8.416049999999998,414.891,396.782056451613
michilla,Miles TM,1996,63.0,0.0,7.995247499999998,414.891,412.21904
michilla,Miles TM,1997,62.7,0.0,7.595485124999998,414.891,419.248795180723
michilla,Miles TM,1998,62.1,0.0,7.215710868749998,414.891,460.319718875502
michilla,Miles TM,1999,60.6,0.0,6.8549253253124975,414.891,508.897250996016
michilla,Miles TM,2000,52.2,0.0,6.512179059046872,414.891,538.871129032258
michilla,Miles TM,2001,49.6,0.0,6.186570106094528,414.891,634.428502024292
michilla,Miles TM,2002,51.8,0.0,5.877241600789802,414.891,689.242449799197
michilla,Miles TM,2003,52.7,0.0,5.583379520750311,414.891,691.53556
michilla,Miles TM,2004,50.0,0.0,5.304210544712795,414.891,609.54996031746
michilla,Miles TM,2005,46.4,2.6,7.639000017477155,414.891,559.862777777778
michilla,Miles TM,2006,47.3,0.0,7.257050016603297,414.891,530.263052208836
michilla,Miles TM,2007,45.1,0.0,6.894197515773132,414.891,522.690688259109
michilla,Miles TM,2008,47.7,0.0,6.549487639984475,414.891,521.78956
michilla,Miles TM,2009,40.6,0.0,6.222013257985251,414.891,559.66732
michilla,Miles TM,2010,41.2,0.0,5.910912595085988,414.891,510.37664
michilla,Miles TM,2011,41.6,0.0,5.615366965331688,414.891,483.364047619048
michilla,Miles TM,2012,37.7,0.0,5.334598617065104,414.891,486.746558704453
michilla,Miles TM,2013,38.3,0.0,5.067868686211848,414.891,494.995161290323
michilla,Miles TM,2014,47.00000000000001,0.0,4.814475251901255,414.891,570.005903614458
michilla,Miles TM,2015,29.4,0.0,4.573751489306193,414.891,654.249
michilla,Miles TM,2016,0.0,0.0,4.345063914840883,414.891,676.83242063492
michilla,Miles TM,2017,0.0,0.0,4.127810719098839,414.891,649.3287854251
michilla,Miles TM,2018,0.0,0.0,3.921420183143896,414.891,640.290772357724
michilla,Miles TM,2019,12.499999999999998,0.0,3.7253491739867015,414.891,702.631048387097
michilla,Miles TM,2020,19.5,0.0,3.539081715287366,414.891,792.221832669323
michilla,Miles TM,2021,21.228203,0.0,3.362127629522998,414.891,759.27284
michilla,Miles TM,2022,16.008939,0.0,3.194021248046848,414.891,872.33152
michilla,Miles TM,2023,19.067011,0.0,3.034320185644505,414.891,839.073400809716
michilla,Miles TM,2024,19.913000000000004,0.0,2.88260417636228,414.891,943.582419354839
michilla,Miles TM,2025,16.878999999999998,0.0,2.7384739675441656,414.891,951.641209677419
ministro hales,Miles TM,1982,0.0,0.0,0.0,414.891,66.0208910891089
ministro hales,Miles TM,1983,0.0,0.0,0.0,414.891,78.7665612648221
ministro hales,Miles TM,1984,0.0,0.0,0.0,414.891,98.2334939759036
ministro hales,Miles TM,1985,0.0,0.0,0.0,414.891,160.72584
ministro hales,Miles TM,1986,0.0,0.0,0.0,414.891,192.868112449799
ministro hales,Miles TM,1987,0.0,0.0,0.0,414.891,219.456129032258
ministro hales,Miles TM,1988,0.0,0.0,0.0,414.891,244.98796812749
ministro hales,Miles TM,1989,0.0,0.0,0.0,414.891,266.494777327935
ministro hales,Miles TM,1990,0.0,0.0,0.0,414.891,304.67975708502
ministro hales,Miles TM,1991,0.0,0.0,0.0,414.891,349.114859437751
ministro hales,Miles TM,1992,0.0,0.0,0.0,414.891,362.696144578313
ministro hales,Miles TM,1993,0.0,0.0,0.0,414.891,404.255238095238
ministro hales,Miles TM,1994,0.0,0.0,0.0,414.891,420.252420634921
ministro hales,Miles TM,1995,0.0,0.0,0.0,414.891,396.782056451613
ministro hales,Miles TM,1996,0.0,0.0,0.0,414.891,412.21904
ministro hales,Miles TM,1997,0.0,0.0,0.0,414.891,419.248795180723
ministro hales,Miles TM,1998,0.0,0.0,0.0,414.891,460.319718875502
ministro hales,Miles TM,1999,0.0,0.0,0.0,414.891,508.897250996016
ministro hales,Miles TM,2000,0.0,0.0,0.0,414.891,538.871129032258
ministro hales,Miles TM,2001,0.0,20.0,20.0,414.891,634.428502024292
ministro hales,Miles TM,2002,0.0,0.0,19.0,414.891,689.242449799197
ministro hales,Miles TM,2003,0.0,18.0,36.05,414.891,691.53556
ministro hales,Miles TM,2004,0.0,900.0,934.2475,414.891,609.54996031746
ministro hales,Miles TM,2005,0.0,14.4,901.935125,414.891,559.862777777778
ministro hales,Miles TM,2006,0.0,0.0,856.8383687499999,414.891,530.263052208836
ministro hales,Miles TM,2007,0.0,0.0,813.9964503124999,414.891,522.690688259109
ministro hales,Miles TM,2008,0.0,21.000175,794.2968027968749,414.891,521.78956
ministro hales,Miles TM,2009,0.0,1508.084128,2262.666090657031,414.891,559.66732
ministro hales,Miles TM,2010,0.0,0.0,2149.5327861241794,414.891,510.37664
ministro hales,Miles TM,2011,0.0,14.0,2056.0561468179703,414.891,483.364047619048
ministro hales,Miles TM,2012,0.0,70.0,2023.253339477072,414.891,486.746558704453
ministro hales,Miles TM,2013,33.5,121.258,2043.348672503218,414.891,494.995161290323
ministro hales,Miles TM,2014,141.20000000000002,0.0,1941.181238878057,414.891,570.005903614458
ministro hales,Miles TM,2015,238.3,0.0,1844.122176934154,414.891,654.249
ministro hales,Miles TM,2016,237.0,93.915,1845.8310680874465,414.891,676.83242063492
ministro hales,Miles TM,2017,215.1,0.0,1753.5395146830738,414.891,649.3287854251
ministro hales,Miles TM,2018,195.5,360.0,2025.86253894892,414.891,640.290772357724
ministro hales,Miles TM,2019,151.79999999999998,114.816,2039.385412001474,414.891,702.631048387097
ministro hales,Miles TM,2020,170.60000000000002,0.0,1937.4161414014,414.891,792.221832669323
ministro hales,Miles TM,2021,181.705,0.0,1840.5453343313304,414.891,759.27284
ministro hales,Miles TM,2022,152.167,0.0,1748.5180676147636,414.891,872.33152
ministro hales,Miles TM,2023,126.01,2500.0,4161.092164234025,414.891,839.073400809716
ministro hales,Miles TM,2024,122.208,0.0,3953.037556022324,414.891,943.582419354839
ministro hales,Miles TM,2025,152.888,0.0,3755.385678221208,414.891,951.641209677419
pampa camarones,Miles TM,2014,2.038,0.0,0.0,414.891,570.005903614458
pampa camarones,Miles TM,2015,5.536,0.0,0.0,414.891,654.249
pampa camarones,Miles TM,2016,1.947,0.0,0.0,414.891,676.83242063492
pampa camarones,Miles TM,2019,2.373,0.0,0.0,414.891,702.631048387097
pampa camarones,Miles TM,2020,7.225,0.0,0.0,414.891,792.221832669323
pampa camarones,Miles TM,2021,6.696,0.0,0.0,414.891,759.27284
pampa camarones,Miles TM,2022,6.225,0.0,0.0,414.891,872.33152
pampa camarones,Miles TM,2023,4.954,0.0,0.0,414.891,839.073400809716
pampa camarones,Miles TM,2024,4.646,0.0,0.0,414.891,943.582419354839
pampa camarones,Miles TM,2025,3.643,0.0,0.0,414.891,951.641209677419
quebrada blanca,Miles TM,1982,0.0,0.0,0.0,414.891,66.0208910891089
quebrada blanca,Miles TM,1983,0.0,0.0,0.0,414.891,78.7665612648221
quebrada blanca,Miles TM,1984,0.0,0.0,0.0,414.891,98.2334939759036
quebrada blanca,Miles TM,1985,0.0,0.0,0.0,414.891,160.72584
quebrada blanca,Miles TM,1986,0.0,0.0,0.0,414.891,192.868112449799
quebrada blanca,Miles TM,1987,0.0,0.0,0.0,414.891,219.456129032258
quebrada blanca,Miles TM,1988,0.0,0.0,0.0,414.891,244.98796812749
quebrada blanca,Miles TM,1989,0.0,0.0,0.0,414.891,266.494777327935
quebrada blanca,Miles TM,1990,0.0,0.0,0.0,414.891,304.67975708502
quebrada blanca,Miles TM,1991,0.0,0.0,0.0,414.891,349.114859437751
quebrada blanca,Miles TM,1992,0.0,0.0,0.0,414.891,362.696144578313
quebrada blanca,Miles TM,1993,0.0,0.0,0.0,414.891,404.255238095238
quebrada blanca,Miles TM,1994,6.9,0.0,0.0,414.891,420.252420634921
quebrada blanca,Miles TM,1995,46.4,0.0,0.0,414.891,396.782056451613
quebrada blanca,Miles TM,1996,67.7,0.0,0.0,414.891,412.21904
quebrada blanca,Miles TM,1997,66.8,0.0,0.0,414.891,419.248795180723
quebrada blanca,Miles TM,1998,71.1,8.7,8.7,414.891,460.319718875502
quebrada blanca,Miles TM,1999,73.1,0.05,8.315,414.891,508.897250996016
quebrada blanca,Miles TM,2000,68.6,0.0,7.899249999999999,414.891,538.871129032258
quebrada blanca,Miles TM,2001,74.6,0.0,7.504287499999999,414.891,634.428502024292
quebrada blanca,Miles TM,2002,73.8,0.14,7.2690731249999985,414.891,689.242449799197
quebrada blanca,Miles TM,2003,80.1,0.0,6.905619468749999,414.891,691.53556
quebrada blanca,Miles TM,2004,76.3,0.0,6.560338495312498,414.891,609.54996031746
quebrada blanca,Miles TM,2005,81.0,0.0,6.2323215705468735,414.891,559.862777777778
quebrada blanca,Miles TM,2006,82.4,0.9,6.82070549201953,414.891,530.263052208836
quebrada blanca,Miles TM,2007,82.9,0.0,6.479670217418554,414.891,522.690688259109
quebrada blanca,Miles TM,2008,85.39999999999999,9.0,15.155686706547629,414.891,521.78956
quebrada blanca,Miles TM,2009,87.39999999999999,0.0,14.397902371220244,414.891,559.66732
quebrada blanca,Miles TM,2010,86.2,0.0,13.678007252659231,414.891,510.37664
quebrada blanca,Miles TM,2011,63.400000000000006,0.0,12.99410689002627,414.891,483.364047619048
quebrada blanca,Miles TM,2012,62.39999999999999,11200.0002,11212.344601545525,414.891,486.746558704453
quebrada blanca,Miles TM,2013,56.2,0.0,10651.727371468249,414.891,494.995161290323
quebrada blanca,Miles TM,2014,48.1,165.0,10284.141002894836,414.891,570.005903614458
quebrada blanca,Miles TM,2015,39.1,0.0,9769.933952750094,414.891,654.249
quebrada blanca,Miles TM,2016,34.7,5000.0,14281.437255112589,414.891,676.83242063492
quebrada blanca,Miles TM,2017,23.399999999999995,0.0,13567.365392356958,414.891,649.3287854251
quebrada blanca,Miles TM,2018,25.5,0.0,12888.997122739109,414.891,640.290772357724
quebrada blanca,Miles TM,2019,21.1,0.0,12244.547266602152,414.891,702.631048387097
quebrada blanca,Miles TM,2020,13.4,70.0,11702.319903272044,414.891,792.221832669323
quebrada blanca,Miles TM,2021,11.504,0.0,11117.203908108442,414.891,759.27284
quebrada blanca,Miles TM,2022,9.595,0.0,10561.34371270302,414.891,872.33152
quebrada blanca,Miles TM,2023,64.31712499999999,3000.0,13033.276527067868,414.891,839.073400809716
quebrada blanca,Miles TM,2024,207.768,0.0,12381.612700714477,414.891,943.582419354839
quebrada blanca,Miles TM,2025,190.027,141.0,11903.53206567875,414.891,951.641209677419
radomiro tomic,Miles TM,1982,0.0,0.0,0.0,414.891,66.0208910891089
radomiro tomic,Miles TM,1983,0.0,0.0,0.0,414.891,78.7665612648221
radomiro tomic,Miles TM,1984,0.0,0.0,0.0,414.891,98.2334939759036
radomiro tomic,Miles TM,1985,0.0,0.0,0.0,414.891,160.72584
radomiro tomic,Miles TM,1986,0.0,0.0,0.0,414.891,192.868112449799
radomiro tomic,Miles TM,1987,0.0,0.0,0.0,414.891,219.456129032258
radomiro tomic,Miles TM,1988,0.0,0.0,0.0,414.891,244.98796812749
radomiro tomic,Miles TM,1989,0.0,0.0,0.0,414.891,266.494777327935
radomiro tomic,Miles TM,1990,0.0,0.0,0.0,414.891,304.67975708502
radomiro tomic,Miles TM,1991,0.0,0.0,0.0,414.891,349.114859437751
radomiro tomic,Miles TM,1992,0.0,0.0,2432.0,414.891,362.696144578313
radomiro tomic,Miles TM,1993,0.0,0.0,2310.4,414.891,404.255238095238
radomiro tomic,Miles TM,1994,0.0,0.0,2194.88,414.891,420.252420634921
radomiro tomic,Miles TM,1995,0.0,640.0,2725.136,414.891,396.782056451613
radomiro tomic,Miles TM,1996,0.0,0.0,2588.8792,414.891,412.21904
radomiro tomic,Miles TM,1997,4.0,189.44,2648.87524,414.891,419.248795180723
radomiro tomic,Miles TM,1998,161.9,43.33,2559.7614779999994,414.891,460.319718875502
radomiro tomic,Miles TM,1999,190.1,0.0,2431.7734040999994,414.891,508.897250996016
radomiro tomic,Miles TM,2000,191.4,0.0,2310.184733894999,414.891,538.871129032258
radomiro tomic,Miles TM,2001,260.3,0.0,2194.675497200249,414.891,634.428502024292
radomiro tomic,Miles TM,2002,297.1,8.48,2093.421722340237,414.891,689.242449799197
radomiro tomic,Miles TM,2003,306.1,0.0,1988.7506362232243,414.891,691.53556
radomiro tomic,Miles TM,2004,291.0,0.0,1889.3131044120632,414.891,609.54996031746
radomiro tomic,Miles TM,2005,288.8,0.0,1794.84744919146,414.891,559.862777777778
radomiro tomic,Miles TM,2006,306.6,32.05444,1737.159516731887,414.891,530.263052208836
radomiro tomic,Miles TM,2007,281.3,0.0,1650.3015408952924,414.891,522.690688259109
radomiro tomic,Miles TM,2008,285.4,300.0,1867.786463850528,414.891,521.78956
radomiro tomic,Miles TM,2009,300.7,120.428,1894.8251406580007,414.891,559.66732
radomiro tomic,Miles TM,2010,375.3,34.6,1834.6838836251009,414.891,510.37664
radomiro tomic,Miles TM,2011,470.1,200.0,1942.9496894438453,414.891,483.364047619048
radomiro tomic,Miles TM,2012,427.8,0.0,1845.8022049716533,414.891,486.746558704453
radomiro tomic,Miles TM,2013,379.6,5400.0,7153.512094723071,414.891,494.995161290323
radomiro tomic,Miles TM,2014,327.3,91.0,6886.836489986917,414.891,570.005903614458
radomiro tomic,Miles TM,2015,315.7,0.0,6542.49466548757,414.891,654.249
radomiro tomic,Miles TM,2016,318.3,0.0,6215.369932213192,414.891,676.83242063492
radomiro tomic,Miles TM,2017,318.9,0.0,5904.601435602532,414.891,649.3287854251
radomiro tomic,Miles TM,2018,332.70000000000005,208.848,5818.219363822404,414.891,640.290772357724
radomiro tomic,Miles TM,2019,266.4,882.0,6409.308395631284,414.891,702.631048387097
radomiro tomic,Miles TM,2020,260.6,0.0,6088.84297584972,414.891,792.221832669323
radomiro tomic,Miles TM,2021,326.457,458.0,6242.400827057233,414.891,759.27284
radomiro tomic,Miles TM,2022,301.063,0.0,5930.280785704371,414.891,872.33152
radomiro tomic,Miles TM,2023,314.806,0.0,5633.766746419152,414.891,839.073400809716
radomiro tomic,Miles TM,2024,270.479,0.0,5352.078409098194,414.891,943.582419354839
radomiro tomic,Miles TM,2025,295.298,0.0,5084.4744886432845,414.891,951.641209677419
salvador,Miles TM,1982,89.8,0.0,0.0,414.891,66.0208910891089
salvador,Miles TM,1983,87.0,0.0,0.0,414.891,78.7665612648221
salvador,Miles TM,1984,96.3,0.0,0.0,414.891,98.2334939759036
salvador,Miles TM,1985,95.1,0.0,0.0,414.891,160.72584
salvador,Miles TM,1986,102.8,0.0,0.0,414.891,192.868112449799
salvador,Miles TM,1987,97.1,0.0,0.0,414.891,219.456129032258
salvador,Miles TM,1988,86.3,0.0,0.0,414.891,244.98796812749
salvador,Miles TM,1989,129.9,0.0,0.0,414.891,266.494777327935
salvador,Miles TM,1990,95.0,0.0,0.0,414.891,304.67975708502
salvador,Miles TM,1991,91.1,0.0,0.0,414.891,349.114859437751
salvador,Miles TM,1992,85.0,0.0,76.0,414.891,362.696144578313
salvador,Miles TM,1993,84.1,20.0,92.2,414.891,404.255238095238
salvador,Miles TM,1994,82.6,0.0,87.59,414.891,420.252420634921
salvador,Miles TM,1995,85.9,0.0,83.2105,414.891,396.782056451613
salvador,Miles TM,1996,89.9,0.0,79.04997499999999,414.891,412.21904
salvador,Miles TM,1997,88.3,14.4,89.49747624999999,414.891,419.248795180723
salvador,Miles TM,1998,88.1,8.1,93.12260243749998,414.891,460.319718875502
salvador,Miles TM,1999,91.7,1.2,89.66647231562497,414.891,508.897250996016
salvador,Miles TM,2000,80.5,10.55,95.73314869984372,414.891,538.871129032258
salvador,Miles TM,2001,81.2,0.0,90.94649126485152,414.891,634.428502024292
salvador,Miles TM,2002,72.8,50.5,136.89916670160892,414.891,689.242449799197
salvador,Miles TM,2003,80.1,0.0,130.05420836652846,414.891,691.53556
salvador,Miles TM,2004,74.9,0.0,123.55149794820204,414.891,609.54996031746
salvador,Miles TM,2005,77.5,0.0,117.37392305079192,414.891,559.862777777778
salvador,Miles TM,2006,80.6,0.0,111.50522689825232,414.891,530.263052208836
salvador,Miles TM,2007,63.9,0.15,106.0799655533397,414.891,522.690688259109
salvador,Miles TM,2008,42.7,0.0,100.77596727567273,414.891,521.78956
salvador,Miles TM,2009,65.5,295.5,391.23716891188906,414.891,559.66732
salvador,Miles TM,2010,76.19999999999999,16.91,388.5853104662946,414.891,510.37664
salvador,Miles TM,2011,68.99999999999999,88.0,457.1560449429799,414.891,483.364047619048
salvador,Miles TM,2012,62.7,1006.0,1440.2982426958308,414.891,486.746558704453
salvador,Miles TM,2013,54.3,0.0,1368.2833305610393,414.891,494.995161290323
salvador,Miles TM,2014,53.99999999999999,0.0,1299.869164032987,414.891,570.005903614458
salvador,Miles TM,2015,48.6,0.0,1234.875705831338,414.891,654.249
salvador,Miles TM,2016,59.8,78.5,1251.631920539771,414.891,676.83242063492
salvador,Miles TM,2017,62.0,0.0,1189.0503245127825,414.891,649.3287854251
salvador,Miles TM,2018,60.8,1009.5,2139.0978082871434,414.891,640.290772357724
salvador,Miles TM,2019,50.6,0.0,2032.142917872786,414.891,702.631048387097
salvador,Miles TM,2020,56.3,0.0,1930.5357719791464,414.891,792.221832669323
salvador,Miles TM,2021,52.885,0.0,1834.0089833801887,414.891,759.27284
salvador,Miles TM,2022,32.099999999999994,0.0,1742.3085342111797,414.891,872.33152
salvador,Miles TM,2023,13.0,0.0,1655.1931075006207,414.891,839.073400809716
salvador,Miles TM,2024,5.673,0.0,1572.4334521255896,414.891,943.582419354839
salvador,Miles TM,2025,47.017,0.0,1493.81177951931,414.891,951.641209677419
sierra gorda,Miles TM,1982,0.0,0.0,0.0,414.891,66.0208910891089
sierra gorda,Miles TM,1983,0.0,0.0,0.0,414.891,78.7665612648221
sierra gorda,Miles TM,1984,0.0,0.0,0.0,414.891,98.2334939759036
sierra gorda,Miles TM,1985,0.0,0.0,0.0,414.891,160.72584
sierra gorda,Miles TM,1986,0.0,0.0,0.0,414.891,192.868112449799
sierra gorda,Miles TM,1987,0.0,0.0,0.0,414.891,219.456129032258
sierra gorda,Miles TM,1988,0.0,0.0,0.0,414.891,244.98796812749
sierra gorda,Miles TM,1989,0.0,0.0,0.0,414.891,266.494777327935
sierra gorda,Miles TM,1990,0.0,0.0,0.0,414.891,304.67975708502
sierra gorda,Miles TM,1991,0.0,0.0,0.0,414.891,349.114859437751
sierra gorda,Miles TM,1992,0.0,0.0,0.0,414.891,362.696144578313
sierra gorda,Miles TM,1993,0.0,0.0,0.0,414.891,404.255238095238
sierra gorda,Miles TM,1994,0.0,0.0,0.0,414.891,420.252420634921
sierra gorda,Miles TM,1995,0.0,0.0,0.0,414.891,396.782056451613
sierra gorda,Miles TM,1996,0.0,0.0,0.0,414.891,412.21904
sierra gorda,Miles TM,1997,0.0,0.0,0.0,414.891,419.248795180723
sierra gorda,Miles TM,1998,0.0,0.0,0.0,414.891,460.319718875502
sierra gorda,Miles TM,1999,0.0,0.0,0.0,414.891,508.897250996016
sierra gorda,Miles TM,2000,0.0,0.0,0.0,414.891,538.871129032258
sierra gorda,Miles TM,2001,0.0,0.0,0.0,414.891,634.428502024292
sierra gorda,Miles TM,2002,0.0,0.0,0.0,414.891,689.242449799197
sierra gorda,Miles TM,2003,0.0,0.0,0.0,414.891,691.53556
sierra gorda,Miles TM,2004,0.0,0.0,0.0,414.891,609.54996031746
sierra gorda,Miles TM,2005,0.0,0.0,0.0,414.891,559.862777777778
sierra gorda,Miles TM,2006,0.0,0.0,0.0,414.891,530.263052208836
sierra gorda,Miles TM,2007,0.0,0.0,0.0,414.891,522.690688259109
sierra gorda,Miles TM,2008,0.0,0.0,0.0,414.891,521.78956
sierra gorda,Miles TM,2009,0.0,0.0,0.0,414.891,559.66732
sierra gorda,Miles TM,2010,0.0,1900.0,1900.0,414.891,510.37664
sierra gorda,Miles TM,2011,0.0,0.0,1805.0,414.891,483.364047619048
sierra gorda,Miles TM,2012,0.0,3209.33,4924.08,414.891,486.746558704453
sierra gorda,Miles TM,2013,0.0,0.0,4677.875999999999,414.891,494.995161290323
sierra gorda,Miles TM,2014,12.7,0.0,4443.9822,414.891,570.005903614458
sierra gorda,Miles TM,2015,87.9,1500.0,5721.783089999999,414.891,654.249
sierra gorda,Miles TM,2016,98.09999999999998,0.0,5435.693935499999,414.891,676.83242063492
sierra gorda,Miles TM,2017,101.7,2000.0,7163.909238724998,414.891,649.3287854251
sierra gorda,Miles TM,2018,101.9,0.0,6805.713776788748,414.891,640.290772357724
sierra gorda,Miles TM,2019,114.0,0.0,6465.42808794931,414.891,702.631048387097
sierra gorda,Miles TM,2020,156.10000000000002,400.0,6542.156683551844,414.891,792.221832669323
sierra gorda,Miles TM,2021,198.218,0.0,6215.048849374251,414.891,759.27284
sierra gorda,Miles TM,2022,172.683,0.0,5904.296406905539,414.891,872.33152
sierra gorda,Miles TM,2023,150.235,0.0,5609.081586560262,414.891,839.073400809716
sierra gorda,Miles TM,2024,154.55900000000003,0.0,5328.627507232249,414.891,943.582419354839
sierra gorda,Miles TM,2025,165.313,0.0,5062.196131870636,414.891,951.641209677419
spence,Miles TM,1982,0.0,0.0,0.0,414.891,66.0208910891089
spence,Miles TM,1983,0.0,0.0,0.0,414.891,78.7665612648221
spence,Miles TM,1984,0.0,0.0,0.0,414.891,98.2334939759036
spence,Miles TM,1985,0.0,0.0,0.0,414.891,160.72584
spence,Miles TM,1986,0.0,0.0,0.0,414.891,192.868112449799
spence,Miles TM,1987,0.0,0.0,0.0,414.891,219.456129032258
spence,Miles TM,1988,0.0,0.0,0.0,414.891,244.98796812749
spence,Miles TM,1989,0.0,0.0,0.0,414.891,266.494777327935
spence,Miles TM,1990,0.0,0.0,0.0,414.891,304.67975708502
spence,Miles TM,1991,0.0,0.0,0.0,414.891,349.114859437751
spence,Miles TM,1992,0.0,0.0,0.0,414.891,362.696144578313
spence,Miles TM,1993,0.0,0.0,0.0,414.891,404.255238095238
spence,Miles TM,1994,0.0,0.0,0.0,414.891,420.252420634921
spence,Miles TM,1995,0.0,0.0,0.0,414.891,396.782056451613
spence,Miles TM,1996,0.0,0.0,0.0,414.891,412.21904
spence,Miles TM,1997,0.0,0.0,0.0,414.891,419.248795180723
spence,Miles TM,1998,0.0,0.0,0.0,414.891,460.319718875502
spence,Miles TM,1999,0.0,0.0,0.0,414.891,508.897250996016
spence,Miles TM,2000,0.0,0.0,0.0,414.891,538.871129032258
spence,Miles TM,2001,0.0,0.0,0.0,414.891,634.428502024292
spence,Miles TM,2002,0.0,800.0,800.0,414.891,689.242449799197
spence,Miles TM,2003,0.0,800.0,1560.0,414.891,691.53556
spence,Miles TM,2004,0.0,0.0,1482.0,414.891,609.54996031746
spence,Miles TM,2005,0.0,0.0,1407.9,414.891,559.862777777778
spence,Miles TM,2006,4.3,0.0,1337.505,414.891,530.263052208836
spence,Miles TM,2007,128.1,0.0,1270.6297499999998,414.891,522.690688259109
spence,Miles TM,2008,164.79999999999998,0.0,1207.0982624999997,414.891,521.78956
spence,Miles TM,2009,162.3,35.0,1181.7433493749998,414.891,559.66732
spence,Miles TM,2010,178.1,0.0,1122.6561819062497,414.891,510.37664
spence,Miles TM,2011,181.0,200.0,1266.5233728109372,414.891,483.364047619048
spence,Miles TM,2012,166.70000000000002,0.0,1203.1972041703905,414.891,486.746558704453
spence,Miles TM,2013,151.6,0.0,1143.0373439618706,414.891,494.995161290323
spence,Miles TM,2014,176.1,0.0,1085.885476763777,414.891,570.005903614458
spence,Miles TM,2015,175.6,2500.0,3531.591202925588,414.891,654.249
spence,Miles TM,2016,167.4,0.0,3355.011642779308,414.891,676.83242063492
spence,Miles TM,2017,198.6,0.0,3187.2610606403427,414.891,649.3287854251
spence,Miles TM,2018,176.4,0.0,3027.8980076083253,414.891,640.290772357724
spence,Miles TM,2019,193.4,764.0,3640.503107227909,414.891,702.631048387097
spence,Miles TM,2020,146.7,0.0,3458.477951866513,414.891,792.221832669323
spence,Miles TM,2021,203.033,0.0,3285.5540542731874,414.891,759.27284
spence,Miles TM,2022,245.477,0.0,3121.276351559528,414.891,872.33152
spence,Miles TM,2023,249.04299999999995,1652.0,4617.212533981552,414.891,839.073400809716
spence,Miles TM,2024,255.586,0.0,4386.351907282474,414.891,943.582419354839
spence,Miles TM,2025,254.795,0.0,4167.03431191835,414.891,951.641209677419
tres valles,Miles TM,2014,8.2,0.0,0.0,414.891,570.005903614458
tres valles,Miles TM,2015,5.8,0.0,0.0,414.891,654.249
tres valles,Miles TM,2016,5.4,0.0,0.0,414.891,676.83242063492
tres valles,Miles TM,2017,5.9,0.0,0.0,414.891,649.3287854251
tres valles,Miles TM,2018,5.9,0.0,0.0,414.891,640.290772357724
tres valles,Miles TM,2019,7.1,0.0,0.0,414.891,702.631048387097
tres valles,Miles TM,2020,4.883,0.0,0.0,414.891,792.221832669323
tres valles,Miles TM,2021,4.21,0.0,0.0,414.891,759.27284
tres valles,Miles TM,2022,2.648,0.0,0.0,414.891,872.33152
tres valles,Miles TM,2023,1.557,0.0,0.0,414.891,839.073400809716
tres valles,Miles TM,2024,1.496,0.0,0.0,414.891,943.582419354839
tres valles,Miles TM,2025,1.811,0.0,0.0,414.891,951.641209677419
zaldivar,Miles TM,1982,0.0,0.0,0.0,414.891,66.0208910891089
zaldivar,Miles TM,1983,0.0,0.0,0.0,414.891,78.7665612648221
zaldivar,Miles TM,1984,0.0,0.0,0.0,414.891,98.2334939759036
zaldivar,Miles TM,1985,0.0,0.0,0.0,414.891,160.72584
zaldivar,Miles TM,1986,0.0,0.0,0.0,414.891,192.868112449799
zaldivar,Miles TM,1987,0.0,0.0,0.0,414.891,219.456129032258
zaldivar,Miles TM,1988,0.0,0.0,0.0,414.891,244.98796812749
zaldivar,Miles TM,1989,0.0,0.0,0.0,414.891,266.494777327935
zaldivar,Miles TM,1990,0.0,0.0,0.0,414.891,304.67975708502
zaldivar,Miles TM,1991,0.0,0.0,0.0,414.891,349.114859437751
zaldivar,Miles TM,1992,0.0,0.0,2280.0,414.891,362.696144578313
zaldivar,Miles TM,1993,0.0,600.0,2766.0,414.891,404.255238095238
zaldivar,Miles TM,1994,0.0,0.0,2627.7,414.891,420.252420634921
zaldivar,Miles TM,1995,22.4,0.0,2496.315,414.891,396.782056451613
zaldivar,Miles TM,1996,77.5,0.0,2371.4992499999994,414.891,412.21904
zaldivar,Miles TM,1997,96.2,0.0,2252.9242874999995,414.891,419.248795180723
zaldivar,Miles TM,1998,135.0,0.0,2140.2780731249995,414.891,460.319718875502
zaldivar,Miles TM,1999,150.4,20.9,2054.1641694687496,414.891,508.897250996016
zaldivar,Miles TM,2000,147.7,0.0,1951.455960995312,414.891,538.871129032258
zaldivar,Miles TM,2001,140.4,0.0,1853.8831629455465,414.891,634.428502024292
zaldivar,Miles TM,2002,147.8,4.0,1765.189004798269,414.891,689.242449799197
zaldivar,Miles TM,2003,150.5,3.928,1680.8575545583556,414.891,691.53556
zaldivar,Miles TM,2004,147.6,0.0,1596.8146768304375,414.891,609.54996031746
zaldivar,Miles TM,2005,123.3,0.0,1516.9739429889155,414.891,559.862777777778
zaldivar,Miles TM,2006,146.3,0.0,1441.12524583947,414.891,530.263052208836
zaldivar,Miles TM,2007,142.9,6.0,1375.0689835474964,414.891,522.690688259109
zaldivar,Miles TM,2008,133.5,0.0,1306.3155343701214,414.891,521.78956
zaldivar,Miles TM,2009,136.99999999999997,38.0,1278.9997576516153,414.891,559.66732
zaldivar,Miles TM,2010,144.39999999999998,0.0,1215.0497697690344,414.891,510.37664
zaldivar,Miles TM,2011,132.3,0.0,1154.2972812805826,414.891,483.364047619048
zaldivar,Miles TM,2012,131.10000000000002,0.0,1096.5824172165535,414.891,486.746558704453
zaldivar,Miles TM,2013,126.5,0.0,1041.7532963557258,414.891,494.995161290323
zaldivar,Miles TM,2014,100.59999999999998,0.0,989.6656315379394,414.891,570.005903614458
zaldivar,Miles TM,2015,103.4,40.0,980.1823499610424,414.891,654.249
zaldivar,Miles TM,2016,103.4,0.0,931.1732324629902,414.891,676.83242063492
zaldivar,Miles TM,2017,103.29999999999998,0.0,884.6145708398407,414.891,649.3287854251
zaldivar,Miles TM,2018,94.5,100.0,940.3838422978486,414.891,640.290772357724
zaldivar,Miles TM,2019,116.1,0.0,893.3646501829561,414.891,702.631048387097
zaldivar,Miles TM,2020,96.5,0.0,848.6964176738082,414.891,792.221832669323
zaldivar,Miles TM,2021,86.92,0.0,806.2615967901178,414.891,759.27284
zaldivar,Miles TM,2022,88.909,1.2,767.1485169506119,414.891,872.33152
zaldivar,Miles TM,2023,80.91499999999999,1201.2,1929.991091103081,414.891,839.073400809716
zaldivar,Miles TM,2024,82.84596187731034,0.0,1833.4915365479271,414.891,943.582419354839
zaldivar,Miles TM,2025,75.36200000000001,0.0,1741.8169597205306,414.891,951.641209677419
