Spot and Futures Prices,,,,
,,,,
Period,Copper - LME - ¢US$/lb - Nominal Spot,Copper - LME - ¢US$/lb - Content,Copper - COMEX - ¢US$/lb - Nominal 1 Pos.,Copper - COMEX - ¢US$/lb - Content
Jan-2005,143.789,242.563,144.995,244.598
Feb-2005,147.585,247.818,146.639,246.230
Mar-2005,153.296,253.890,148.680,246.244
Apr-2005,153.971,252.869,149.340,245.265
May-2005,147.377,243.138,147.990,244.150
Jun-2005,159.849,263.714,162.186,267.570
Jul-2005,163.938,266.999,163.217,265.826
Aug-2005,172.263,278.244,171.639,277.236
Sep-2005,174.989,274.630,175.357,275.208
Oct-2005,184.148,282.049,190.302,291.476
Nov-2005,193.654,301.139,201.130,312.764
Dec-2005,207.599,324.210,217.245,339.275
Jan-2006,214.746,332.718,218.258,338.159
Feb-2006,225.998,355.562,225.079,354.116
Mar-2006,231.461,363.260,232.409,364.746
Apr-2006,289.745,448.918,296.853,459.931
May-2006,364.954,560.328,375.861,577.075
Jun-2006,326.478,500.350,339.648,520.533
Jul-2006,349.815,533.865,362.321,552.951
Aug-2006,349.069,529.237,353.061,535.289
Sep-2006,344.837,530.723,346.358,533.063
Oct-2006,340.212,533.934,339.400,532.660
Nov-2006,318.838,493.094,316.560,489.571
Dec-2006,302.778,465.428,301.413,463.330
Jan-2007,257.171,399.179,258.305,400.938
Feb-2007,257.479,392.949,259.661,396.277
Mar-2007,292.680,440.073,292.270,439.458
Apr-2007,352.281,523.200,350.840,521.060
May-2007,348.457,511.847,348.248,511.539
Jun-2007,339.100,496.670,338.764,496.177
Jul-2007,361.691,525.824,361.595,525.685
Aug-2007,340.807,503.222,336.783,497.281
Sep-2007,346.952,509.048,345.616,507.088
Oct-2007,363.256,529.309,358.887,522.943
Nov-2007,316.004,449.396,312.924,445.015
Dec-2007,298.812,425.898,302.170,430.684
Jan-2008,320.283,450.447,320.171,450.291
Feb-2008,357.780,498.501,358.955,500.139
Mar-2008,382.800,518.602,381.108,516.309
Apr-2008,393.942,525.310,393.939,525.305
May-2008,380.235,492.332,377.421,488.689
Jun-2008,374.694,475.721,368.974,468.458
Jul-2008,381.655,472.768,375.939,465.687
Aug-2008,346.304,442.990,343.640,439.583
Sep-2008,317.100,409.959,314.293,406.329
Oct-2008,223.426,305.124,218.565,298.486
Nov-2008,168.600,242.753,168.497,242.605
Dec-2008,139.343,207.554,138.798,206.742
Jan-2009,146.088,217.220,147.848,219.836
Feb-2009,150.353,226.071,150.639,226.501
Mar-2009,170.086,257.567,171.698,260.008
Apr-2009,199.878,300.891,204.614,308.022
May-2009,207.230,308.854,210.613,313.896
Jun-2009,227.429,332.534,228.339,333.864
Jul-2009,236.573,349.113,238.555,352.037
Aug-2009,279.653,406.791,281.060,408.836
Sep-2009,281.065,410.958,281.479,411.562
Oct-2009,285.218,414.412,287.857,418.246
Nov-2009,302.800,434.502,303.530,435.549
Dec-2009,316.685,452.640,318.773,455.624
Jan-2010,335.035,468.863,333.766,467.088
Feb-2010,310.628,436.869,311.918,438.684
Mar-2010,338.508,470.106,339.541,471.541
Apr-2010,351.311,484.975,351.919,485.815
May-2010,310.152,427.230,310.578,427.816
Jun-2010,294.803,408.964,293.707,407.443
Jul-2010,305.506,422.430,306.426,423.703
Aug-2010,330.395,454.868,331.982,457.053
Sep-2010,349.688,481.430,351.798,484.334
Oct-2010,376.137,513.126,377.312,514.728
Nov-2010,384.188,521.037,384.207,521.063
Dec-2010,414.913,556.774,416.973,559.538
Jan-2011,433.439,572.580,434.427,573.885
Feb-2011,447.587,581.907,449.166,583.960
Mar-2011,432.303,552.444,431.954,551.998
Apr-2011,430.153,539.141,430.438,539.497
May-2011,404.924,505.033,405.557,505.823
Jun-2011,410.294,512.232,410.914,513.006
Jul-2011,436.321,542.863,440.125,547.595
Aug-2011,410.106,513.762,407.857,510.943
Sep-2011,377.155,471.322,373.776,467.100
Oct-2011,333.277,421.874,334.360,423.244
Nov-2011,342.543,432.957,344.219,435.075
Dec-2011,343.258,437.336,343.207,437.270
Jan-2012,364.845,462.754,366.865,465.316
Feb-2012,382.047,482.409,384.582,485.611
Mar-2012,383.605,478.209,383.948,478.636
Apr-2012,374.651,468.193,371.918,464.777
May-2012,359.242,452.939,357.034,450.155
Jun-2012,336.570,428.815,334.760,426.507
Jul-2012,344.249,437.940,343.902,437.499
Aug-2012,339.852,426.801,341.802,429.250
Sep-2012,365.975,455.785,371.866,463.121
Oct-2012,366.027,457.866,367.993,460.325
Nov-2012,349.003,440.248,350.360,441.959
Dec-2012,361.177,456.282,362.362,457.781
Jan-2013,365.109,458.973,366.738,461.020
Feb-2013,366.071,456.127,366.645,456.842
Mar-2013,347.583,433.729,346.647,432.561
Apr-2013,326.739,408.720,327.718,409.945
May-2013,327.910,408.978,329.902,411.464
Jun-2013,317.698,395.855,317.945,396.162
Jul-2013,312.660,389.387,314.225,391.335
Aug-2013,325.782,406.126,328.182,409.117
Sep-2013,324.837,405.544,327.328,408.653
Oct-2013,326.076,409.905,328.233,412.616
Nov-2013,320.527,405.532,321.635,406.934
Dec-2013,326.720,411.731,334.169,421.118
Jan-2014,330.891,413.304,335.514,419.079
Feb-2014,324.416,401.474,328.545,406.583
Mar-2014,302.448,371.937,307.238,377.828
Apr-2014,302.584,369.782,306.933,375.097
May-2014,312.247,382.142,313.202,383.311
Jun-2014,308.719,377.280,309.786,378.583
Jul-2014,322.255,394.389,322.591,394.801
Aug-2014,317.540,390.496,315.764,388.313
Sep-2014,311.719,384.453,309.195,381.340
Oct-2014,305.685,382.571,303.615,379.981
Nov-2014,303.958,385.144,301.761,382.359
Dec-2014,291.340,376.464,289.809,374.485
Jan-2015,263.802,349.757,265.323,351.773
Feb-2015,258.642,344.530,262.363,349.487
Mar-2015,268.792,357.303,270.793,359.963
Apr-2015,273.447,364.634,275.276,367.073
May-2015,285.791,376.167,289.337,380.835
Jun-2015,264.608,345.783,267.534,349.606
Jul-2015,247.521,324.956,248.220,325.873
Aug-2015,230.830,306.201,233.321,309.506
Sep-2015,236.235,318.011,237.057,319.118
Oct-2015,236.894,321.619,236.786,321.473
Nov-2015,218.098,298.971,215.538,295.461
Dec-2015,209.968,291.277,208.216,288.846
Jan-2016,202.427,282.200,200.945,280.133
Feb-2016,208.447,292.676,207.505,291.353
Mar-2016,224.417,313.715,223.159,311.956
Apr-2016,220.043,305.754,218.288,303.315
May-2016,213.567,293.392,211.143,290.062
Jun-2016,210.042,285.012,209.770,284.643
Jul-2016,220.255,298.710,220.732,299.358
Aug-2016,215.829,294.433,214.096,292.069
Sep-2016,213.514,290.808,213.752,291.133
Oct-2016,214.646,292.664,214.010,291.795
Nov-2016,246.902,337.365,246.638,337.005
Dec-2016,257.017,347.641,256.683,347.190
Jan-2017,260.245,347.393,261.862,349.552
Feb-2017,269.504,358.063,269.426,357.959
Mar-2017,264.060,351.013,264.122,351.095
Apr-2017,258.442,340.875,258.626,341.118
May-2017,253.626,334.870,254.902,336.555
Jun-2017,258.524,339.926,260.193,342.121
Jul-2017,271.185,356.758,272.883,358.991
Aug-2017,293.845,385.971,295.878,388.641
Sep-2017,298.609,390.214,298.405,389.948
Oct-2017,308.324,402.703,309.559,404.316
Nov-2017,309.603,402.309,309.417,402.067
Dec-2017,308.495,400.053,309.825,401.777
Jan-2018,321.157,413.105,319.390,410.833
Feb-2018,317.596,405.656,316.745,404.568
Mar-2018,308.251,393.719,306.683,391.717
Apr-2018,310.191,394.220,308.764,392.406
May-2018,309.430,387.639,306.402,383.846
Jun-2018,315.464,393.263,311.714,388.589
Jul-2018,283.413,353.135,279.126,347.793
Aug-2018,273.959,342.865,269.387,337.143
Sep-2018,273.064,341.409,269.232,336.618
Oct-2018,281.948,350.795,275.935,343.313
Nov-2018,280.910,353.476,275.098,346.163
Dec-2018,276.429,350.087,272.337,344.906
Jan-2019,269.072,344.022,268.238,342.956
Feb-2019,284.774,363.916,285.566,364.927
Mar-2019,292.614,370.954,289.974,367.607
Apr-2019,292.345,368.229,292.007,367.804
May-2019,273.440,345.100,274.282,346.163
Jun-2019,266.187,338.295,267.842,340.399
Jul-2019,269.427,341.730,268.657,340.753
Aug-2019,258.910,330.863,257.243,328.733
Sep-2019,260.611,334.379,259.740,333.262
Oct-2019,260.493,333.892,261.165,334.754
Nov-2019,265.791,339.998,265.462,339.578
Dec-2019,274.987,351.762,277.029,354.373
Jan-2020,274.387,350.466,274.967,351.206
Feb-2020,257.933,333.804,258.382,334.385
Mar-2020,234.901,309.665,236.714,312.054
Apr-2020,228.985,314.233,230.631,316.492
May-2020,237.402,320.429,238.715,322.201
Jun-2020,260.470,346.784,259.805,345.898
Jul-2020,288.202,380.127,286.600,378.014
Aug-2020,294.685,386.078,291.752,382.235
Sep-2020,304.470,396.448,302.302,393.626
Oct-2020,304.033,393.865,305.695,396.019
Nov-2020,320.392,411.290,320.337,411.220
Dec-2020,351.772,446.618,353.470,448.774
Jan-2021,361.536,449.377,362.318,450.349
Feb-2021,383.751,463.852,386.126,466.724
Mar-2021,408.459,483.614,408.828,484.052
Apr-2021,423.454,494.695,424.783,496.249
May-2021,461.937,522.857,463.535,524.665
Jun-2021,436.013,484.889,439.832,489.136
Jul-2021,427.901,469.813,435.479,478.133
Aug-2021,424.435,462.884,429.230,468.112
Sep-2021,422.933,456.816,426.538,460.710
Oct-2021,443.545,469.543,445.112,471.201
Nov-2021,442.955,463.479,436.574,456.802
Dec-2021,433.195,456.927,433.300,457.038
Jan-2022,443.429,458.014,443.112,457.688
Feb-2022,450.932,454.322,450.211,453.595
Mar-2022,464.369,454.628,468.228,458.406
Apr-2022,461.899,443.183,463.763,444.970
May-2022,424.690,395.639,424.929,395.862
Jun-2022,409.736,372.174,412.540,374.721
Jul-2022,341.545,319.324,339.610,317.514
Aug-2022,361.104,341.027,361.500,341.401
Sep-2022,350.840,333.372,348.021,330.694
Oct-2022,345.693,331.996,347.386,333.622
Nov-2022,364.233,352.333,367.683,355.671
Dec-2022,379.531,374.619,381.645,376.706
Jan-2023,408.224,399.333,412.233,403.254
Feb-2023,406.201,399.748,408.824,402.329
Mar-2023,400.782,396.880,404.915,400.973
Apr-2023,399.796,396.142,400.037,396.380
May-2023,373.501,374.810,374.173,375.485
Jun-2023,380.393,381.441,379.598,380.643
Jul-2023,383.071,384.164,383.570,384.665
Aug-2023,378.830,374.242,376.330,371.773
Sep-2023,375.160,368.822,372.293,366.003
Oct-2023,360.137,359.244,359.964,359.071
Nov-2023,370.764,373.262,371.836,374.341
Dec-2023,380.750,387.902,385.152,392.387
Jan-2024,378.491,383.391,381.207,386.142
Feb-2024,376.969,376.427,379.663,379.117
Mar-2024,393.520,392.694,397.642,396.808
Apr-2024,430.116,426.068,436.091,431.987
May-2024,459.447,458.091,477.507,476.097
Jun-2024,437.336,435.021,452.313,449.919
Jul-2024,426.085,421.512,435.248,430.577
Aug-2024,406.587,405.149,409.561,408.113
Sep-2024,419.777,422.896,423.280,426.425
Oct-2024,432.693,435.220,438.463,441.024
Nov-2024,411.625,413.817,417.455,419.678
Dec-2024,404.583,406.397,410.843,412.685
Jan-2025,407.216,402.784,424.829,420.206
Feb-2025,423.168,415.114,455.126,446.465
Mar-2025,441.394,434.623,491.281,483.745
Apr-2025,416.948,410.764,464.281,457.395
May-2025,432.263,425.381,464.114,456.725
Jun-2025,446.051,435.909,487.780,476.689
Jul-2025,443.533,430.340,544.730,528.527
Aug-2025,437.529,424.934,444.083,431.301
Sep-2025,451.448,438.052,460.762,447.090
Oct-2025,485.164,470.767,501.985,487.089
Nov-2025,489.915,475.378,501.955,487.061
Dec-2025,535.411,0.000,539.877,0.000
