Cluster,N,lat_centroid,lon_centroid,Empresas,Empresa_top,Recursos,Region_top,spread_km
0,2,-52.47738647449995,-69.43795776349995,1,ENAP,Hidrocarburos,MAGALLANES,3.2
1,23,-52.82118571599995,-69.66637840013038,1,ENAP,Hidrocarburos,MAGALLANES,28.4
2,17,-26.340123234176424,-69.65373810564702,8,CODELCO,Cobre,ATACAMA,33.8
3,7,-27.514132950999958,-70.33120855399996,6,CIA. MINERA CARMEN BAJO,Cobre,ATACAMA,13.5
4,2,-32.614105224999975,-70.84973144549997,1,Cía. Minera Cerro Negro S.A.,Cobre,VALPARAÍSO,0.7
5,2,-25.815612792499962,-69.96014404299996,2,ANTOFAGASTA MINERALS S.A,Cobre,ANTOFAGASTA,8.9
6,2,-26.977355956999958,-69.98849487299995,2,NEW GOLDEN EXPLORATIONS CHILE SpA,Cobre,ATACAMA,0.2
7,19,-29.70109701884206,-70.86047170499997,3,Compañía Minera San Gerónimo,Cobre,COQUIMBO,21.6
8,2,-29.86828613299994,-70.91839599599996,1,Compañía Minera San Gerónimo,Cobre,COQUIMBO,1.4
9,2,-26.17874145549996,-68.79986572299995,2,ENAMI,Oro,ATACAMA,8.1
10,8,-29.116552467749955,-70.98269796487496,4,Compañía Minera del Pacífico S.A.,Hierro,ATACAMA,11.2
11,4,-29.82078552249996,-69.98283386249996,3,Compañía Minera Salitrales Limitada,Oro,COQUIMBO,11.3
12,9,-33.09194607199995,-70.23471408422218,1,CODELCO,Cobre,VALPARAÍSO,17.3
13,4,-32.546401977499954,-70.16510009749997,1,CODELCO,Cobre,VALPARAÍSO,8.3
14,4,-33.99925174024996,-70.98681216424995,3,Minera Florida Ltda.,Oro,REGIÓN METROPOLITANA,2.1
15,6,-30.69039916999996,-71.21063232449995,4,Diomedes Cruz Solarzano,Cobre,COQUIMBO,7.4
16,3,-21.091145832999945,-68.62353515599996,2,Rio Tinto,Cobre,TARAPACÁ,10.2
17,4,-24.65542602524995,-69.19117736824997,3,MINERA FREEPORT MCMORAN SOUTH AMERICA LTDA.,Cobre,ANTOFAGASTA,12.5
18,2,-20.05429077149995,-69.13040161149996,2,Teck Resources Chile Ltda.,Oro,TARAPACÁ,1.2
19,3,-25.597900781333276,-69.23995751966662,3,Anglo American Chile Inversiones S.A.,Cobre,ANTOFAGASTA,6.6
20,3,-21.59916178399995,-68.81203206399995,1,Anglo American Chile Inversiones S.A.,Cobre,ANTOFAGASTA,12.5
21,4,-21.79565429699997,-68.84294128424996,3,Anglo American Chile Inversiones S.A.,Cobre,ANTOFAGASTA,13.2
22,4,-22.222564648499954,-69.37771594224998,4,Anglo American Chile Inversiones S.A.,Cobre,ANTOFAGASTA,11.7
23,3,-22.26184942699996,-69.12592389433331,2,CODELCO,Cobre,ANTOFAGASTA,5.4
24,2,-22.562047656499942,-69.08655991199996,1,CODELCO,Cobre,ANTOFAGASTA,3.4
25,2,-20.649566650499935,-68.90484619149996,1,MINERA FREEPORT MCMORAN SOUTH AMERICA LTDA.,Cobre,TARAPACÁ,2.0
26,2,-21.03805541999995,-69.09710693349996,1,MINERA FREEPORT MCMORAN SOUTH AMERICA LTDA.,Cobre,TARAPACÁ,8.0
27,5,-22.546533203199953,-69.26002197279996,3,MINERA FREEPORT MCMORAN SOUTH AMERICA LTDA.,Cobre,ANTOFAGASTA,11.1
28,3,-25.65347532566663,-69.45017050799997,3,FQM Exploration Chile S.A.,Cobre,ANTOFAGASTA,6.5
29,4,-53.301513671999956,-68.73976135274997,1,YPF Chile S.A.,Hidrocarburos,MAGALLANES,14.1
30,4,-53.19953918474995,-68.82318115224996,1,YPF Chile S.A.,Hidrocarburos,MAGALLANES,6.4
31,9,-27.361299748777736,-70.18250840944441,7,Compañía Minera Carmen Bajo,Cobre,ATACAMA,20.7
32,3,-27.037963867333303,-70.13208007799994,2,MINERA NITTETSU CHILE LIMITADA,Cobre,ATACAMA,8.1
33,3,-28.31695556633328,-70.83630371099997,2,Compañía Minera del Pacífico S.A.,Hierro,ATACAMA,16.1
34,2,-26.07229819349996,-69.26603789049994,2,ANTOFAGASTA MINERALS S.A,Cobre,ATACAMA,8.0
35,2,-27.704650878999956,-69.30554199199995,1,Norte Abierto SpA,Cobre,ATACAMA,8.6
36,4,-27.777648925749958,-69.38017272949996,1,Norte Abierto SpA,Oro,ATACAMA,1.8
37,2,-27.091857910499982,-69.94555664099997,2,MINERA FREEPORT MCMORAN SOUTH AMERICA LTDA.,Cobre,ATACAMA,9.7
38,3,-25.389923847333307,-68.97125808833329,3,Minera Mirasol Chile Limitada,Cobre,ATACAMA,1.5
39,2,-28.546691894499958,-70.34133911099994,2,Nueva Unión,Cobre,ATACAMA,1.0
40,2,-29.26095581049995,-71.08920288099995,1,Compañía Minera del Pacífico S.A.,Hierro,ATACAMA,2.0
41,4,-22.410522460749945,-69.29168701199997,3,QUANTUM PACIFIC EXPLORATION SPA,Cobre,ANTOFAGASTA,7.7
42,2,-21.06628417999997,-69.83984374999997,2,SQM S.A.,Cobre,TARAPACÁ,9.6
43,3,-21.946105956999947,-69.75140380866662,2,SQM S.A.,Cobre,ANTOFAGASTA,13.4
44,2,-22.14640502949996,-69.87059663099996,2,SQM S.A.,Cobre,ANTOFAGASTA,4.4
45,6,-23.47668635916663,-69.85517380066663,4,MINERA CAPRICORNIO Spa,Oro,ANTOFAGASTA,15.3
46,2,-18.46659228499996,-69.48045537099998,2,Rio Tinto,Cobre,ARICA Y PARINACOTA,2.7
47,4,-24.68936952349995,-69.71287871474996,3,GUANACO COMPAÑIA MINERA SPA,Oro,ANTOFAGASTA,11.7
48,3,-28.906331380333274,-71.09023030599997,1,COMPAÑIA MINERA CHIPANA S.A,Cobre,ATACAMA,1.0
49,2,-30.882995605499957,-71.25061035149997,1,Minera Altos de Punitaqui,Cobre,COQUIMBO,6.1
50,3,-22.927693684999934,-69.75992838533328,1,ANTOFAGASTA MINERALS S.A,Cobre,ANTOFAGASTA,9.4
51,3,-28.130757649666595,-70.23958333299998,3,FQM EXPLORATION CHILE S.A (EX MINERA INMET CHILE S.A.),Cobre,ATACAMA,3.2
52,2,-26.744537353499965,-70.04434204099996,2,SANTIAGO METALS PROYECTO CUATRO LTDA,Cobre,ATACAMA,6.6
53,2,-22.53146362299995,-68.41909790049996,2,Santiago Metals Proyecto Cinco Ltda.,Cobre,ANTOFAGASTA,3.9
54,3,-18.87587483699995,-70.23413085933329,3,MIEXSAM EDUARDO ALVAREZ E.I.R.L,Cobre,ARICA Y PARINACOTA,1.4
55,3,-23.4750265056666,-70.24209667966663,3,Next Minerals S.A.,Cobre,ANTOFAGASTA,6.4
56,2,-20.47073364299996,-69.99273681599996,1,SQM S.A.,Cobre,TARAPACÁ,6.2
57,3,-52.73229980466662,-69.32578531933329,1,ENAP,Hidrocarburos,MAGALLANES,1.8
58,2,-52.86694335949997,-68.98056030299998,1,ENAP,Hidrocarburos,MAGALLANES,5.6
59,2,-29.627976665999938,-71.26757948849996,2,EPG Partners S.A.,Cobre,COQUIMBO,6.2
60,4,-22.73579802949996,-69.42047980974995,3,ASTRA EXPLORATION CHILE SpA,Cobre,ANTOFAGASTA,9.6
61,2,-29.03793334949995,-70.83773803699998,2,Hudbay Chile SpA,Cobre,ATACAMA,9.6
62,2,-22.98919677699996,-69.23614501949996,1,MINERA FREEPORT MCMORAN SOUTH AMERICA LTDA.,Cobre,ANTOFAGASTA,0.0
63,2,-53.02316284199995,-68.85195922849996,1,ENAP,Hidrocarburos,MAGALLANES,5.2
64,3,-52.849507649666634,-68.74363199899996,1,ENAP,Hidrocarburos,MAGALLANES,3.8
65,2,-22.127960204999937,-68.76205444299995,1,CODELCO,Cobre,ANTOFAGASTA,8.2
66,2,-20.836944579999937,-69.85403442399996,1,SQM S.A.,Cobre,TARAPACÁ,1.5
67,6,-32.48644764883329,-71.03088111533329,5,KUPRO RESOURCES SPA,Cobre,VALPARAÍSO,16.7
68,2,-46.67489511699995,-71.76889125999998,2,Minera Equus Chile Ltda,Oro,REGIÓN AYSÉN,1.5
69,2,-25.134352294999957,-69.59510742199996,1,GUANACO COMPAÑIA MINERA SPA,Oro,ANTOFAGASTA,0.1
70,2,-26.882673843999953,-69.08512748049998,2,SIMCO SPA,Otro,ATACAMA,5.0
71,6,-22.538955483666637,-70.1592014648333,4,Compañia Mantos de la Luna S.A.,Cobre,ANTOFAGASTA,19.2
72,2,-26.88745117199997,-69.83819580099998,2,FQM EXPLORATION CHILE S.A (EX MINERA INMET CHILE S.A.),Cobre,ATACAMA,6.7
73,2,-24.299102782999938,-69.67019653349996,2,FQM EXPLORATION CHILE S.A (EX MINERA INMET CHILE S.A.),Cobre,ANTOFAGASTA,8.6
74,2,-32.41374418949994,-70.43086221299998,2,COMPAÑIA MINERA VIZCACHITAS HOLDING,Cobre,VALPARAÍSO,1.0
75,3,-26.40529378266662,-70.28169759099995,2,SOUTHERN COPPER CORPORATION AGENCIA CHILE,Cobre,ATACAMA,8.1
76,2,-27.68274176549994,-70.16837715049996,2,CIA. EXPLO. DE MINAS SAN ANDRES,Cobre,ATACAMA,2.8
77,3,-23.09771728499993,-68.7218831383333,3,Anglo American Chile Inversiones S.A.,Cobre,ANTOFAGASTA,1.0
78,7,-32.72473831799994,-70.98020228799996,4,SOCIEDAD MINERA 3H LIMITADA,Cobre,VALPARAÍSO,8.0
79,2,-29.44264984399996,-70.71357090799995,1,Cuprum Resources Chile SPA,Cobre,COQUIMBO,0.6
80,2,-23.024444579999965,-68.58538818349999,2,Santiago Metals Proyecto Uno Ltda,Cobre,ANTOFAGASTA,6.6
81,4,-25.639862060749948,-69.96200561524995,1,SQM S.A.,Cobre,ANTOFAGASTA,4.2
82,2,-25.360382079999937,-69.68280029299996,2,SQM S.A.,Cobre,ANTOFAGASTA,9.8
83,4,-28.663375619249948,-70.91639999774996,2,CIA. MRA. DEL PACIFICO S.A.,Hierro,ATACAMA,2.7
84,4,-29.82125854499995,-71.15789794924996,1,Compañía Minera San Gerónimo,Cobre,COQUIMBO,1.9
85,2,-24.273649999999947,-69.41769999999997,1,CODELCO,Cobre,ANTOFAGASTA,6.6
86,10,-22.247456171999954,-70.17475999999996,2,Compañia Mantos de la Luna S.A.,Cobre,ANTOFAGASTA,17.5
87,2,-46.542749999999955,-71.94854999999995,2,Minera Equus Chile SpA,Oro,REGIÓN AYSÉN,2.1
88,3,-27.226142058666614,-70.38456240499995,1,CIA. MRA. DEL PACIFICO S.A.,Hierro,ATACAMA,11.0
